workload,Nrh,prac-level,Benchmark_Types,ABO-Only,BAT-RFM,TPRAC-S
MIX0,256.0,1.0,HHHH (15),0.9999574275349861,,
MIX0,512.0,1.0,HHHH (15),1.000049575468927,0.9390640553457857,
MIX0,512.0,2.0,HHHH (15),0.9999544735985968,0.9390640553457857,
MIX0,512.0,4.0,HHHH (15),0.9997823276667467,0.9390640553457857,
MIX0,1024.0,1.0,HHHH (15),0.999996430627511,0.9896659160090724,
MIX0,2048.0,1.0,HHHH (15),1.0,0.9948224357296831,0.987956739072538
MIX0,4096.0,1.0,HHHH (15),1.0,0.9948224357296831,0.987956739072538
MIX1,256.0,1.0,HHHH (15),0.9981964850905283,,
MIX1,512.0,1.0,HHHH (15),0.9995779534630045,0.9387615569602513,
MIX1,512.0,2.0,HHHH (15),0.9996361157970438,0.9387615569602513,
MIX1,512.0,4.0,HHHH (15),0.9999375349890802,0.9387615569602513,
MIX1,1024.0,1.0,HHHH (15),0.9999701931765402,0.9876003650955648,
MIX1,2048.0,1.0,HHHH (15),1.0,0.9922330295817013,0.9885227299830592
MIX1,4096.0,1.0,HHHH (15),1.0,0.9922330295817013,0.9885227299830592
MIX10,256.0,1.0,HHHH (15),0.9999780807385836,,
MIX10,512.0,1.0,HHHH (15),0.9998432864355783,0.9417365936568715,
MIX10,512.0,2.0,HHHH (15),0.9998999734986759,0.9417365936568715,
MIX10,512.0,4.0,HHHH (15),0.9999549525483435,0.9417365936568715,
MIX10,1024.0,1.0,HHHH (15),1.000040034166811,0.9899205268065605,
MIX10,2048.0,1.0,HHHH (15),1.0,0.9957391592126353,0.9883867484001052
MIX10,4096.0,1.0,HHHH (15),1.0,0.9957391592126353,0.9883867484001052
MIX11,256.0,1.0,HHHH (15),0.9982962904321533,,
MIX11,512.0,1.0,HHHH (15),0.9996332668291635,,
MIX11,512.0,2.0,HHHH (15),0.9994003772118633,0.9268583911679149,
MIX11,512.0,4.0,HHHH (15),0.9995571168489923,0.9268583911679149,
MIX11,1024.0,1.0,HHHH (15),0.999704207288311,0.9850102244322486,
MIX11,2048.0,1.0,HHHH (15),0.9999794917128194,0.9911268538076012,0.9869525837964077
MIX11,4096.0,1.0,HHHH (15),1.0,0.9911268538076012,0.9869525837964077
MIX12,256.0,1.0,HHHH (15),0.9994119475956511,0.9154103176680639,
MIX12,512.0,1.0,HHHH (15),0.9999594156183234,0.9690351382802725,
MIX12,512.0,2.0,HHHH (15),1.0001192153011407,0.9690351382802725,0.9228219543325105
MIX12,512.0,4.0,HHHH (15),0.9998155160747432,0.9690351382802725,0.9228219543325105
MIX12,1024.0,1.0,HHHH (15),0.9999870344270992,0.9893587461116446,0.9803415439758627
MIX12,2048.0,1.0,HHHH (15),1.0,0.9969826004761569,0.9891006936623674
MIX12,4096.0,1.0,HHHH (15),1.0,0.9969826004761569,0.9891006936623674
MIX13,256.0,1.0,HHHH (15),0.9998154958543632,,
MIX13,512.0,1.0,HHHH (15),1.000003303862884,0.9388981048507347,
MIX13,512.0,2.0,HHHH (15),1.0000831530833725,0.9388981048507347,
MIX13,512.0,4.0,HHHH (15),1.0000916304032599,0.9388981048507347,
MIX13,1024.0,1.0,HHHH (15),0.9999944038533445,0.9884581401423113,
MIX13,2048.0,1.0,HHHH (15),1.0,0.9938272276427541,0.9873916632310998
MIX13,4096.0,1.0,HHHH (15),1.0,0.9938272276427541,0.9873916632310998
MIX14,256.0,1.0,HHHH (15),0.9999234553639774,,
MIX14,512.0,1.0,HHHH (15),1.0001963624416765,0.9414009205050496,
MIX14,512.0,2.0,HHHH (15),0.9999068280025871,0.9414009205050496,
MIX14,512.0,4.0,HHHH (15),0.9998766517284399,0.9414009205050496,
MIX14,1024.0,1.0,HHHH (15),0.99997788540122,0.9892567810606364,
MIX14,2048.0,1.0,HHHH (15),1.0,0.9957023115122285,0.9876645786729037
MIX14,4096.0,1.0,HHHH (15),1.0,0.9957023115122285,0.9876645786729037
MIX15,256.0,1.0,MMMM (15),1.0,0.9379414076971523,0.863344247279612
MIX15,512.0,1.0,MMMM (15),1.0,0.9771678391349758,0.9338750888490438
MIX15,512.0,2.0,MMMM (15),1.0,0.9771678391349758,0.9338750888490438
MIX15,512.0,4.0,MMMM (15),1.0,0.9771678391349758,0.9338750888490438
MIX15,1024.0,1.0,MMMM (15),1.0,0.9967033720128243,0.9839513193993992
MIX15,2048.0,1.0,MMMM (15),1.0,0.9983706547483047,0.9925513942761455
MIX15,4096.0,1.0,MMMM (15),1.0,0.9983706547483047,0.9925513942761455
MIX16,256.0,1.0,MMMM (15),1.0004095823066304,0.9149300474914178,
MIX16,512.0,1.0,MMMM (15),0.9999704837383585,0.9683335386700728,
MIX16,512.0,2.0,MMMM (15),1.0001513055205409,0.9683335386700728,0.9112744331139883
MIX16,512.0,4.0,MMMM (15),1.0001336507787963,0.9683335386700728,0.9112744331139883
MIX16,1024.0,1.0,MMMM (15),1.0000078666547587,0.9934845729414791,
MIX16,2048.0,1.0,MMMM (15),1.0,0.9970403406691536,0.9890071637145209
MIX16,4096.0,1.0,MMMM (15),1.0,0.9970403406691536,0.9890071637145209
MIX17,256.0,1.0,MMMM (15),1.0000443496694644,0.9246654864028419,
MIX17,512.0,1.0,MMMM (15),1.0,0.9721579058478845,
MIX17,512.0,2.0,MMMM (15),1.0,0.9721579058478845,0.9171745934466228
MIX17,512.0,4.0,MMMM (15),1.0,0.9721579058478845,0.9171745934466228
MIX17,1024.0,1.0,MMMM (15),1.0,0.9951567361021401,
MIX17,2048.0,1.0,MMMM (15),1.0,0.9976192480229138,0.9896970744854613
MIX17,4096.0,1.0,MMMM (15),1.0,0.9976192480229138,0.9896970744854613
MIX18,256.0,1.0,MMMM (15),0.9999603176721834,0.9327373129791702,0.8427799888531736
MIX18,512.0,1.0,MMMM (15),1.0,0.9761836507836039,0.9215939273072671
MIX18,512.0,2.0,MMMM (15),1.0,0.9761836507836039,0.9215939273072671
MIX18,512.0,4.0,MMMM (15),1.0,0.9761836507836039,0.9215939273072671
MIX18,1024.0,1.0,MMMM (15),1.0,0.9951513061195467,0.9802321073980864
MIX18,2048.0,1.0,MMMM (15),1.0,0.9985783630636318,0.990159825380027
MIX18,4096.0,1.0,MMMM (15),1.0,0.9985783630636318,0.990159825380027
MIX19,256.0,1.0,MMMM (15),1.000799626806945,0.9084569408015845,0.8137624588814922
MIX19,512.0,1.0,MMMM (15),1.0005121585211747,0.9713772790737175,0.9082934963321664
MIX19,512.0,2.0,MMMM (15),1.000322226193966,0.9713772790737175,0.9082934963321664
MIX19,512.0,4.0,MMMM (15),1.0001124546958724,0.9713772790737175,0.9082934963321664
MIX19,1024.0,1.0,MMMM (15),1.0,0.996855267629614,0.9818353363369697
MIX19,2048.0,1.0,MMMM (15),1.0,1.0029135872867436,0.9940255694409671
MIX19,4096.0,1.0,MMMM (15),1.0,1.0029135872867436,0.9940255694409671
MIX2,256.0,1.0,HHHH (15),0.999931284326005,0.887116932207272,
MIX2,512.0,1.0,HHHH (15),0.9996477832575764,0.9583221071552318,
MIX2,512.0,2.0,HHHH (15),0.9998066990779408,0.9583221071552318,0.9109786090093028
MIX2,512.0,4.0,HHHH (15),0.9998883391917984,0.9583221071552318,0.9109786090093028
MIX2,1024.0,1.0,HHHH (15),1.0001147506073695,0.9935589335979044,
MIX2,2048.0,1.0,HHHH (15),1.0,0.9972339670020789,0.9901384278102856
MIX2,4096.0,1.0,HHHH (15),1.0,0.9972339670020789,0.9901384278102856
MIX20,256.0,1.0,MMMM (15),0.9998286925144922,0.9104863657715208,
MIX20,512.0,1.0,MMMM (15),1.0,0.967198390087285,
MIX20,512.0,2.0,MMMM (15),1.0,0.967198390087285,0.9049213126232307
MIX20,512.0,4.0,MMMM (15),1.0,0.967198390087285,0.9049213126232307
MIX20,1024.0,1.0,MMMM (15),1.0,0.9936796249329084,0.9766033813090025
MIX20,2048.0,1.0,MMMM (15),1.0,0.9969670466553797,0.9881185182042326
MIX20,4096.0,1.0,MMMM (15),1.0,0.9969670466553797,0.9881185182042326
MIX21,256.0,1.0,MMMM (15),0.9999665977634454,0.9188506623418642,
MIX21,512.0,1.0,MMMM (15),1.000004679287963,0.9725162637235116,
MIX21,512.0,2.0,MMMM (15),1.000048155221538,0.9725162637235116,0.9137910872906769
MIX21,512.0,4.0,MMMM (15),1.0000453022836349,0.9725162637235116,0.9137910872906769
MIX21,1024.0,1.0,MMMM (15),1.0,0.9940370758699715,0.9770969810635209
MIX21,2048.0,1.0,MMMM (15),1.0,0.9963485983854534,0.9893827307204137
MIX21,4096.0,1.0,MMMM (15),1.0,0.9963485983854534,0.9893827307204137
MIX22,256.0,1.0,MMMM (15),1.0001524360967655,0.9307188014154745,0.8431114436594512
MIX22,512.0,1.0,MMMM (15),1.0003972830620866,0.972328478573756,0.9175955317567255
MIX22,512.0,2.0,MMMM (15),1.0001372622996898,0.972328478573756,0.9175955317567255
MIX22,512.0,4.0,MMMM (15),1.000163780588435,0.972328478573756,0.9175955317567255
MIX22,1024.0,1.0,MMMM (15),0.999956777991349,0.9946254844904487,0.9791927497364675
MIX22,2048.0,1.0,MMMM (15),1.0,0.9976416467333931,0.9894143941830651
MIX22,4096.0,1.0,MMMM (15),1.0,0.9976416467333931,0.9894143941830651
MIX23,256.0,1.0,MMMM (15),1.0,0.922359303500717,0.820655434605109
MIX23,512.0,1.0,MMMM (15),1.0,0.9732083248043674,0.9101767840921468
MIX23,512.0,2.0,MMMM (15),1.0,0.9732083248043674,0.9101767840921468
MIX23,512.0,4.0,MMMM (15),1.0,0.9732083248043674,0.9101767840921468
MIX23,1024.0,1.0,MMMM (15),1.0,0.9957320827157303,0.9783231340189666
MIX23,2048.0,1.0,MMMM (15),1.0,0.9987558792650092,0.9908445291040416
MIX23,4096.0,1.0,MMMM (15),1.0,0.9987558792650092,0.9908445291040416
MIX24,256.0,1.0,MMMM (15),1.0001104604441267,0.9251816520495546,0.8384879699557576
MIX24,512.0,1.0,MMMM (15),1.0000241487038506,0.9758261065214034,0.9175599200038159
MIX24,512.0,2.0,MMMM (15),1.000028134537423,0.9758261065214034,0.9175599200038159
MIX24,512.0,4.0,MMMM (15),1.0000265804490647,0.9758261065214034,0.9175599200038159
MIX24,1024.0,1.0,MMMM (15),1.0,0.9985609501786994,0.9823070518809983
MIX24,2048.0,1.0,MMMM (15),1.0,0.998894986410031,0.9907031651669235
MIX24,4096.0,1.0,MMMM (15),1.0,0.998894986410031,0.9907031651669235
MIX25,256.0,1.0,MMMM (15),1.0000096246997234,0.929493870064501,
MIX25,512.0,1.0,MMMM (15),1.0,0.9743426757556222,
MIX25,512.0,2.0,MMMM (15),1.0,0.9743426757556222,0.9212828310504997
MIX25,512.0,4.0,MMMM (15),1.0,0.9743426757556222,0.9212828310504997
MIX25,1024.0,1.0,MMMM (15),1.0,0.9955182816961231,0.979554285279239
MIX25,2048.0,1.0,MMMM (15),1.0,0.9983879299423244,0.9898264347591196
MIX25,4096.0,1.0,MMMM (15),1.0,0.9983879299423244,0.9898264347591196
MIX26,256.0,1.0,MMMM (15),0.9999089456561454,0.9187724900909265,0.8237101659057798
MIX26,512.0,1.0,MMMM (15),1.0,0.9713761445188576,0.9106996629301696
MIX26,512.0,2.0,MMMM (15),1.0,0.9713761445188576,0.9106996629301696
MIX26,512.0,4.0,MMMM (15),1.0,0.9713761445188576,0.9106996629301696
MIX26,1024.0,1.0,MMMM (15),1.0,0.9955197274386889,0.9771298503486368
MIX26,2048.0,1.0,MMMM (15),1.0,0.9981969438559077,0.9889107481203087
MIX26,4096.0,1.0,MMMM (15),1.0,0.9981969438559077,0.9889107481203087
MIX27,256.0,1.0,MMMM (15),0.9993070016308524,0.9076990542468707,0.8249485549561336
MIX27,512.0,1.0,MMMM (15),1.0000986190481223,0.9632109977062797,0.9099202845461929
MIX27,512.0,2.0,MMMM (15),1.0000698931298513,0.9632109977062797,0.9099202845461929
MIX27,512.0,4.0,MMMM (15),0.9995187274492369,0.9632109977062797,0.9099202845461929
MIX27,1024.0,1.0,MMMM (15),1.0,0.9944052186351838,0.9766642129414081
MIX27,2048.0,1.0,MMMM (15),1.0,0.9982519123650281,0.9845524464433101
MIX27,4096.0,1.0,MMMM (15),1.0,0.9982519123650281,0.9845524464433101
MIX28,256.0,1.0,MMMM (15),0.9999485659385536,0.9225801094591093,
MIX28,512.0,1.0,MMMM (15),0.9999857704909584,0.971045373070492,
MIX28,512.0,2.0,MMMM (15),1.0000167047576178,0.971045373070492,0.9202596092315845
MIX28,512.0,4.0,MMMM (15),1.0000030120458545,0.971045373070492,0.9202596092315845
MIX28,1024.0,1.0,MMMM (15),1.0,0.994351242019627,0.9803301046539815
MIX28,2048.0,1.0,MMMM (15),1.0,0.9968408722123179,0.989951794928191
MIX28,4096.0,1.0,MMMM (15),1.0,0.9968408722123179,0.989951794928191
MIX29,256.0,1.0,MMMM (15),1.0,0.9156470596713399,0.831583775944494
MIX29,512.0,1.0,MMMM (15),1.0,0.9680233025221499,0.9165796247039015
MIX29,512.0,2.0,MMMM (15),1.0,0.9680233025221499,0.9165796247039015
MIX29,512.0,4.0,MMMM (15),1.0,0.9680233025221499,0.9165796247039015
MIX29,1024.0,1.0,MMMM (15),1.0,0.9937619805043757,0.9789442325295215
MIX29,2048.0,1.0,MMMM (15),1.0,0.9978139043222702,0.989346805202124
MIX29,4096.0,1.0,MMMM (15),1.0,0.9978139043222702,0.989346805202124
MIX3,256.0,1.0,HHHH (15),0.9989733042447329,,
MIX3,512.0,1.0,HHHH (15),0.9996123695025301,0.937206109158079,
MIX3,512.0,2.0,HHHH (15),0.9997771079388283,0.937206109158079,
MIX3,512.0,4.0,HHHH (15),0.9996086750134408,0.937206109158079,
MIX3,1024.0,1.0,HHHH (15),0.9999483826275672,0.9878641344833352,
MIX3,2048.0,1.0,HHHH (15),1.0,0.9948262412433134,0.9879095587537235
MIX3,4096.0,1.0,HHHH (15),1.0,0.9948262412433134,0.9879095587537235
MIX30,256.0,1.0,LLLL (15),1.0,0.9969400847416127,0.9527850515057148
MIX30,512.0,1.0,LLLL (15),1.0,0.9990433249853413,0.9776344424407638
MIX30,512.0,2.0,LLLL (15),1.0,0.9990433249853413,0.9776344424407638
MIX30,512.0,4.0,LLLL (15),1.0,0.9990433249853413,0.9776344424407638
MIX30,1024.0,1.0,LLLL (15),1.0,0.9997694433296789,0.9940824395166723
MIX30,2048.0,1.0,LLLL (15),1.0,0.9998999773612299,0.9968874436098664
MIX30,4096.0,1.0,LLLL (15),1.0,0.9998999773612299,0.9968874436098664
MIX31,256.0,1.0,LLLL (15),1.0,0.9961016180488826,0.9511390823334178
MIX31,512.0,1.0,LLLL (15),1.0,1.0000540565083855,0.9761306366236664
MIX31,512.0,2.0,LLLL (15),1.0,1.0000540565083855,0.9761306366236664
MIX31,512.0,4.0,LLLL (15),1.0,1.0000540565083855,0.9761306366236664
MIX31,1024.0,1.0,LLLL (15),1.0,1.0005001208183777,0.9958869094603576
MIX31,2048.0,1.0,LLLL (15),1.0,0.9999277652000609,0.9985603012804346
MIX31,4096.0,1.0,LLLL (15),1.0,0.9999277652000609,0.9985603012804346
MIX32,256.0,1.0,LLLL (15),1.0,0.994120737361563,0.9495473900306085
MIX32,512.0,1.0,LLLL (15),1.0,0.998272167144401,0.9735785386839797
MIX32,512.0,2.0,LLLL (15),1.0,0.998272167144401,0.9735785386839797
MIX32,512.0,4.0,LLLL (15),1.0,0.998272167144401,0.9735785386839797
MIX32,1024.0,1.0,LLLL (15),1.0,0.9999324269630627,0.9934991911901543
MIX32,2048.0,1.0,LLLL (15),1.0,1.0002839387450333,0.9969179083076467
MIX32,4096.0,1.0,LLLL (15),1.0,1.0002839387450333,0.9969179083076467
MIX33,256.0,1.0,LLLL (15),1.0,0.994513791819953,0.9329715624577771
MIX33,512.0,1.0,LLLL (15),1.0,0.9981225215015832,0.9679525851055975
MIX33,512.0,2.0,LLLL (15),1.0,0.9981225215015832,0.9679525851055975
MIX33,512.0,4.0,LLLL (15),1.0,0.9981225215015832,0.9679525851055975
MIX33,1024.0,1.0,LLLL (15),1.0,1.0000537845175048,0.9926265468736308
MIX33,2048.0,1.0,LLLL (15),1.0,1.0002152956717814,0.9964686176050067
MIX33,4096.0,1.0,LLLL (15),1.0,1.0002152956717814,0.9964686176050067
MIX34,256.0,1.0,LLLL (15),1.0,0.9904327039684834,0.93102584237905
MIX34,512.0,1.0,LLLL (15),1.0,0.99661051230549,0.9625804001279075
MIX34,512.0,2.0,LLLL (15),1.0,0.99661051230549,0.9625804001279075
MIX34,512.0,4.0,LLLL (15),1.0,0.99661051230549,0.9625804001279075
MIX34,1024.0,1.0,LLLL (15),1.0,0.9992866321396238,0.9907170268786974
MIX34,2048.0,1.0,LLLL (15),1.0,0.9995353970394127,0.9948467805149707
MIX34,4096.0,1.0,LLLL (15),1.0,0.9995353970394127,0.9948467805149707
MIX35,256.0,1.0,LLLL (15),1.0,0.9969801695277106,0.9504204470580662
MIX35,512.0,1.0,LLLL (15),1.0,0.9979636828721342,0.9746545613794628
MIX35,512.0,2.0,LLLL (15),1.0,0.9979636828721342,0.9746545613794628
MIX35,512.0,4.0,LLLL (15),1.0,0.9979636828721342,0.9746545613794628
MIX35,1024.0,1.0,LLLL (15),1.0,1.0000444186141788,0.994225628418339
MIX35,2048.0,1.0,LLLL (15),1.0,0.9999685941509332,0.9964795189981155
MIX35,4096.0,1.0,LLLL (15),1.0,0.9999685941509332,0.9964795189981155
MIX36,256.0,1.0,LLLL (15),1.0,0.9986807107131973,0.9674920886764579
MIX36,512.0,1.0,LLLL (15),1.0,0.9994845125831567,0.9842926914024173
MIX36,512.0,2.0,LLLL (15),1.0,0.9994845125831567,0.9842926914024173
MIX36,512.0,4.0,LLLL (15),1.0,0.9994845125831567,0.9842926914024173
MIX36,1024.0,1.0,LLLL (15),1.0,1.0004790444923066,0.9968230654103488
MIX36,2048.0,1.0,LLLL (15),1.0,1.0004508828038452,0.9985426081425758
MIX36,4096.0,1.0,LLLL (15),1.0,1.0004508828038452,0.9985426081425758
MIX37,256.0,1.0,LLLL (15),1.0,0.9959476965849807,0.945215378322736
MIX37,512.0,1.0,LLLL (15),1.0,0.9987643574818663,0.9736259512486758
MIX37,512.0,2.0,LLLL (15),1.0,0.9987643574818663,0.9736259512486758
MIX37,512.0,4.0,LLLL (15),1.0,0.9987643574818663,0.9736259512486758
MIX37,1024.0,1.0,LLLL (15),1.0,0.9997059705929942,0.9941398829402758
MIX37,2048.0,1.0,LLLL (15),1.0,0.9998711015837668,0.9968204273627446
MIX37,4096.0,1.0,LLLL (15),1.0,0.9998711015837668,0.9968204273627446
MIX38,256.0,1.0,LLLL (15),1.0,0.9897921240046619,0.911908557223615
MIX38,512.0,1.0,LLLL (15),1.0,0.9970448024677593,0.9542059531668863
MIX38,512.0,2.0,LLLL (15),1.0,0.9970448024677593,0.9542059531668863
MIX38,512.0,4.0,LLLL (15),1.0,0.9970448024677593,0.9542059531668863
MIX38,1024.0,1.0,LLLL (15),1.0,0.9995093382775714,0.9887406437301256
MIX38,2048.0,1.0,LLLL (15),1.0,1.0001371330266076,0.99460869367334
MIX38,4096.0,1.0,LLLL (15),1.0,1.0001371330266076,0.99460869367334
MIX39,256.0,1.0,LLLL (15),1.0,0.9947724459661202,0.9384867834995249
MIX39,512.0,1.0,LLLL (15),1.0,0.9981486693682288,0.9704862029112722
MIX39,512.0,2.0,LLLL (15),1.0,0.9981486693682288,0.9704862029112722
MIX39,512.0,4.0,LLLL (15),1.0,0.9981486693682288,0.9704862029112722
MIX39,1024.0,1.0,LLLL (15),1.0,1.0002968786703523,0.9935208727441656
MIX39,2048.0,1.0,LLLL (15),1.0,1.0000105584832693,0.9968122031476007
MIX39,4096.0,1.0,LLLL (15),1.0,1.0000105584832693,0.9968122031476007
MIX4,256.0,1.0,HHHH (15),0.9990883164777392,0.8614443791280116,
MIX4,512.0,1.0,HHHH (15),0.9996884147882642,0.9446897565008338,
MIX4,512.0,2.0,HHHH (15),0.9995836365174244,0.9446897565008338,0.907390182256407
MIX4,512.0,4.0,HHHH (15),1.0000733736842728,0.9446897565008338,0.907390182256407
MIX4,1024.0,1.0,HHHH (15),0.9999956097940403,0.9926990318103537,
MIX4,2048.0,1.0,HHHH (15),1.0,0.9958755712260368,0.9914825615516072
MIX4,4096.0,1.0,HHHH (15),1.0,0.9958755712260368,0.9914825615516072
MIX40,256.0,1.0,LLLL (15),1.0,0.9906643403260429,0.9041656547003244
MIX40,512.0,1.0,LLLL (15),1.0,0.9988355440884242,0.9486889237416184
MIX40,512.0,2.0,LLLL (15),1.0,0.9988355440884242,0.9486889237416184
MIX40,512.0,4.0,LLLL (15),1.0,0.9988355440884242,0.9486889237416184
MIX40,1024.0,1.0,LLLL (15),1.0,0.9994730617558243,0.988501463907447
MIX40,2048.0,1.0,LLLL (15),1.0,0.9996117049932417,0.9949349207520205
MIX40,4096.0,1.0,LLLL (15),1.0,0.9996117049932417,0.9949349207520205
MIX41,256.0,1.0,LLLL (15),1.0000196089352296,1.0021704880957738,0.944651421759832
MIX41,512.0,1.0,LLLL (15),1.0,1.0050493040970772,0.9732238738334472
MIX41,512.0,2.0,LLLL (15),1.0,1.0050493040970772,0.9732238738334472
MIX41,512.0,4.0,LLLL (15),1.0,1.0050493040970772,0.9732238738334472
MIX41,1024.0,1.0,LLLL (15),1.0,1.006204436110963,0.9983675289583296
MIX41,2048.0,1.0,LLLL (15),1.0,1.0009072365612444,1.0017243891581695
MIX41,4096.0,1.0,LLLL (15),1.0,1.0009072365612444,1.0017243891581695
MIX42,256.0,1.0,LLLL (15),1.0,0.9933881193391795,0.9272216568988841
MIX42,512.0,1.0,LLLL (15),1.0,0.9967654558383113,0.9639164950363133
MIX42,512.0,2.0,LLLL (15),1.0,0.9967654558383113,0.9639164950363133
MIX42,512.0,4.0,LLLL (15),1.0,0.9967654558383113,0.9639164950363133
MIX42,1024.0,1.0,LLLL (15),1.0,0.9992866786525578,0.991564344287908
MIX42,2048.0,1.0,LLLL (15),1.0,1.0005976690000629,0.995634135341447
MIX42,4096.0,1.0,LLLL (15),1.0,1.0005976690000629,0.995634135341447
MIX43,256.0,1.0,LLLL (15),1.0,0.9993832461550423,0.9818218558429267
MIX43,512.0,1.0,LLLL (15),1.0,0.9999901995317617,0.9914195869561483
MIX43,512.0,2.0,LLLL (15),1.0,0.9999901995317617,0.9914195869561483
MIX43,512.0,4.0,LLLL (15),1.0,0.9999901995317617,0.9914195869561483
MIX43,1024.0,1.0,LLLL (15),1.0,0.9999693300636124,0.9976825979346856
MIX43,2048.0,1.0,LLLL (15),1.0,1.0,0.998932732293679
MIX43,4096.0,1.0,LLLL (15),1.0,1.0,0.998932732293679
MIX44,256.0,1.0,LLLL (15),1.0,0.9965012869424124,0.9210096605130966
MIX44,512.0,1.0,LLLL (15),1.0,0.9989352950192957,0.9698270717039621
MIX44,512.0,2.0,LLLL (15),1.0,0.9989352950192957,0.9698270717039621
MIX44,512.0,4.0,LLLL (15),1.0,0.9989352950192957,0.9698270717039621
MIX44,1024.0,1.0,LLLL (15),1.0,1.0000904444867575,0.992386340375791
MIX44,2048.0,1.0,LLLL (15),1.0,0.9997188013584694,0.9958777390970388
MIX44,4096.0,1.0,LLLL (15),1.0,0.9997188013584694,0.9958777390970388
MIX45,256.0,1.0,HHMM (15),0.9991129951526327,,
MIX45,512.0,1.0,HHMM (15),0.9997648933624229,0.9450135915618723,
MIX45,512.0,2.0,HHMM (15),0.999619117027582,0.9450135915618723,
MIX45,512.0,4.0,HHMM (15),1.0000448907043533,0.9450135915618723,
MIX45,1024.0,1.0,HHMM (15),1.0000076685505692,0.9892809337476945,
MIX45,2048.0,1.0,HHMM (15),1.0,0.9950913481179761,0.9878037457917187
MIX45,4096.0,1.0,HHMM (15),1.0,0.9950913481179761,0.9878037457917187
MIX46,256.0,1.0,HHMM (15),0.9995465133304859,0.9222885140848371,
MIX46,512.0,1.0,HHMM (15),0.9998949413288287,0.9642577441905326,
MIX46,512.0,2.0,HHMM (15),0.9999132690639525,0.9642577441905326,
MIX46,512.0,4.0,HHMM (15),0.9998668715106547,0.9642577441905326,
MIX46,1024.0,1.0,HHMM (15),1.0,0.992202642891746,
MIX46,2048.0,1.0,HHMM (15),1.0,0.9982541319813415,0.9905533507087585
MIX46,4096.0,1.0,HHMM (15),1.0,0.9982541319813415,0.9905533507087585
MIX47,256.0,1.0,HHMM (15),0.9997089834132447,0.8814063983720385,
MIX47,512.0,1.0,HHMM (15),1.000049073817753,0.954724708488779,
MIX47,512.0,2.0,HHMM (15),1.0003495874583404,0.954724708488779,0.9080721511252182
MIX47,512.0,4.0,HHMM (15),1.000083431874837,0.954724708488779,0.9080721511252182
MIX47,1024.0,1.0,HHMM (15),0.9999611377074107,0.9961366330444424,
MIX47,2048.0,1.0,HHMM (15),1.0,0.9972449975532199,0.9908589072426022
MIX47,4096.0,1.0,HHMM (15),1.0,0.9972449975532199,0.9908589072426022
MIX48,256.0,1.0,HHMM (15),0.9990776615604813,0.877314359055486,
MIX48,512.0,1.0,HHMM (15),0.9999006314363674,0.9494409600189188,
MIX48,512.0,2.0,HHMM (15),0.9999036758885446,0.9494409600189188,
MIX48,512.0,4.0,HHMM (15),0.9997175313703219,0.9494409600189188,
MIX48,1024.0,1.0,HHMM (15),0.99998743397667,0.9901314914091766,
MIX48,2048.0,1.0,HHMM (15),1.0,0.9949996772929908,0.9890755070249413
MIX48,4096.0,1.0,HHMM (15),1.0,0.9949996772929908,0.9890755070249413
MIX49,256.0,1.0,HHMM (15),1.0000088699532645,,
MIX49,512.0,1.0,HHMM (15),0.9999619149063742,0.9481081718407915,
MIX49,512.0,2.0,HHMM (15),0.9998537096114338,0.9481081718407915,
MIX49,512.0,4.0,HHMM (15),0.9997991961609763,0.9481081718407915,
MIX49,1024.0,1.0,HHMM (15),1.0,0.9911117901413354,
MIX49,2048.0,1.0,HHMM (15),1.0,0.9960140494133509,0.9889265304511635
MIX49,4096.0,1.0,HHMM (15),1.0,0.9960140494133509,0.9889265304511635
MIX5,256.0,1.0,HHHH (15),0.9996288345767478,,
MIX5,512.0,1.0,HHHH (15),1.0000370032699997,0.9518231260048596,
MIX5,512.0,2.0,HHHH (15),1.0000119796311953,0.9518231260048596,
MIX5,512.0,4.0,HHHH (15),0.9999953302381216,0.9518231260048596,
MIX5,1024.0,1.0,HHHH (15),1.0000423347568046,0.9914848878744841,
MIX5,2048.0,1.0,HHHH (15),1.0,0.9956206212721195,0.9890486815938695
MIX5,4096.0,1.0,HHHH (15),1.0,0.9956206212721195,0.9890486815938695
MIX50,256.0,1.0,HHMM (15),0.999673761617809,0.9069901545101129,
MIX50,512.0,1.0,HHMM (15),0.999869405426824,0.967883577203878,
MIX50,512.0,2.0,HHMM (15),1.0000021168795177,0.967883577203878,0.9174497662719527
MIX50,512.0,4.0,HHMM (15),0.9998527302425233,0.967883577203878,0.9174497662719527
MIX50,1024.0,1.0,HHMM (15),1.0,0.9952065976962167,
MIX50,2048.0,1.0,HHMM (15),1.0,0.9985995752816235,0.9911864215201452
MIX50,4096.0,1.0,HHMM (15),1.0,0.9985995752816235,0.9911864215201452
MIX51,256.0,1.0,HHMM (15),1.0000453214529577,,
MIX51,512.0,1.0,HHMM (15),0.9998969194058347,0.9508013863603283,
MIX51,512.0,2.0,HHMM (15),1.000022133385396,0.9508013863603283,
MIX51,512.0,4.0,HHMM (15),1.0000810929709516,0.9508013863603283,
MIX51,1024.0,1.0,HHMM (15),0.9998787604943568,0.9916726085028416,
MIX51,2048.0,1.0,HHMM (15),1.0,0.9959348031663643,0.9880302223914734
MIX51,4096.0,1.0,HHMM (15),1.0,0.9959348031663643,0.9880302223914734
MIX52,256.0,1.0,HHMM (15),0.9989503782524932,0.8730309040322115,
MIX52,512.0,1.0,HHMM (15),0.9996746435933584,0.9491104609627077,
MIX52,512.0,2.0,HHMM (15),0.9994564470210472,0.9491104609627077,
MIX52,512.0,4.0,HHMM (15),0.9998581070811621,0.9491104609627077,
MIX52,1024.0,1.0,HHMM (15),0.999914780212369,0.989196366730321,
MIX52,2048.0,1.0,HHMM (15),1.000023520073186,0.9958604854417601,0.9876402388210929
MIX52,4096.0,1.0,HHMM (15),1.0,0.9958604854417601,0.9876402388210929
MIX53,256.0,1.0,HHMM (15),0.9998003546018717,0.9165264442274507,
MIX53,512.0,1.0,HHMM (15),0.9998558617440663,0.9675528262229897,
MIX53,512.0,2.0,HHMM (15),0.9997741807184676,0.9675528262229897,0.9149266183298197
MIX53,512.0,4.0,HHMM (15),0.999962113013822,0.9675528262229897,0.9149266183298197
MIX53,1024.0,1.0,HHMM (15),1.0,0.9958613836532562,0.9768117255440468
MIX53,2048.0,1.0,HHMM (15),1.0,0.9919590517815844,0.9940737345164881
MIX53,4096.0,1.0,HHMM (15),1.0,0.9919590517815844,0.9940737345164881
MIX54,256.0,1.0,HHMM (15),1.0003864673309104,0.8966020203528785,
MIX54,512.0,1.0,HHMM (15),1.0000347673777743,0.9633021157274069,
MIX54,512.0,2.0,HHMM (15),1.0000924647878298,0.9633021157274069,0.9117565859902113
MIX54,512.0,4.0,HHMM (15),1.0000214904255698,0.9633021157274069,0.9117565859902113
MIX54,1024.0,1.0,HHMM (15),1.0,0.9936028504974819,0.9782450585766771
MIX54,2048.0,1.0,HHMM (15),1.0,0.9986429136900523,0.990372794536226
MIX54,4096.0,1.0,HHMM (15),1.0,0.9986429136900523,0.990372794536226
MIX55,256.0,1.0,HHMM (15),0.9996151037216832,0.8716444037891705,
MIX55,512.0,1.0,HHMM (15),0.9997028586873936,0.9544918436669451,
MIX55,512.0,2.0,HHMM (15),0.9997925322547362,0.9544918436669451,0.8995227750506111
MIX55,512.0,4.0,HHMM (15),0.9999709240269348,0.9544918436669451,0.8995227750506111
MIX55,1024.0,1.0,HHMM (15),0.9999111204122051,0.9921573582538554,
MIX55,2048.0,1.0,HHMM (15),1.0,0.9945658788460234,0.9834259557691828
MIX55,4096.0,1.0,HHMM (15),1.0,0.9945658788460234,0.9834259557691828
MIX56,256.0,1.0,HHMM (15),1.000100374582616,,
MIX56,512.0,1.0,HHMM (15),1.0000673234617892,0.9638998068401412,
MIX56,512.0,2.0,HHMM (15),1.0001740627822648,0.9638998068401412,
MIX56,512.0,4.0,HHMM (15),1.000072887318371,0.9638998068401412,
MIX56,1024.0,1.0,HHMM (15),1.000065590513274,0.993735222489565,
MIX56,2048.0,1.0,HHMM (15),1.0,0.9973216428774079,0.9904612079695135
MIX56,4096.0,1.0,HHMM (15),1.0,0.9973216428774079,0.9904612079695135
MIX57,256.0,1.0,HHMM (15),1.0000515408511315,,
MIX57,512.0,1.0,HHMM (15),1.000101108329331,0.9552012882425001,
MIX57,512.0,2.0,HHMM (15),1.0000227634268084,0.9552012882425001,
MIX57,512.0,4.0,HHMM (15),1.0001103456977685,0.9552012882425001,
MIX57,1024.0,1.0,HHMM (15),1.0,0.9919534187962419,
MIX57,2048.0,1.0,HHMM (15),1.0,0.9968561808810807,0.9884267585820075
MIX57,4096.0,1.0,HHMM (15),1.0,0.9968561808810807,0.9884267585820075
MIX58,256.0,1.0,HHMM (15),0.9989729927033565,,
MIX58,512.0,1.0,HHMM (15),0.9996192289613287,0.9434558230799955,
MIX58,512.0,2.0,HHMM (15),0.9999822111941423,0.9434558230799955,
MIX58,512.0,4.0,HHMM (15),0.9997292588025276,0.9434558230799955,
MIX58,1024.0,1.0,HHMM (15),0.9999508807675549,0.9882449357458667,
MIX58,2048.0,1.0,HHMM (15),0.9999931065941697,0.9950766278960795,0.9876003888508158
MIX58,4096.0,1.0,HHMM (15),1.0,0.9950766278960795,0.9876003888508158
MIX59,256.0,1.0,HHMM (15),0.9997433691552295,0.8719783625543605,
MIX59,512.0,1.0,HHMM (15),1.000166288174942,0.9538929842252052,
MIX59,512.0,2.0,HHMM (15),1.0001280684384375,0.9538929842252052,0.9095488831300128
MIX59,512.0,4.0,HHMM (15),1.0001754615321576,0.9538929842252052,0.9095488831300128
MIX59,1024.0,1.0,HHMM (15),1.0,0.9905309681713141,
MIX59,2048.0,1.0,HHMM (15),1.0,0.9959382383409703,0.9877128711551081
MIX59,4096.0,1.0,HHMM (15),1.0,0.9959382383409703,0.9877128711551081
MIX6,256.0,1.0,HHHH (15),0.9997841046310237,,
MIX6,512.0,1.0,HHHH (15),1.0000687520364815,0.9466185483466678,
MIX6,512.0,2.0,HHHH (15),0.9998442802235059,0.9466185483466678,
MIX6,512.0,4.0,HHHH (15),0.9997693921670082,0.9466185483466678,
MIX6,1024.0,1.0,HHHH (15),1.0000244410881383,0.9887701063398726,
MIX6,2048.0,1.0,HHHH (15),1.0,0.9933154945919908,0.9881539479002065
MIX6,4096.0,1.0,HHHH (15),1.0,0.9933154945919908,0.9881539479002065
MIX60,256.0,1.0,HHLL (15),0.9999214360031097,0.9360723344765816,0.8772663613451145
MIX60,512.0,1.0,HHLL (15),0.9999909398292136,0.9774335973373659,0.9366235049568934
MIX60,512.0,2.0,HHLL (15),1.0001450248839685,0.9774335973373659,0.9366235049568934
MIX60,512.0,4.0,HHLL (15),1.0000951597210677,0.9774335973373659,0.9366235049568934
MIX60,1024.0,1.0,HHLL (15),1.0,0.9962221765607312,0.9810810960191111
MIX60,2048.0,1.0,HHLL (15),1.0,0.9963786122828528,0.989931183912015
MIX60,4096.0,1.0,HHLL (15),1.0,0.9963786122828528,0.989931183912015
MIX61,256.0,1.0,HHLL (15),1.0000839886229032,0.9288109520576461,
MIX61,512.0,1.0,HHLL (15),1.000013110522285,0.9761098298943024,
MIX61,512.0,2.0,HHLL (15),1.0000237769296736,0.9761098298943024,
MIX61,512.0,4.0,HHLL (15),1.0000065277262284,0.9761098298943024,
MIX61,1024.0,1.0,HHLL (15),1.0,0.9945948431653826,
MIX61,2048.0,1.0,HHLL (15),1.0,0.9976860249925628,0.9921298163476585
MIX61,4096.0,1.0,HHLL (15),1.0,0.9976860249925628,0.9921298163476585
MIX62,256.0,1.0,HHLL (15),0.9999770747994343,0.9197255324763389,
MIX62,512.0,1.0,HHLL (15),0.9999857983156529,0.9727707298397351,
MIX62,512.0,2.0,HHLL (15),1.0000014146765077,0.9727707298397351,0.9309333736172944
MIX62,512.0,4.0,HHLL (15),0.9999777753553396,0.9727707298397351,0.9309333736172944
MIX62,1024.0,1.0,HHLL (15),1.0,0.9954486421524044,
MIX62,2048.0,1.0,HHLL (15),1.0,0.9978129714308938,0.9913899542235736
MIX62,4096.0,1.0,HHLL (15),1.0,0.9978129714308938,0.9913899542235736
MIX63,256.0,1.0,HHLL (15),0.9997653194932079,0.941618851423845,
MIX63,512.0,1.0,HHLL (15),0.999971495915873,0.9795658555186926,
MIX63,512.0,2.0,HHLL (15),0.9999485038557521,0.9795658555186926,0.9458524619510688
MIX63,512.0,4.0,HHLL (15),1.0000478028425592,0.9795658555186926,0.9458524619510688
MIX63,1024.0,1.0,HHLL (15),1.000004740771278,0.9965425344238761,
MIX63,2048.0,1.0,HHLL (15),1.0,0.9986185189520376,0.9938619061827021
MIX63,4096.0,1.0,HHLL (15),1.0,0.9986185189520376,0.9938619061827021
MIX64,256.0,1.0,HHLL (15),1.000086204288086,0.9595087887015645,
MIX64,512.0,1.0,HHLL (15),0.9999752118739123,0.9829402583176253,
MIX64,512.0,2.0,HHLL (15),1.0000225357917687,0.9829402583176253,0.9435749448857325
MIX64,512.0,4.0,HHLL (15),0.999995245126681,0.9829402583176253,0.9435749448857325
MIX64,1024.0,1.0,HHLL (15),1.0,0.9956419331125358,0.9828346207483345
MIX64,2048.0,1.0,HHLL (15),1.0,0.9956288686474429,0.9897794014178357
MIX64,4096.0,1.0,HHLL (15),1.0,0.9956288686474429,0.9897794014178357
MIX65,256.0,1.0,HHLL (15),1.000161772931254,0.9323576475372176,
MIX65,512.0,1.0,HHLL (15),1.0000763271368132,0.9759984071051317,
MIX65,512.0,2.0,HHLL (15),1.0000586978115231,0.9759984071051317,0.9373091474961502
MIX65,512.0,4.0,HHLL (15),1.0000436637632406,0.9759984071051317,0.9373091474961502
MIX65,1024.0,1.0,HHLL (15),1.0,0.9949794584453486,
MIX65,2048.0,1.0,HHLL (15),1.0,0.9989159215134307,0.9913155054101136
MIX65,4096.0,1.0,HHLL (15),1.0,0.9989159215134307,0.9913155054101136
MIX66,256.0,1.0,HHLL (15),1.0000034362415458,0.9164489510866244,
MIX66,512.0,1.0,HHLL (15),1.000041606290664,0.9713344579434547,
MIX66,512.0,2.0,HHLL (15),1.0000168268097795,0.9713344579434547,0.9330416502696556
MIX66,512.0,4.0,HHLL (15),1.0001190728697653,0.9713344579434547,0.9330416502696556
MIX66,1024.0,1.0,HHLL (15),0.9999580145859033,0.9926908064094175,
MIX66,2048.0,1.0,HHLL (15),1.0,0.9966282230486854,0.9918945504171081
MIX66,4096.0,1.0,HHLL (15),1.0,0.9966282230486854,0.9918945504171081
MIX67,256.0,1.0,HHLL (15),1.000108469513223,0.9134466679446096,
MIX67,512.0,1.0,HHLL (15),1.0000168522205912,0.9709622112219044,
MIX67,512.0,2.0,HHLL (15),0.999968105452633,0.9709622112219044,0.9220999250877114
MIX67,512.0,4.0,HHLL (15),1.000011611389139,0.9709622112219044,0.9220999250877114
MIX67,1024.0,1.0,HHLL (15),1.0,0.9952561146529814,0.9829584989380721
MIX67,2048.0,1.0,HHLL (15),1.0,0.9963844559269494,0.9907016001625203
MIX67,4096.0,1.0,HHLL (15),1.0,0.9963844559269494,0.9907016001625203
MIX68,256.0,1.0,HHLL (15),1.0000901336594628,,
MIX68,512.0,1.0,HHLL (15),0.9999543462849931,0.97150686848442,
MIX68,512.0,2.0,HHLL (15),0.9999337302757328,0.97150686848442,
MIX68,512.0,4.0,HHLL (15),0.9998864878332322,0.97150686848442,
MIX68,1024.0,1.0,HHLL (15),1.0,0.9952541979499261,
MIX68,2048.0,1.0,HHLL (15),1.0,0.9979104019335646,0.9923301370412911
MIX68,4096.0,1.0,HHLL (15),1.0,0.9979104019335646,0.9923301370412911
MIX69,256.0,1.0,HHLL (15),0.9999417160794992,0.9794792510614664,0.9164408296139968
MIX69,512.0,1.0,HHLL (15),1.0001387634342205,1.0018696615102964,0.9626327363961749
MIX69,512.0,2.0,HHLL (15),0.9999810841794509,1.0018696615102964,0.9626327363961749
MIX69,512.0,4.0,HHLL (15),1.0001048446314609,1.0018696615102964,0.9626327363961749
MIX69,1024.0,1.0,HHLL (15),1.0,1.0008691025317562,0.9941038523430765
MIX69,2048.0,1.0,HHLL (15),1.0,0.999964955606399,0.99736950202683
MIX69,4096.0,1.0,HHLL (15),1.0,0.999964955606399,0.99736950202683
MIX7,256.0,1.0,HHHH (15),0.9990513591095862,,
MIX7,512.0,1.0,HHHH (15),0.9997860915947534,0.9352872933421834,
MIX7,512.0,2.0,HHHH (15),0.9997712961835412,0.9352872933421834,
MIX7,512.0,4.0,HHHH (15),0.999752093473394,0.9352872933421834,
MIX7,1024.0,1.0,HHHH (15),0.9999949922349753,0.9872639047559316,
MIX7,2048.0,1.0,HHHH (15),1.000019574372635,0.9941178757152708,0.987600604063814
MIX7,4096.0,1.0,HHHH (15),1.0,0.9941178757152708,0.987600604063814
MIX70,256.0,1.0,HHLL (15),0.9990488540298545,0.9095768505133995,
MIX70,512.0,1.0,HHLL (15),0.9998906288343418,0.9641999824646371,
MIX70,512.0,2.0,HHLL (15),0.9997597297410034,0.9641999824646371,0.9386633592564531
MIX70,512.0,4.0,HHLL (15),0.9997758376145225,0.9641999824646371,0.9386633592564531
MIX70,1024.0,1.0,HHLL (15),0.9999270531981178,0.9919018097684141,
MIX70,2048.0,1.0,HHLL (15),1.0,0.9956825657586507,0.9915134842099749
MIX70,4096.0,1.0,HHLL (15),1.0,0.9956825657586507,0.9915134842099749
MIX71,256.0,1.0,HHLL (15),0.9991503534743434,0.906303153015231,
MIX71,512.0,1.0,HHLL (15),0.9998362835516847,0.9636868004059802,
MIX71,512.0,2.0,HHLL (15),0.9998619731552647,0.9636868004059802,0.9354344026006234
MIX71,512.0,4.0,HHLL (15),0.9998473133864056,0.9636868004059802,0.9354344026006234
MIX71,1024.0,1.0,HHLL (15),0.9999858436997561,0.992251934916043,
MIX71,2048.0,1.0,HHLL (15),1.0,0.9954877086909849,0.9907774693129658
MIX71,4096.0,1.0,HHLL (15),1.0,0.9954877086909849,0.9907774693129658
MIX72,256.0,1.0,HHLL (15),0.9998415704267781,,
MIX72,512.0,1.0,HHLL (15),1.0001790866615163,0.9672008218469101,
MIX72,512.0,2.0,HHLL (15),1.0000046011255213,0.9672008218469101,
MIX72,512.0,4.0,HHLL (15),1.0000441674746023,0.9672008218469101,
MIX72,1024.0,1.0,HHLL (15),1.0,0.9939999245913723,
MIX72,2048.0,1.0,HHLL (15),1.0,0.9974803247695813,0.9908060731995483
MIX72,4096.0,1.0,HHLL (15),1.0,0.9974803247695813,0.9908060731995483
MIX73,256.0,1.0,HHLL (15),0.999982364977966,0.9437445134580354,0.871478778247553
MIX73,512.0,1.0,HHLL (15),1.0000718765167582,0.9792456627118896,0.9373428086689793
MIX73,512.0,2.0,HHLL (15),0.9999104875899715,0.9792456627118896,0.9373428086689793
MIX73,512.0,4.0,HHLL (15),1.000044308922917,0.9792456627118896,0.9373428086689793
MIX73,1024.0,1.0,HHLL (15),1.0,0.9994407349177743,0.984244170701758
MIX73,2048.0,1.0,HHLL (15),1.0,0.9938939788326874,0.9870576965832963
MIX73,4096.0,1.0,HHLL (15),1.0,0.9938939788326874,0.9870576965832963
MIX74,256.0,1.0,HHLL (15),0.9998437542456841,0.9112436530965071,
MIX74,512.0,1.0,HHLL (15),1.0000118484938523,0.9699325320112684,
MIX74,512.0,2.0,HHLL (15),1.0000116333394773,0.9699325320112684,
MIX74,512.0,4.0,HHLL (15),1.0000201954648307,0.9699325320112684,
MIX74,1024.0,1.0,HHLL (15),1.0,0.9942871887196976,
MIX74,2048.0,1.0,HHLL (15),1.0,0.9974804203100731,0.9910485192929614
MIX74,4096.0,1.0,HHLL (15),1.0,0.9974804203100731,0.9910485192929614
MIX75,256.0,1.0,MMLL (15),1.0,0.9676828260416447,0.9278713912324565
MIX75,512.0,1.0,MMLL (15),1.0,0.9855041694650332,0.9598828982134793
MIX75,512.0,2.0,MMLL (15),1.0,0.9855041694650332,0.9598828982134793
MIX75,512.0,4.0,MMLL (15),1.0,0.9855041694650332,0.9598828982134793
MIX75,1024.0,1.0,MMLL (15),1.0,0.9965705353090093,0.9877172279258088
MIX75,2048.0,1.0,MMLL (15),1.0,0.9980530253195967,0.9934327843672869
MIX75,4096.0,1.0,MMLL (15),1.0,0.9980530253195967,0.9934327843672869
MIX76,256.0,1.0,MMLL (15),1.0,0.9566497285674058,0.8608926298678534
MIX76,512.0,1.0,MMLL (15),1.0,0.9849561170115007,0.9308398382785436
MIX76,512.0,2.0,MMLL (15),1.0,0.9849561170115007,0.9308398382785436
MIX76,512.0,4.0,MMLL (15),1.0,0.9849561170115007,0.9308398382785436
MIX76,1024.0,1.0,MMLL (15),1.0,0.9974563451654054,0.9841735315383128
MIX76,2048.0,1.0,MMLL (15),1.0,0.9989079505090686,0.9922610178478469
MIX76,4096.0,1.0,MMLL (15),1.0,0.9989079505090686,0.9922610178478469
MIX77,256.0,1.0,MMLL (15),0.9999484604407113,0.960675531372969,0.868631353584108
MIX77,512.0,1.0,MMLL (15),1.0,0.9859433726913991,0.9388137645367288
MIX77,512.0,2.0,MMLL (15),1.0,0.9859433726913991,0.9388137645367288
MIX77,512.0,4.0,MMLL (15),1.0,0.9859433726913991,0.9388137645367288
MIX77,1024.0,1.0,MMLL (15),1.0,0.997283607479491,0.9830985684119298
MIX77,2048.0,1.0,MMLL (15),1.0,0.9982561323699162,0.991530894073448
MIX77,4096.0,1.0,MMLL (15),1.0,0.9982561323699162,0.991530894073448
MIX78,256.0,1.0,MMLL (15),0.9997763854518236,0.9607542855808363,0.8979578782705288
MIX78,512.0,1.0,MMLL (15),1.0000711510017173,1.002222789920293,0.9657496126319108
MIX78,512.0,2.0,MMLL (15),1.0000637705720619,1.002222789920293,0.9657496126319108
MIX78,512.0,4.0,MMLL (15),1.0000461454359224,1.002222789920293,0.9657496126319108
MIX78,1024.0,1.0,MMLL (15),1.0,0.9883352605799383,0.9805730603062662
MIX78,2048.0,1.0,MMLL (15),1.0,0.9918497860296026,0.9772786161918059
MIX78,4096.0,1.0,MMLL (15),1.0,0.9918497860296026,0.9772786161918059
MIX79,256.0,1.0,MMLL (15),1.0,0.9660761181590497,0.8993039284850554
MIX79,512.0,1.0,MMLL (15),1.0,0.9874052239517053,0.9499953786195079
MIX79,512.0,2.0,MMLL (15),1.0,0.9874052239517053,0.9499953786195079
MIX79,512.0,4.0,MMLL (15),1.0,0.9874052239517053,0.9499953786195079
MIX79,1024.0,1.0,MMLL (15),1.0,0.9976784633253744,0.9876067765008872
MIX79,2048.0,1.0,MMLL (15),1.0,0.998584091506061,0.9940243357793439
MIX79,4096.0,1.0,MMLL (15),1.0,0.998584091506061,0.9940243357793439
MIX8,256.0,1.0,HHHH (15),0.9998695453343436,,
MIX8,512.0,1.0,HHHH (15),1.0000345277521494,0.935553772327733,
MIX8,512.0,2.0,HHHH (15),0.9999126790256213,0.935553772327733,
MIX8,512.0,4.0,HHHH (15),1.000004893283678,0.935553772327733,
MIX8,1024.0,1.0,HHHH (15),1.0,0.9887226663663002,
MIX8,2048.0,1.0,HHHH (15),1.0,0.994292909522422,0.9870233839551721
MIX8,4096.0,1.0,HHHH (15),1.0,0.994292909522422,0.9870233839551721
MIX80,256.0,1.0,MMLL (15),1.0,0.9749627660723438,0.9106684457226873
MIX80,512.0,1.0,MMLL (15),1.0,0.991076451778987,0.9545408765354209
MIX80,512.0,2.0,MMLL (15),1.0,0.991076451778987,0.9545408765354209
MIX80,512.0,4.0,MMLL (15),1.0,0.991076451778987,0.9545408765354209
MIX80,1024.0,1.0,MMLL (15),1.0,0.9976992279252134,0.9878904012312986
MIX80,2048.0,1.0,MMLL (15),1.0,0.9989075031866069,0.9941592503913036
MIX80,4096.0,1.0,MMLL (15),1.0,0.9989075031866069,0.9941592503913036
MIX81,256.0,1.0,MMLL (15),1.0,0.9445141848172761,0.8652686205998829
MIX81,512.0,1.0,MMLL (15),1.0,0.9821296450620334,0.9295949705290643
MIX81,512.0,2.0,MMLL (15),1.0,0.9821296450620334,0.9295949705290643
MIX81,512.0,4.0,MMLL (15),1.0,0.9821296450620334,0.9295949705290643
MIX81,1024.0,1.0,MMLL (15),1.0,0.9967891884200358,0.9821243511511704
MIX81,2048.0,1.0,MMLL (15),1.0,0.9989387047634445,0.991503291583388
MIX81,4096.0,1.0,MMLL (15),1.0,0.9989387047634445,0.991503291583388
MIX82,256.0,1.0,MMLL (15),0.9998839867540043,0.9730682503133375,0.9279682895227546
MIX82,512.0,1.0,MMLL (15),1.0,0.988600020887175,0.9578461022698629
MIX82,512.0,2.0,MMLL (15),1.0,0.988600020887175,0.9578461022698629
MIX82,512.0,4.0,MMLL (15),1.0,0.988600020887175,0.9578461022698629
MIX82,1024.0,1.0,MMLL (15),1.0,0.9956602107788045,0.9881904755186998
MIX82,2048.0,1.0,MMLL (15),1.0,0.9973856838237974,0.9921624311494782
MIX82,4096.0,1.0,MMLL (15),1.0,0.9973856838237974,0.9921624311494782
MIX83,256.0,1.0,MMLL (15),0.9999342869850741,0.9324745304359862,0.8479024111888458
MIX83,512.0,1.0,MMLL (15),0.9999439173829253,0.9748493916293834,0.9209464117094123
MIX83,512.0,2.0,MMLL (15),0.9999343760209016,0.9748493916293834,0.9209464117094123
MIX83,512.0,4.0,MMLL (15),0.9999065907386446,0.9748493916293834,0.9209464117094123
MIX83,1024.0,1.0,MMLL (15),1.0,0.9954362607403113,0.9797740984026287
MIX83,2048.0,1.0,MMLL (15),1.0,0.996671130218053,0.9895923554576496
MIX83,4096.0,1.0,MMLL (15),1.0,0.996671130218053,0.9895923554576496
MIX84,256.0,1.0,MMLL (15),1.0,0.9461427770976396,0.8659124554581027
MIX84,512.0,1.0,MMLL (15),1.0,0.9806388621921713,0.9297264801301676
MIX84,512.0,2.0,MMLL (15),1.0,0.9806388621921713,0.9297264801301676
MIX84,512.0,4.0,MMLL (15),1.0,0.9806388621921713,0.9297264801301676
MIX84,1024.0,1.0,MMLL (15),1.0,0.9963045338440819,0.9823546984438762
MIX84,2048.0,1.0,MMLL (15),1.0,0.9984943890894351,0.9909932702628379
MIX84,4096.0,1.0,MMLL (15),1.0,0.9984943890894351,0.9909932702628379
MIX85,256.0,1.0,MMLL (15),1.0000052215138466,0.9482769974498424,0.8745693773110109
MIX85,512.0,1.0,MMLL (15),1.0,0.9814717970099542,0.9355964746097053
MIX85,512.0,2.0,MMLL (15),1.0,0.9814717970099542,0.9355964746097053
MIX85,512.0,4.0,MMLL (15),1.0,0.9814717970099542,0.9355964746097053
MIX85,1024.0,1.0,MMLL (15),1.0,0.9964906548816577,0.9833758863362709
MIX85,2048.0,1.0,MMLL (15),1.0,0.9981064714220929,0.9911429771379374
MIX85,4096.0,1.0,MMLL (15),1.0,0.9981064714220929,0.9911429771379374
MIX86,256.0,1.0,MMLL (15),1.000119406562801,0.9535650597661175,0.8922959695849111
MIX86,512.0,1.0,MMLL (15),0.999975413611066,0.99220928616074,0.9400571333792803
MIX86,512.0,2.0,MMLL (15),1.0000942644068256,0.99220928616074,0.9400571333792803
MIX86,512.0,4.0,MMLL (15),1.0001344774058147,0.99220928616074,0.9400571333792803
MIX86,1024.0,1.0,MMLL (15),1.0,0.9870462239071307,0.9822300634190634
MIX86,2048.0,1.0,MMLL (15),1.0,0.9967214613611356,0.9779858438507982
MIX86,4096.0,1.0,MMLL (15),1.0,0.9967214613611356,0.9779858438507982
MIX87,256.0,1.0,MMLL (15),1.0001743240936185,0.9780246994459048,0.9011678304978619
MIX87,512.0,1.0,MMLL (15),0.9999996413445749,0.9995436668154437,0.9482851626146539
MIX87,512.0,2.0,MMLL (15),1.0000149965033291,0.9995436668154437,0.9482851626146539
MIX87,512.0,4.0,MMLL (15),1.000035527639894,0.9995436668154437,0.9482851626146539
MIX87,1024.0,1.0,MMLL (15),1.0,0.9934369539360228,0.9931435409800613
MIX87,2048.0,1.0,MMLL (15),1.0,0.9949285903712188,0.9965536563341768
MIX87,4096.0,1.0,MMLL (15),1.0,0.9949285903712188,0.9965536563341768
MIX88,256.0,1.0,MMLL (15),1.0000232355987142,0.9510455881848136,
MIX88,512.0,1.0,MMLL (15),1.0,0.9829106928154248,
MIX88,512.0,2.0,MMLL (15),1.0,0.9829106928154248,0.9260779468617447
MIX88,512.0,4.0,MMLL (15),1.0,0.9829106928154248,0.9260779468617447
MIX88,1024.0,1.0,MMLL (15),1.0,0.9971177558808516,0.9810396558289312
MIX88,2048.0,1.0,MMLL (15),1.0,0.9980481900319488,0.9907717522735465
MIX88,4096.0,1.0,MMLL (15),1.0,0.9980481900319488,0.9907717522735465
MIX89,256.0,1.0,MMLL (15),0.9997350232081299,0.9588610011839546,0.8809214901340211
MIX89,512.0,1.0,MMLL (15),1.0001570606404577,0.9889340992215422,0.9408575440160651
MIX89,512.0,2.0,MMLL (15),1.0000125413619425,0.9889340992215422,0.9408575440160651
MIX89,512.0,4.0,MMLL (15),1.00001040788228,0.9889340992215422,0.9408575440160651
MIX89,1024.0,1.0,MMLL (15),1.0,0.9905683090761256,0.9825806474401731
MIX89,2048.0,1.0,MMLL (15),1.0,0.9937332267411921,0.9891675133742677
MIX89,4096.0,1.0,MMLL (15),1.0,0.9937332267411921,0.9891675133742677
MIX9,256.0,1.0,HHHH (15),0.999409351630504,,
MIX9,512.0,1.0,HHHH (15),1.0000280028911712,0.9521595720838174,
MIX9,512.0,2.0,HHHH (15),0.9999749192542676,0.9521595720838174,
MIX9,512.0,4.0,HHHH (15),1.0001300602646999,0.9521595720838174,
MIX9,1024.0,1.0,HHHH (15),1.0000436122282654,0.9908636836826286,
MIX9,2048.0,1.0,HHHH (15),1.0,0.9947624405389154,0.9879113973060805
MIX9,4096.0,1.0,HHHH (15),1.0,0.9947624405389154,0.9879113973060805
HHHH (15),256.0,1.0,,0.9994208568709894,0.8877172063662105,
MMMM (15),256.0,1.0,,1.0000297015972228,0.9213266556986527,0.8334776943698929
LLLL (15),256.0,1.0,,1.0000013072503862,0.9953537880727734,0.9404533994336416
HHMM (15),256.0,1.0,,0.9996528857237074,0.8906628846250836,
HHLL (15),256.0,1.0,,0.9998670453209753,0.9304138524026297,0.8881730151798768
MMLL (15),256.0,1.0,,0.9999733495330367,0.9581072981477056,0.8869145696456028
HHHH (15),512.0,1.0,,0.9998777212490525,0.9449934504377044,
MMMM (15),512.0,1.0,,1.0000661973340246,0.9716130426339841,0.9162239592936551
LLLL (15),512.0,1.0,,1.0,0.9988704166408163,0.9707592302926868
HHMM (15),512.0,1.0,,0.9999039782332967,0.955377088805397,
HHLL (15),512.0,1.0,,1.0000102748714603,0.9749428542815207,0.9454561190446337
MMLL (15),512.0,1.0,,1.000009811197589,0.9872026257943808,0.9429649874812652
HHHH (15),512.0,2.0,,0.9998454982447287,0.9437734832544207,0.9137065210189685
MMMM (15),512.0,2.0,,1.0000515749802539,0.9716130426339841,0.9156408045772837
LLLL (15),512.0,2.0,,1.0,0.9988704166408163,0.9707592302926868
HHMM (15),512.0,2.0,,0.9999390661298897,0.955377088805397,0.9101947761448472
HHLL (15),512.0,2.0,,0.9999765380092926,0.9749428542815207,0.938450998134054
MMLL (15),512.0,2.0,,1.000007996034952,0.9872026257943808,0.9418296660973963
HHHH (15),512.0,4.0,,0.9998825124133851,0.9437734832544207,0.9137065210189685
MMMM (15),512.0,4.0,,1.0000002241596637,0.9716130426339841,0.9156408045772837
LLLL (15),512.0,4.0,,1.0,0.9988704166408163,0.9707592302926868
HHMM (15),512.0,4.0,,0.9999564124801351,0.955377088805397,0.9101947761448472
HHLL (15),512.0,4.0,,1.0000013299460582,0.9749428542815207,0.938450998134054
MMLL (15),512.0,4.0,,1.000008875635951,0.9872026257943808,0.9418296660973963
HHHH (15),1024.0,1.0,,0.9999889505172469,0.9893643070113258,0.9803415439758628
MMMM (15),1024.0,1.0,,0.9999976429148492,0.9951686202729837,0.9793947825524159
LLLL (15),1024.0,1.0,,1.0,1.0003054939832414,0.9935135943013065
HHMM (15),1024.0,1.0,,0.999978490463467,0.9920655327942093,0.9775281293513867
HHLL (15),1024.0,1.0,,0.9999917099411265,0.9952893621923696,0.9850335638099597
MMLL (15),1024.0,1.0,,1.0,0.9949191862860525,0.9843850514328487
HHHH (15),2048.0,1.0,,0.9999999377122407,0.994697307925182,0.9883489348065914
MMMM (15),2048.0,1.0,,1.0,0.9981737227910565,0.9897641582395075
LLLL (15),2048.0,1.0,,1.0,1.0000756730151261,0.9969349185247403
HHMM (15),2048.0,1.0,,1.0000011084250813,0.9961558478341698,0.9890738930507618
HHLL (15),2048.0,1.0,,1.0,0.9970624635191153,0.9914581600560705
MMLL (15),2048.0,1.0,,1.0,0.9971703403883113,0.9901567123482442
HHHH (15),4096.0,1.0,,1.0,0.994697307925182,0.9883489348065914
MMMM (15),4096.0,1.0,,1.0,0.9981737227910565,0.9897641582395075
LLLL (15),4096.0,1.0,,1.0,1.0000756730151261,0.9969349185247403
HHMM (15),4096.0,1.0,,1.0,0.9961558478341698,0.9890738930507618
HHLL (15),4096.0,1.0,,1.0,0.9970624635191153,0.9914581600560705
MMLL (15),4096.0,1.0,,1.0,0.9971703403883113,0.9901567123482442
All (90),256.0,1.0,,0.9998241668994067,0.9398537900711025,0.89328507218371
All (90),256.0,2.0,,,,
All (90),256.0,4.0,,,,
All (90),512.0,1.0,,0.9999779949932004,0.9722860764744875,0.946905556394553
All (90),512.0,2.0,,0.9999701101081783,0.9717885037747129,0.9369252508418693
All (90),512.0,4.0,,0.9999748914390126,0.9717885037747129,0.9369252508418693
All (90),1024.0,1.0,,0.9999927989437893,0.9945131177573353,0.985271161502039
All (90),1024.0,2.0,,,,
All (90),1024.0,4.0,,,,
All (90),2048.0,1.0,,1.0000001743561329,0.9972211734284397,0.9909520700660777
All (90),2048.0,2.0,,,,
All (90),2048.0,4.0,,,,
All (90),4096.0,1.0,,1.0,0.9972211734284397,0.9909520700660777
All (90),4096.0,2.0,,,,
All (90),4096.0,4.0,,,,
