workload,Channel,interface,PRAC_WO_Mitigation,Benchmark_Types
MIX0,1.0,3200.0,0.9735989317136919,HHHH (15)
MIX0,1.0,4800.0,0.9323499776357822,HHHH (15)
MIX0,1.0,6400.0,0.8864445092886298,HHHH (15)
MIX0,1.0,8000.0,0.8655569442907661,HHHH (15)
MIX0,1.0,8800.0,0.8584968139149404,HHHH (15)
MIX0,1.0,12800.0,0.8489305085469041,HHHH (15)
MIX0,1.0,17600.0,0.8440923325759998,HHHH (15)
MIX1,1.0,3200.0,0.9871484255493452,HHHH (15)
MIX1,1.0,4800.0,0.968595962866326,HHHH (15)
MIX1,1.0,6400.0,0.9066767957032147,HHHH (15)
MIX1,1.0,8000.0,0.8728946414479624,HHHH (15)
MIX1,1.0,8800.0,,HHHH (15)
MIX1,1.0,12800.0,0.8294944102727038,HHHH (15)
MIX1,1.0,17600.0,0.8211538897801431,HHHH (15)
MIX10,1.0,3200.0,0.9737475235630317,HHHH (15)
MIX10,1.0,4800.0,0.9319750940580261,HHHH (15)
MIX10,1.0,6400.0,0.8849681496858727,HHHH (15)
MIX10,1.0,8000.0,0.8616843480712428,HHHH (15)
MIX10,1.0,8800.0,0.8548160262709218,HHHH (15)
MIX10,1.0,12800.0,0.845443990258912,HHHH (15)
MIX10,1.0,17600.0,0.8425673277857699,HHHH (15)
MIX11,1.0,3200.0,0.9787726652692034,HHHH (15)
MIX11,1.0,4800.0,0.95984717086218,HHHH (15)
MIX11,1.0,6400.0,0.9243983486362161,HHHH (15)
MIX11,1.0,8000.0,0.8910661622977465,HHHH (15)
MIX11,1.0,8800.0,0.8667963480645893,HHHH (15)
MIX11,1.0,12800.0,0.8372875893588853,HHHH (15)
MIX11,1.0,17600.0,0.8274417810303137,HHHH (15)
MIX12,1.0,3200.0,0.9372571396005233,HHHH (15)
MIX12,1.0,4800.0,0.8856275923304866,HHHH (15)
MIX12,1.0,6400.0,0.8708601118842666,HHHH (15)
MIX12,1.0,8000.0,0.8546832898944929,HHHH (15)
MIX12,1.0,8800.0,0.849302487215499,HHHH (15)
MIX12,1.0,12800.0,0.8463393686917786,HHHH (15)
MIX12,1.0,17600.0,0.8395692112317602,HHHH (15)
MIX13,1.0,3200.0,0.9710395711049854,HHHH (15)
MIX13,1.0,4800.0,0.9288772962501469,HHHH (15)
MIX13,1.0,6400.0,0.8789212147479567,HHHH (15)
MIX13,1.0,8000.0,0.8562439250992065,HHHH (15)
MIX13,1.0,8800.0,0.8498641748114866,HHHH (15)
MIX13,1.0,12800.0,0.8425167927259818,HHHH (15)
MIX13,1.0,17600.0,0.8369143558031841,HHHH (15)
MIX14,1.0,3200.0,0.9726476780330657,HHHH (15)
MIX14,1.0,4800.0,0.927990194395541,HHHH (15)
MIX14,1.0,6400.0,0.882319440729378,HHHH (15)
MIX14,1.0,8000.0,0.8597040831340088,HHHH (15)
MIX14,1.0,8800.0,0.8526983578121073,HHHH (15)
MIX14,1.0,12800.0,0.8419990686497318,HHHH (15)
MIX14,1.0,17600.0,0.8399011504442313,HHHH (15)
MIX15,1.0,3200.0,0.9575108550883221,MMMM (15)
MIX15,1.0,4800.0,0.9357271875059402,MMMM (15)
MIX15,1.0,6400.0,0.9247110901101071,MMMM (15)
MIX15,1.0,8000.0,0.9174089091078337,MMMM (15)
MIX15,1.0,8800.0,0.915216200597452,MMMM (15)
MIX15,1.0,12800.0,0.912206655478121,MMMM (15)
MIX15,1.0,17600.0,0.9125304707110684,MMMM (15)
MIX16,1.0,3200.0,0.962445364561785,MMMM (15)
MIX16,1.0,4800.0,0.9208273956356046,MMMM (15)
MIX16,1.0,6400.0,0.894971387846023,MMMM (15)
MIX16,1.0,8000.0,0.8726450538805831,MMMM (15)
MIX16,1.0,8800.0,0.8626802172821436,MMMM (15)
MIX16,1.0,12800.0,0.8490178698081825,MMMM (15)
MIX16,1.0,17600.0,0.8536563314328519,MMMM (15)
MIX17,1.0,3200.0,0.9629724604903133,MMMM (15)
MIX17,1.0,4800.0,0.9357685595190085,MMMM (15)
MIX17,1.0,6400.0,0.9164788558043705,MMMM (15)
MIX17,1.0,8000.0,0.9020817835154864,MMMM (15)
MIX17,1.0,8800.0,0.89671849382045,MMMM (15)
MIX17,1.0,12800.0,0.8867502444027064,MMMM (15)
MIX17,1.0,17600.0,0.8853661836834081,MMMM (15)
MIX18,1.0,3200.0,0.9550120021800353,MMMM (15)
MIX18,1.0,4800.0,0.9318580467810248,MMMM (15)
MIX18,1.0,6400.0,0.9192185349933083,MMMM (15)
MIX18,1.0,8000.0,0.9116908007128472,MMMM (15)
MIX18,1.0,8800.0,0.9097015865198894,MMMM (15)
MIX18,1.0,12800.0,0.9057100125925476,MMMM (15)
MIX18,1.0,17600.0,0.9056164364310698,MMMM (15)
MIX19,1.0,3200.0,0.9515487703375933,MMMM (15)
MIX19,1.0,4800.0,0.9112138435790349,MMMM (15)
MIX19,1.0,6400.0,0.8946860213508624,MMMM (15)
MIX19,1.0,8000.0,0.8832567612409333,MMMM (15)
MIX19,1.0,8800.0,0.8798788758005001,MMMM (15)
MIX19,1.0,12800.0,0.8681892888459116,MMMM (15)
MIX19,1.0,17600.0,0.8736800547153136,MMMM (15)
MIX2,1.0,3200.0,0.9487660047343156,HHHH (15)
MIX2,1.0,4800.0,0.8881953761891543,HHHH (15)
MIX2,1.0,6400.0,0.8567178511170733,HHHH (15)
MIX2,1.0,8000.0,0.8426583796605012,HHHH (15)
MIX2,1.0,8800.0,0.8356058508065762,HHHH (15)
MIX2,1.0,12800.0,0.8204734723678079,HHHH (15)
MIX2,1.0,17600.0,0.8175265284581281,HHHH (15)
MIX20,1.0,3200.0,0.9412420789996256,MMMM (15)
MIX20,1.0,4800.0,0.9018983085974787,MMMM (15)
MIX20,1.0,6400.0,0.8830920034546232,MMMM (15)
MIX20,1.0,8000.0,0.8716472865814022,MMMM (15)
MIX20,1.0,8800.0,0.868780067657091,MMMM (15)
MIX20,1.0,12800.0,0.862693485492715,MMMM (15)
MIX20,1.0,17600.0,0.8622931956060529,MMMM (15)
MIX21,1.0,3200.0,0.9328213059834727,MMMM (15)
MIX21,1.0,4800.0,0.8901799430336198,MMMM (15)
MIX21,1.0,6400.0,0.8741385116858027,MMMM (15)
MIX21,1.0,8000.0,0.8653898397530747,MMMM (15)
MIX21,1.0,8800.0,0.8641136674381317,MMMM (15)
MIX21,1.0,12800.0,0.8581645829429553,MMMM (15)
MIX21,1.0,17600.0,0.8568553195770844,MMMM (15)
MIX22,1.0,3200.0,0.9456728274241566,MMMM (15)
MIX22,1.0,4800.0,0.9087432079641673,MMMM (15)
MIX22,1.0,6400.0,0.887186147202709,MMMM (15)
MIX22,1.0,8000.0,0.8705734324304006,MMMM (15)
MIX22,1.0,8800.0,0.868059204427056,MMMM (15)
MIX22,1.0,12800.0,0.8595409493968877,MMMM (15)
MIX22,1.0,17600.0,0.8583626508714787,MMMM (15)
MIX23,1.0,3200.0,0.9390178977916402,MMMM (15)
MIX23,1.0,4800.0,0.9071113065252852,MMMM (15)
MIX23,1.0,6400.0,0.8940603203301128,MMMM (15)
MIX23,1.0,8000.0,0.8865247400064441,MMMM (15)
MIX23,1.0,8800.0,0.8848939724406508,MMMM (15)
MIX23,1.0,12800.0,0.8833814505692501,MMMM (15)
MIX23,1.0,17600.0,0.8825958452154326,MMMM (15)
MIX24,1.0,3200.0,0.936601351125692,MMMM (15)
MIX24,1.0,4800.0,0.9058297269245108,MMMM (15)
MIX24,1.0,6400.0,0.8923177648171341,MMMM (15)
MIX24,1.0,8000.0,0.8884791564149257,MMMM (15)
MIX24,1.0,8800.0,0.887922699450879,MMMM (15)
MIX24,1.0,12800.0,0.8856368148095518,MMMM (15)
MIX24,1.0,17600.0,0.8873133989372057,MMMM (15)
MIX25,1.0,3200.0,0.9390949387547575,MMMM (15)
MIX25,1.0,4800.0,0.9098578187868025,MMMM (15)
MIX25,1.0,6400.0,0.8958747677305047,MMMM (15)
MIX25,1.0,8000.0,0.8872067508114229,MMMM (15)
MIX25,1.0,8800.0,0.8856152265148122,MMMM (15)
MIX25,1.0,12800.0,0.8817913353424296,MMMM (15)
MIX25,1.0,17600.0,0.8793814629936806,MMMM (15)
MIX26,1.0,3200.0,0.9211793492780108,MMMM (15)
MIX26,1.0,4800.0,0.8897563437835732,MMMM (15)
MIX26,1.0,6400.0,0.8780465750930939,MMMM (15)
MIX26,1.0,8000.0,0.8732446617972518,MMMM (15)
MIX26,1.0,8800.0,0.8722626792587124,MMMM (15)
MIX26,1.0,12800.0,0.8701155192172254,MMMM (15)
MIX26,1.0,17600.0,0.8686159302891718,MMMM (15)
MIX27,1.0,3200.0,0.9541551105212216,MMMM (15)
MIX27,1.0,4800.0,0.9158383565880494,MMMM (15)
MIX27,1.0,6400.0,0.887271937509954,MMMM (15)
MIX27,1.0,8000.0,0.8698706037747173,MMMM (15)
MIX27,1.0,8800.0,0.8750474302438556,MMMM (15)
MIX27,1.0,12800.0,0.8659594604677634,MMMM (15)
MIX27,1.0,17600.0,0.8682483094917283,MMMM (15)
MIX28,1.0,3200.0,0.9409748394795167,MMMM (15)
MIX28,1.0,4800.0,0.9093636166627677,MMMM (15)
MIX28,1.0,6400.0,0.8957356821659263,MMMM (15)
MIX28,1.0,8000.0,0.889338056474641,MMMM (15)
MIX28,1.0,8800.0,0.887344758478838,MMMM (15)
MIX28,1.0,12800.0,0.885761396030501,MMMM (15)
MIX28,1.0,17600.0,0.8848126112807159,MMMM (15)
MIX29,1.0,3200.0,0.9454955133143733,MMMM (15)
MIX29,1.0,4800.0,0.9105130246504575,MMMM (15)
MIX29,1.0,6400.0,0.8923102632173777,MMMM (15)
MIX29,1.0,8000.0,0.8795940599630583,MMMM (15)
MIX29,1.0,8800.0,0.8777599371532072,MMMM (15)
MIX29,1.0,12800.0,0.8736143078798196,MMMM (15)
MIX29,1.0,17600.0,0.8729611326763258,MMMM (15)
MIX3,1.0,3200.0,0.9784508927668766,HHHH (15)
MIX3,1.0,4800.0,0.9540550808256222,HHHH (15)
MIX3,1.0,6400.0,0.9086475016495889,HHHH (15)
MIX3,1.0,8000.0,0.8677800323809222,HHHH (15)
MIX3,1.0,8800.0,0.8525542325781859,HHHH (15)
MIX3,1.0,12800.0,0.8196169996170535,HHHH (15)
MIX3,1.0,17600.0,0.813373681564247,HHHH (15)
MIX30,1.0,3200.0,0.986784245363616,LLLL (15)
MIX30,1.0,4800.0,0.9858998907018041,LLLL (15)
MIX30,1.0,6400.0,0.9853008702150803,LLLL (15)
MIX30,1.0,8000.0,0.9853884012596822,LLLL (15)
MIX30,1.0,8800.0,0.9849437962979867,LLLL (15)
MIX30,1.0,12800.0,0.9852540755068587,LLLL (15)
MIX30,1.0,17600.0,0.9852871716497259,LLLL (15)
MIX31,1.0,3200.0,0.9894216143824344,LLLL (15)
MIX31,1.0,4800.0,0.9881334124876986,LLLL (15)
MIX31,1.0,6400.0,0.9881256645090524,LLLL (15)
MIX31,1.0,8000.0,0.9897357786256261,LLLL (15)
MIX31,1.0,8800.0,,LLLL (15)
MIX31,1.0,12800.0,0.9879576076047134,LLLL (15)
MIX31,1.0,17600.0,0.9861634758700284,LLLL (15)
MIX32,1.0,3200.0,0.9835661669398332,LLLL (15)
MIX32,1.0,4800.0,0.9815570033268053,LLLL (15)
MIX32,1.0,6400.0,0.9804278573564975,LLLL (15)
MIX32,1.0,8000.0,0.9804281698598502,LLLL (15)
MIX32,1.0,8800.0,0.9798688626966937,LLLL (15)
MIX32,1.0,12800.0,0.9787314372991873,LLLL (15)
MIX32,1.0,17600.0,0.9784335791242915,LLLL (15)
MIX33,1.0,3200.0,0.9796957348674326,LLLL (15)
MIX33,1.0,4800.0,0.9787843982224133,LLLL (15)
MIX33,1.0,6400.0,0.9777343484069367,LLLL (15)
MIX33,1.0,8000.0,0.978326589257067,LLLL (15)
MIX33,1.0,8800.0,0.978228008741501,LLLL (15)
MIX33,1.0,12800.0,0.9777314750545709,LLLL (15)
MIX33,1.0,17600.0,0.9773862370671771,LLLL (15)
MIX34,1.0,3200.0,0.9719373484434762,LLLL (15)
MIX34,1.0,4800.0,0.9696363155544321,LLLL (15)
MIX34,1.0,6400.0,0.9688495758189881,LLLL (15)
MIX34,1.0,8000.0,0.9678805949633538,LLLL (15)
MIX34,1.0,8800.0,0.9680501926595448,LLLL (15)
MIX34,1.0,12800.0,0.9672912994230038,LLLL (15)
MIX34,1.0,17600.0,0.9662767134026463,LLLL (15)
MIX35,1.0,3200.0,0.9864672777766743,LLLL (15)
MIX35,1.0,4800.0,0.9853757520922511,LLLL (15)
MIX35,1.0,6400.0,0.9852964959504856,LLLL (15)
MIX35,1.0,8000.0,0.9854394331139689,LLLL (15)
MIX35,1.0,8800.0,0.9850547454179001,LLLL (15)
MIX35,1.0,12800.0,0.9851838671700971,LLLL (15)
MIX35,1.0,17600.0,0.9844901027414403,LLLL (15)
MIX36,1.0,3200.0,0.9928981917858513,LLLL (15)
MIX36,1.0,4800.0,0.9926723015136466,LLLL (15)
MIX36,1.0,6400.0,0.9926700882019686,LLLL (15)
MIX36,1.0,8000.0,0.9923828498569051,LLLL (15)
MIX36,1.0,8800.0,0.9926294600737093,LLLL (15)
MIX36,1.0,12800.0,0.9925007851444133,LLLL (15)
MIX36,1.0,17600.0,0.9917748229805804,LLLL (15)
MIX37,1.0,3200.0,0.9828887257013446,LLLL (15)
MIX37,1.0,4800.0,0.9824061003376409,LLLL (15)
MIX37,1.0,6400.0,0.9812135908231849,LLLL (15)
MIX37,1.0,8000.0,0.9806638817862702,LLLL (15)
MIX37,1.0,8800.0,0.9804381795373772,LLLL (15)
MIX37,1.0,12800.0,0.9803605390336069,LLLL (15)
MIX37,1.0,17600.0,0.9799605962912871,LLLL (15)
MIX38,1.0,3200.0,0.9680686985692504,LLLL (15)
MIX38,1.0,4800.0,0.9664137556392693,LLLL (15)
MIX38,1.0,6400.0,0.9655999880827902,LLLL (15)
MIX38,1.0,8000.0,0.9652886102783446,LLLL (15)
MIX38,1.0,8800.0,0.9653672148248396,LLLL (15)
MIX38,1.0,12800.0,0.9649127841959632,LLLL (15)
MIX38,1.0,17600.0,0.9633343631218743,LLLL (15)
MIX39,1.0,3200.0,0.9830269617727839,LLLL (15)
MIX39,1.0,4800.0,0.9809899520444398,LLLL (15)
MIX39,1.0,6400.0,0.9784227866562449,LLLL (15)
MIX39,1.0,8000.0,0.9766027193747375,LLLL (15)
MIX39,1.0,8800.0,0.9776528561076407,LLLL (15)
MIX39,1.0,12800.0,0.9761954469484663,LLLL (15)
MIX39,1.0,17600.0,0.9766641429712899,LLLL (15)
MIX4,1.0,3200.0,0.968303878663188,HHHH (15)
MIX4,1.0,4800.0,0.9274575549092486,HHHH (15)
MIX4,1.0,6400.0,0.8887166406704358,HHHH (15)
MIX4,1.0,8000.0,0.86751046937753,HHHH (15)
MIX4,1.0,8800.0,0.8695447026696411,HHHH (15)
MIX4,1.0,12800.0,0.8473492062517876,HHHH (15)
MIX4,1.0,17600.0,0.8583225604811514,HHHH (15)
MIX40,1.0,3200.0,0.9644886231303254,LLLL (15)
MIX40,1.0,4800.0,0.9631730803648105,LLLL (15)
MIX40,1.0,6400.0,0.959247642505407,LLLL (15)
MIX40,1.0,8000.0,0.9600830899209516,LLLL (15)
MIX40,1.0,8800.0,0.9611044432727507,LLLL (15)
MIX40,1.0,12800.0,0.9571865617558947,LLLL (15)
MIX40,1.0,17600.0,0.9592064271574738,LLLL (15)
MIX41,1.0,3200.0,0.9819883413150017,LLLL (15)
MIX41,1.0,4800.0,0.9865937295307992,LLLL (15)
MIX41,1.0,6400.0,0.9801046120612018,LLLL (15)
MIX41,1.0,8000.0,0.9811074296919154,LLLL (15)
MIX41,1.0,8800.0,0.9837498262516537,LLLL (15)
MIX41,1.0,12800.0,0.9813657086403655,LLLL (15)
MIX41,1.0,17600.0,0.9784178667258393,LLLL (15)
MIX42,1.0,3200.0,0.9760887523458622,LLLL (15)
MIX42,1.0,4800.0,0.9740240588209135,LLLL (15)
MIX42,1.0,6400.0,0.9744100979117983,LLLL (15)
MIX42,1.0,8000.0,0.9737832197136236,LLLL (15)
MIX42,1.0,8800.0,0.973831992625829,LLLL (15)
MIX42,1.0,12800.0,0.9734135244829297,LLLL (15)
MIX42,1.0,17600.0,0.9739467443263069,LLLL (15)
MIX43,1.0,3200.0,0.9971862066238159,LLLL (15)
MIX43,1.0,4800.0,0.9970299051936301,LLLL (15)
MIX43,1.0,6400.0,0.9971877308929551,LLLL (15)
MIX43,1.0,8000.0,0.9971400677605194,LLLL (15)
MIX43,1.0,8800.0,0.9974356394258206,LLLL (15)
MIX43,1.0,12800.0,0.9974204523289969,LLLL (15)
MIX43,1.0,17600.0,0.9969087306728304,LLLL (15)
MIX44,1.0,3200.0,0.9858701254113319,LLLL (15)
MIX44,1.0,4800.0,0.986261898690926,LLLL (15)
MIX44,1.0,6400.0,0.9866351155022063,LLLL (15)
MIX44,1.0,8000.0,0.9862239350608897,LLLL (15)
MIX44,1.0,8800.0,0.9864439678778132,LLLL (15)
MIX44,1.0,12800.0,0.9870574172474446,LLLL (15)
MIX44,1.0,17600.0,0.9866581967272224,LLLL (15)
MIX45,1.0,3200.0,0.975141383108876,HHMM (15)
MIX45,1.0,4800.0,0.9461488803264613,HHMM (15)
MIX45,1.0,6400.0,0.9014826319986841,HHMM (15)
MIX45,1.0,8000.0,0.8749602746094055,HHMM (15)
MIX45,1.0,8800.0,0.8642707873130455,HHMM (15)
MIX45,1.0,12800.0,0.8447334097423773,HHMM (15)
MIX45,1.0,17600.0,0.8395512119411739,HHMM (15)
MIX46,1.0,3200.0,0.9636417789753863,HHMM (15)
MIX46,1.0,4800.0,0.9099572179747287,HHMM (15)
MIX46,1.0,6400.0,0.879553745243551,HHMM (15)
MIX46,1.0,8000.0,0.8700777055367346,HHMM (15)
MIX46,1.0,8800.0,0.8598814846741206,HHMM (15)
MIX46,1.0,12800.0,0.8508636169427942,HHMM (15)
MIX46,1.0,17600.0,0.8547050786838921,HHMM (15)
MIX47,1.0,3200.0,0.9585108745830956,HHMM (15)
MIX47,1.0,4800.0,0.911115084085226,HHMM (15)
MIX47,1.0,6400.0,0.8845586659767705,HHMM (15)
MIX47,1.0,8000.0,0.8657737343124565,HHMM (15)
MIX47,1.0,8800.0,0.8640865395217573,HHMM (15)
MIX47,1.0,12800.0,0.8609491891047727,HHMM (15)
MIX47,1.0,17600.0,0.8552313446766361,HHMM (15)
MIX48,1.0,3200.0,0.9726538833319676,HHMM (15)
MIX48,1.0,4800.0,0.9563644292068263,HHMM (15)
MIX48,1.0,6400.0,0.9188598487898755,HHMM (15)
MIX48,1.0,8000.0,0.8974801748513798,HHMM (15)
MIX48,1.0,8800.0,0.8843133558940832,HHMM (15)
MIX48,1.0,12800.0,0.860352444895009,HHMM (15)
MIX48,1.0,17600.0,,HHMM (15)
MIX49,1.0,3200.0,0.9660840253547357,HHMM (15)
MIX49,1.0,4800.0,0.9171831543281268,HHMM (15)
MIX49,1.0,6400.0,0.8817306624237093,HHMM (15)
MIX49,1.0,8000.0,0.8643413350187464,HHMM (15)
MIX49,1.0,8800.0,0.8578970163506185,HHMM (15)
MIX49,1.0,12800.0,0.8492731993976602,HHMM (15)
MIX49,1.0,17600.0,0.8494448712641286,HHMM (15)
MIX5,1.0,3200.0,0.9625123187908607,HHHH (15)
MIX5,1.0,4800.0,0.9315966963740805,HHHH (15)
MIX5,1.0,6400.0,0.8964598286411444,HHHH (15)
MIX5,1.0,8000.0,0.8759225411348539,HHHH (15)
MIX5,1.0,8800.0,0.8680076528284083,HHHH (15)
MIX5,1.0,12800.0,0.8590043196340639,HHHH (15)
MIX5,1.0,17600.0,0.8538481340874216,HHHH (15)
MIX50,1.0,3200.0,0.972252979157122,HHMM (15)
MIX50,1.0,4800.0,0.9425466096160016,HHMM (15)
MIX50,1.0,6400.0,0.9194800916603447,HHMM (15)
MIX50,1.0,8000.0,0.9053626330326177,HHMM (15)
MIX50,1.0,8800.0,0.8988583334832866,HHMM (15)
MIX50,1.0,12800.0,0.8882311402902087,HHMM (15)
MIX50,1.0,17600.0,0.8884134353048379,HHMM (15)
MIX51,1.0,3200.0,0.986701369577703,HHMM (15)
MIX51,1.0,4800.0,0.9424814977921925,HHMM (15)
MIX51,1.0,6400.0,0.9030191628641036,HHMM (15)
MIX51,1.0,8000.0,0.8736050757048183,HHMM (15)
MIX51,1.0,8800.0,0.8615241198367946,HHMM (15)
MIX51,1.0,12800.0,0.8402902717041011,HHMM (15)
MIX51,1.0,17600.0,0.8468386887481034,HHMM (15)
MIX52,1.0,3200.0,0.980003648424891,HHMM (15)
MIX52,1.0,4800.0,0.9509317571236517,HHMM (15)
MIX52,1.0,6400.0,0.9074772628467211,HHMM (15)
MIX52,1.0,8000.0,0.8774291615585235,HHMM (15)
MIX52,1.0,8800.0,0.8629108084876433,HHMM (15)
MIX52,1.0,12800.0,0.8356176331186008,HHMM (15)
MIX52,1.0,17600.0,0.8364429210089374,HHMM (15)
MIX53,1.0,3200.0,0.946193833819357,HHMM (15)
MIX53,1.0,4800.0,0.9055232362412884,HHMM (15)
MIX53,1.0,6400.0,0.8950037953515253,HHMM (15)
MIX53,1.0,8000.0,0.881568036453496,HHMM (15)
MIX53,1.0,8800.0,0.8782633875718975,HHMM (15)
MIX53,1.0,12800.0,0.8733025054051208,HHMM (15)
MIX53,1.0,17600.0,0.866283408313469,HHMM (15)
MIX54,1.0,3200.0,0.9443216473565009,HHMM (15)
MIX54,1.0,4800.0,0.9026779146910645,HHMM (15)
MIX54,1.0,6400.0,0.8798055144801894,HHMM (15)
MIX54,1.0,8000.0,0.8684450842218061,HHMM (15)
MIX54,1.0,8800.0,0.8660699742875322,HHMM (15)
MIX54,1.0,12800.0,0.8629618131535024,HHMM (15)
MIX54,1.0,17600.0,0.8608832968442016,HHMM (15)
MIX55,1.0,3200.0,0.9679245522687904,HHMM (15)
MIX55,1.0,4800.0,0.9199376783632859,HHMM (15)
MIX55,1.0,6400.0,0.8733880104321078,HHMM (15)
MIX55,1.0,8000.0,0.8566335240644466,HHMM (15)
MIX55,1.0,8800.0,0.8523632672934129,HHMM (15)
MIX55,1.0,12800.0,0.8388153361407693,HHMM (15)
MIX55,1.0,17600.0,0.8347627857838287,HHMM (15)
MIX56,1.0,3200.0,0.9796716748643383,HHMM (15)
MIX56,1.0,4800.0,0.9532903663027245,HHMM (15)
MIX56,1.0,6400.0,0.928666756018675,HHMM (15)
MIX56,1.0,8000.0,0.9112629368556321,HHMM (15)
MIX56,1.0,8800.0,0.9026671811966389,HHMM (15)
MIX56,1.0,12800.0,0.8896944526002735,HHMM (15)
MIX56,1.0,17600.0,0.8895225141039845,HHMM (15)
MIX57,1.0,3200.0,0.957698242993021,HHMM (15)
MIX57,1.0,4800.0,0.908317633784897,HHMM (15)
MIX57,1.0,6400.0,0.8791541473119019,HHMM (15)
MIX57,1.0,8000.0,0.8658933469213179,HHMM (15)
MIX57,1.0,8800.0,0.860933143875711,HHMM (15)
MIX57,1.0,12800.0,0.8531634058073653,HHMM (15)
MIX57,1.0,17600.0,0.8520850727961412,HHMM (15)
MIX58,1.0,4800.0,0.958533379468678,HHMM (15)
MIX58,1.0,8000.0,0.8807279972199488,HHMM (15)
MIX59,1.0,3200.0,0.9570945735065008,HHMM (15)
MIX59,1.0,4800.0,0.9160171615767343,HHMM (15)
MIX59,1.0,6400.0,0.8931522172444032,HHMM (15)
MIX59,1.0,8000.0,0.8809787049949399,HHMM (15)
MIX59,1.0,8800.0,0.8779168704418558,HHMM (15)
MIX59,1.0,12800.0,0.8715907665907975,HHMM (15)
MIX59,1.0,17600.0,0.870814355672867,HHMM (15)
MIX6,1.0,3200.0,0.9671975702061909,HHHH (15)
MIX6,1.0,4800.0,0.9147170746392315,HHHH (15)
MIX6,1.0,6400.0,0.8782372025928746,HHHH (15)
MIX6,1.0,8000.0,0.8651026031943513,HHHH (15)
MIX6,1.0,8800.0,0.8515605379109099,HHHH (15)
MIX6,1.0,12800.0,0.8477629085553523,HHHH (15)
MIX6,1.0,17600.0,0.8417564053557103,HHHH (15)
MIX60,1.0,3200.0,0.9619812246174444,HHLL (15)
MIX60,1.0,4800.0,0.939455330599957,HHLL (15)
MIX60,1.0,6400.0,0.9279776627525458,HHLL (15)
MIX60,1.0,8000.0,0.9236545205000709,HHLL (15)
MIX60,1.0,8800.0,0.9217876221865404,HHLL (15)
MIX60,1.0,12800.0,0.9195894225221386,HHLL (15)
MIX60,1.0,17600.0,0.9189553866177426,HHLL (15)
MIX61,1.0,3200.0,0.9751076982970812,HHLL (15)
MIX61,1.0,4800.0,0.9568109275072176,HHLL (15)
MIX61,1.0,6400.0,0.9479792338911913,HHLL (15)
MIX61,1.0,8000.0,0.9465286915920404,HHLL (15)
MIX61,1.0,8800.0,0.9465829876714819,HHLL (15)
MIX61,1.0,12800.0,0.9448481836295217,HHLL (15)
MIX61,1.0,17600.0,0.9432745972031251,HHLL (15)
MIX62,1.0,3200.0,0.9536856246640592,HHLL (15)
MIX62,1.0,4800.0,0.9246946209979355,HHLL (15)
MIX62,1.0,6400.0,0.9126186098507237,HHLL (15)
MIX62,1.0,8000.0,0.9094522292833619,HHLL (15)
MIX62,1.0,8800.0,0.9090329849230987,HHLL (15)
MIX62,1.0,12800.0,0.9069164463661048,HHLL (15)
MIX62,1.0,17600.0,0.9060416190626318,HHLL (15)
MIX63,1.0,3200.0,0.9733445156546311,HHLL (15)
MIX63,1.0,4800.0,0.9606809846740688,HHLL (15)
MIX63,1.0,6400.0,0.9508307261457534,HHLL (15)
MIX63,1.0,8000.0,0.9480938199663603,HHLL (15)
MIX63,1.0,8800.0,0.9456123349740837,HHLL (15)
MIX63,1.0,12800.0,0.9458511360024636,HHLL (15)
MIX63,1.0,17600.0,0.9402574205766651,HHLL (15)
MIX64,1.0,3200.0,0.9596632730108534,HHLL (15)
MIX64,1.0,4800.0,0.9519382241396878,HHLL (15)
MIX64,1.0,6400.0,0.9411565167993193,HHLL (15)
MIX64,1.0,8000.0,0.9401454767466345,HHLL (15)
MIX64,1.0,8800.0,0.9391163951815702,HHLL (15)
MIX64,1.0,12800.0,0.9389386984536154,HHLL (15)
MIX64,1.0,17600.0,0.9451748240625446,HHLL (15)
MIX65,1.0,3200.0,0.9746700203237725,HHLL (15)
MIX65,1.0,4800.0,0.9578470593514957,HHLL (15)
MIX65,1.0,6400.0,0.9516972074027662,HHLL (15)
MIX65,1.0,8000.0,0.9482132515087958,HHLL (15)
MIX65,1.0,8800.0,0.9480559524978279,HHLL (15)
MIX65,1.0,12800.0,0.9466983377155903,HHLL (15)
MIX65,1.0,17600.0,0.9454914726968785,HHLL (15)
MIX66,1.0,3200.0,0.9697151593921493,HHLL (15)
MIX66,1.0,4800.0,0.9513736363907177,HHLL (15)
MIX66,1.0,6400.0,0.9405754109594141,HHLL (15)
MIX66,1.0,8000.0,0.9430714899841337,HHLL (15)
MIX66,1.0,8800.0,0.9328265216805426,HHLL (15)
MIX66,1.0,12800.0,0.9344346398716586,HHLL (15)
MIX66,1.0,17600.0,0.9286208254566268,HHLL (15)
MIX67,1.0,3200.0,0.9407871397872708,HHLL (15)
MIX67,1.0,4800.0,0.9090505117717071,HHLL (15)
MIX67,1.0,6400.0,0.8966349341175366,HHLL (15)
MIX67,1.0,8000.0,0.8950896122499474,HHLL (15)
MIX67,1.0,8800.0,0.8926795874273373,HHLL (15)
MIX67,1.0,12800.0,0.8908246453490074,HHLL (15)
MIX67,1.0,17600.0,0.8908083734012423,HHLL (15)
MIX68,1.0,3200.0,0.9858316740194932,HHLL (15)
MIX68,1.0,4800.0,0.970665620866696,HHLL (15)
MIX68,1.0,6400.0,0.9621638228921093,HHLL (15)
MIX68,1.0,8000.0,0.9554177024668586,HHLL (15)
MIX68,1.0,8800.0,0.9546755478800772,HHLL (15)
MIX68,1.0,12800.0,0.9520710387362407,HHLL (15)
MIX68,1.0,17600.0,0.9509974536754735,HHLL (15)
MIX69,1.0,3200.0,0.9539142550901991,HHLL (15)
MIX69,1.0,4800.0,0.9460135212522987,HHLL (15)
MIX69,1.0,6400.0,0.9481109429125733,HHLL (15)
MIX69,1.0,8000.0,0.9423166888384572,HHLL (15)
MIX69,1.0,8800.0,0.9326921565632552,HHLL (15)
MIX69,1.0,12800.0,0.9418168280863012,HHLL (15)
MIX69,1.0,17600.0,0.9389057768544556,HHLL (15)
MIX7,1.0,3200.0,0.9766723691961884,HHHH (15)
MIX7,1.0,4800.0,0.9535492285823925,HHHH (15)
MIX7,1.0,6400.0,0.9097879809320972,HHHH (15)
MIX7,1.0,8000.0,0.874219361725389,HHHH (15)
MIX7,1.0,8800.0,0.8613533360026417,HHHH (15)
MIX7,1.0,12800.0,0.8343979508035201,HHHH (15)
MIX7,1.0,17600.0,0.8268720160327971,HHHH (15)
MIX70,1.0,3200.0,0.9854826603078788,HHLL (15)
MIX70,1.0,4800.0,0.9799112706440353,HHLL (15)
MIX70,1.0,6400.0,0.964949697157168,HHLL (15)
MIX70,1.0,8000.0,0.9524339461009861,HHLL (15)
MIX70,1.0,8800.0,0.9490477789919208,HHLL (15)
MIX70,1.0,12800.0,0.9454976879787444,HHLL (15)
MIX70,1.0,17600.0,0.9437482634337644,HHLL (15)
MIX71,1.0,3200.0,0.9827693843574895,HHLL (15)
MIX71,1.0,4800.0,0.9716514165482871,HHLL (15)
MIX71,1.0,6400.0,0.9562463558006821,HHLL (15)
MIX71,1.0,8000.0,0.9489045878957993,HHLL (15)
MIX71,1.0,8800.0,0.9449105194649061,HHLL (15)
MIX71,1.0,12800.0,0.9429961440510424,HHLL (15)
MIX71,1.0,17600.0,0.9411266638776037,HHLL (15)
MIX72,1.0,3200.0,0.9787832837247396,HHLL (15)
MIX72,1.0,4800.0,0.9512843173879729,HHLL (15)
MIX72,1.0,6400.0,0.9389009274469989,HHLL (15)
MIX72,1.0,8000.0,0.9325342625630322,HHLL (15)
MIX72,1.0,8800.0,0.9316401993057211,HHLL (15)
MIX72,1.0,12800.0,0.9287626694366655,HHLL (15)
MIX72,1.0,17600.0,0.9263707670977629,HHLL (15)
MIX73,1.0,3200.0,0.9616304677190037,HHLL (15)
MIX73,1.0,4800.0,0.9365885745660651,HHLL (15)
MIX73,1.0,6400.0,0.9276051099529478,HHLL (15)
MIX73,1.0,8000.0,0.9246391425074487,HHLL (15)
MIX73,1.0,8800.0,0.9272028462804911,HHLL (15)
MIX73,1.0,12800.0,0.9215817625332918,HHLL (15)
MIX73,1.0,17600.0,0.921954962637868,HHLL (15)
MIX74,1.0,3200.0,0.9791547734688768,HHLL (15)
MIX74,1.0,4800.0,0.9558065799368962,HHLL (15)
MIX74,1.0,6400.0,0.9458481313288489,HHLL (15)
MIX74,1.0,8000.0,0.9395563957902755,HHLL (15)
MIX74,1.0,8800.0,0.9382407414197219,HHLL (15)
MIX74,1.0,12800.0,0.938411083460828,HHLL (15)
MIX74,1.0,17600.0,0.9370475417956651,HHLL (15)
MIX75,1.0,3200.0,0.9606910614329146,MMLL (15)
MIX75,1.0,4800.0,0.9507298514576402,MMLL (15)
MIX75,1.0,6400.0,0.9461817008982407,MMLL (15)
MIX75,1.0,8000.0,0.9437200032757687,MMLL (15)
MIX75,1.0,8800.0,0.9434591271601772,MMLL (15)
MIX75,1.0,12800.0,0.9416091285747384,MMLL (15)
MIX75,1.0,17600.0,0.9409172303190414,MMLL (15)
MIX76,1.0,3200.0,0.9574995860823041,MMLL (15)
MIX76,1.0,4800.0,0.9397921839253172,MMLL (15)
MIX76,1.0,6400.0,0.9389348640795325,MMLL (15)
MIX76,1.0,8000.0,0.9346220809039336,MMLL (15)
MIX76,1.0,8800.0,0.9348379769528206,MMLL (15)
MIX76,1.0,12800.0,0.9330849939982105,MMLL (15)
MIX76,1.0,17600.0,0.9314030590073747,MMLL (15)
MIX77,1.0,3200.0,0.9664576054169758,MMLL (15)
MIX77,1.0,4800.0,0.952723384325704,MMLL (15)
MIX77,1.0,6400.0,0.9442652723892359,MMLL (15)
MIX77,1.0,8000.0,0.9360428808201432,MMLL (15)
MIX77,1.0,8800.0,0.9403639634635423,MMLL (15)
MIX77,1.0,12800.0,0.9392706304168342,MMLL (15)
MIX77,1.0,17600.0,0.9386343563575226,MMLL (15)
MIX78,1.0,3200.0,0.9795026666400491,MMLL (15)
MIX78,1.0,4800.0,0.9422282937187167,MMLL (15)
MIX78,1.0,6400.0,0.9669637148879613,MMLL (15)
MIX78,1.0,8000.0,0.9611200002811667,MMLL (15)
MIX78,1.0,8800.0,0.951807670625103,MMLL (15)
MIX78,1.0,12800.0,0.9646741793411377,MMLL (15)
MIX78,1.0,17600.0,0.9470168100787726,MMLL (15)
MIX79,1.0,3200.0,0.9684184204902366,MMLL (15)
MIX79,1.0,4800.0,0.957911501372511,MMLL (15)
MIX79,1.0,6400.0,0.9544509921692808,MMLL (15)
MIX79,1.0,8000.0,0.9528105042304856,MMLL (15)
MIX79,1.0,8800.0,0.9521914296705596,MMLL (15)
MIX79,1.0,12800.0,0.9521569662792695,MMLL (15)
MIX79,1.0,17600.0,0.9508989634647755,MMLL (15)
MIX8,1.0,3200.0,0.9782571435165502,HHHH (15)
MIX8,1.0,4800.0,0.9412243338829076,HHHH (15)
MIX8,1.0,6400.0,0.8866953398610049,HHHH (15)
MIX8,1.0,8000.0,0.8586151479609884,HHHH (15)
MIX8,1.0,8800.0,0.851120271481823,HHHH (15)
MIX8,1.0,12800.0,0.8394645032506157,HHHH (15)
MIX8,1.0,17600.0,0.836781139340596,HHHH (15)
MIX80,1.0,3200.0,0.9614853427767738,MMLL (15)
MIX80,1.0,4800.0,0.9534593612430663,MMLL (15)
MIX80,1.0,6400.0,0.9500470355776359,MMLL (15)
MIX80,1.0,8000.0,0.9505473888184306,MMLL (15)
MIX80,1.0,8800.0,0.9508761441607847,MMLL (15)
MIX80,1.0,12800.0,0.9502676818308536,MMLL (15)
MIX80,1.0,17600.0,0.9493134135502976,MMLL (15)
MIX81,1.0,3200.0,0.9434556294506901,MMLL (15)
MIX81,1.0,4800.0,0.9293426118127691,MMLL (15)
MIX81,1.0,6400.0,0.9257968281296893,MMLL (15)
MIX81,1.0,8000.0,0.9233169771909671,MMLL (15)
MIX81,1.0,8800.0,0.9228737403134567,MMLL (15)
MIX81,1.0,12800.0,0.9223953933580539,MMLL (15)
MIX81,1.0,17600.0,0.9207442045153597,MMLL (15)
MIX82,1.0,3200.0,0.9687992897878808,MMLL (15)
MIX82,1.0,4800.0,0.9613615625851324,MMLL (15)
MIX82,1.0,6400.0,0.9604576425845417,MMLL (15)
MIX82,1.0,8000.0,0.9594222717039358,MMLL (15)
MIX82,1.0,8800.0,0.9592866522851687,MMLL (15)
MIX82,1.0,12800.0,0.958587308848433,MMLL (15)
MIX82,1.0,17600.0,0.958878551105973,MMLL (15)
MIX83,1.0,3200.0,0.9193388603542852,MMLL (15)
MIX83,1.0,4800.0,0.8989021918423724,MMLL (15)
MIX83,1.0,6400.0,0.8877022581143358,MMLL (15)
MIX83,1.0,8000.0,0.8858119480452968,MMLL (15)
MIX83,1.0,8800.0,0.8858025786920183,MMLL (15)
MIX83,1.0,12800.0,0.8829729174663856,MMLL (15)
MIX83,1.0,17600.0,0.8788901033109496,MMLL (15)
MIX84,1.0,3200.0,0.9237345198533458,MMLL (15)
MIX84,1.0,4800.0,0.9083765849988155,MMLL (15)
MIX84,1.0,6400.0,0.9001210860979862,MMLL (15)
MIX84,1.0,8000.0,0.896737267826664,MMLL (15)
MIX84,1.0,8800.0,0.8975792670627817,MMLL (15)
MIX84,1.0,12800.0,0.8951896062582066,MMLL (15)
MIX84,1.0,17600.0,0.8921642971618337,MMLL (15)
MIX85,1.0,3200.0,0.9562492819284013,MMLL (15)
MIX85,1.0,4800.0,0.9379587312994485,MMLL (15)
MIX85,1.0,6400.0,0.9301803606952344,MMLL (15)
MIX85,1.0,8000.0,0.9261202826585216,MMLL (15)
MIX85,1.0,8800.0,0.9244651407648834,MMLL (15)
MIX85,1.0,12800.0,0.9236733310414823,MMLL (15)
MIX85,1.0,17600.0,0.9212509279045874,MMLL (15)
MIX86,1.0,3200.0,0.9594327879659972,MMLL (15)
MIX86,1.0,4800.0,0.9459993988884949,MMLL (15)
MIX86,1.0,6400.0,0.9451532913965718,MMLL (15)
MIX86,1.0,8000.0,0.9407507492014141,MMLL (15)
MIX86,1.0,8800.0,0.936047987619025,MMLL (15)
MIX86,1.0,12800.0,0.9255826598566512,MMLL (15)
MIX86,1.0,17600.0,0.9330147300597011,MMLL (15)
MIX87,1.0,3200.0,0.9436770078867744,MMLL (15)
MIX87,1.0,4800.0,0.9530907814665449,MMLL (15)
MIX87,1.0,6400.0,0.9498794615526519,MMLL (15)
MIX87,1.0,8000.0,0.9605167578356566,MMLL (15)
MIX87,1.0,8800.0,0.9559102450433232,MMLL (15)
MIX87,1.0,12800.0,0.951130211456985,MMLL (15)
MIX87,1.0,17600.0,0.9584759816930493,MMLL (15)
MIX88,1.0,3200.0,0.9587254646480432,MMLL (15)
MIX88,1.0,4800.0,0.9419610644413934,MMLL (15)
MIX88,1.0,6400.0,0.9342637977855098,MMLL (15)
MIX88,1.0,8000.0,0.9275415582553932,MMLL (15)
MIX88,1.0,8800.0,0.9272801386552887,MMLL (15)
MIX88,1.0,12800.0,0.9267416226388691,MMLL (15)
MIX88,1.0,17600.0,0.9274759813193054,MMLL (15)
MIX89,1.0,3200.0,0.9175304762747256,MMLL (15)
MIX89,1.0,4800.0,0.9207046917946452,MMLL (15)
MIX89,1.0,6400.0,0.9239042808733471,MMLL (15)
MIX89,1.0,8000.0,0.9144511067876749,MMLL (15)
MIX89,1.0,8800.0,0.9283983215424532,MMLL (15)
MIX89,1.0,12800.0,0.9297528165082761,MMLL (15)
MIX89,1.0,17600.0,0.9194223496682673,MMLL (15)
MIX9,1.0,3200.0,0.9765805064039549,HHHH (15)
MIX9,1.0,4800.0,0.9276311664902529,HHHH (15)
MIX9,1.0,6400.0,0.8854304638022104,HHHH (15)
MIX9,1.0,8000.0,0.8689131124473908,HHHH (15)
MIX9,1.0,8800.0,0.8678542640159161,HHHH (15)
MIX9,1.0,12800.0,0.8563674728145813,HHHH (15)
MIX9,1.0,17600.0,0.8520146766003968,HHHH (15)
HHHH (15),1.0,3200.0,0.9699861917063581,
MMMM (15),1.0,3200.0,0.945649513189761,
LLLL (15),1.0,3200.0,0.9819874034537254,
HHMM (15),1.0,3200.0,0.9662021265269722,
HHLL (15),1.0,3200.0,0.9690156487925574,
MMLL (15),1.0,3200.0,0.9521555257352761,
HHHH (15),1.0,4800.0,0.9313055994275251,
MMMM (15),1.0,4800.0,0.912198021918885,
LLLL (15),1.0,4800.0,0.9812204914837098,
HHMM (15),1.0,4800.0,0.9291835685908055,
HHLL (15),1.0,4800.0,0.9507532519427618,
MMLL (15),1.0,4800.0,0.9394698410275688,
HHHH (15),1.0,6400.0,0.8895319619370273,
MMMM (15),1.0,6400.0,0.8952316994756493,
LLLL (15),1.0,6400.0,0.9800331659135701,
HHMM (15),1.0,6400.0,0.8959357085261058,
HHLL (15),1.0,6400.0,0.9407171263114197,
MMLL (15),1.0,6400.0,0.936987869395901,
HHHH (15),1.0,8000.0,0.8654370021031302,
MMMM (15),1.0,8000.0,0.8844693378154461,
LLLL (15),1.0,8000.0,0.9799820769539143,
HHMM (15),1.0,8000.0,0.8781754383919381,
HHLL (15),1.0,8000.0,0.9365255235922264,
MMLL (15),1.0,8000.0,0.9339767557083839,
HHHH (15),1.0,8800.0,0.8563487452307447,
MMMM (15),1.0,8800.0,0.8822723558131097,
LLLL (15),1.0,8800.0,0.9795800319212687,
HHMM (15),1.0,8800.0,0.8707293503481421,
HHLL (15),1.0,8800.0,0.9341346702417941,
MMLL (15),1.0,8800.0,0.9338568100351866,
HHHH (15),1.0,12800.0,0.841023664036412,
MMMM (15),1.0,12800.0,0.8764072442629759,
LLLL (15),1.0,12800.0,0.9794495866303529,
HHMM (15),1.0,12800.0,0.8583994822290334,
HHLL (15),1.0,12800.0,0.9331359776495186,
MMLL (15),1.0,12800.0,0.9328860163517793,
HHHH (15),1.0,17600.0,0.8367106023453494,
MMMM (15),1.0,17600.0,0.8766666833290792,
LLLL (15),1.0,17600.0,0.9789428316579707,
HHMM (15),1.0,17600.0,0.8571391389785015,
HHLL (15),1.0,17600.0,0.9317772783158268,
MMLL (15),1.0,17600.0,0.9309699036272707,
All (90),1.0,3200.0,0.9640688664459339,
All (90),1.0,4800.0,0.9404448998223749,
All (90),1.0,6400.0,0.9227871362069543,
All (90),1.0,8000.0,0.9122115309568243,
All (90),1.0,8800.0,0.9087264752183161,
All (90),1.0,12800.0,0.9027225609952574,
All (90),1.0,17600.0,0.9016452642721063,
