workload,interface,Channel,mitigation,RD_REQs,WR_REQs,WR_ratio
MIX2,8000.0,1.0,Baseline,29622149.0,9160073.0,0.23619257813541472
MIX13,8000.0,4.0,Baseline,42632082.0,19403090.0,0.31277562992813174
MIX30,8000.0,4.0,Baseline,997424.0,57990.0,0.05494526318582092
MIX50,8000.0,2.0,Baseline,35136805.0,12518263.0,0.2626848208463368
MIX10,8000.0,8.0,Baseline,48077117.0,24112623.0,0.33401731326363
MIX71,8000.0,4.0,Baseline,41734434.0,16451452.0,0.28273956333671707
MIX4,8000.0,1.0,Baseline,38897214.0,17122036.0,0.3056455771899838
MIX76,8000.0,4.0,Baseline,7440732.0,3577566.0,0.32469316041370455
MIX0,8000.0,1.0,Baseline,47311140.0,28150736.0,0.37304580129971854
MIX54,8000.0,16.0,Baseline,17047386.0,8338183.0,0.32846153655251925
MIX54,8000.0,8.0,Baseline,17818602.0,8869965.0,0.3323507403001443
MIX26,8000.0,8.0,Baseline,11115517.0,5312520.0,0.32338130234306145
MIX47,8000.0,8.0,Baseline,28350138.0,17799087.0,0.3856855017608638
MIX37,8000.0,8.0,Baseline,1150990.0,142683.0,0.11029294110644652
MIX58,8000.0,4.0,Baseline,58635426.0,17371505.0,0.22855159090688718
MIX34,8000.0,1.0,Baseline,2244659.0,189027.0,0.07767107178165138
MIX19,8000.0,2.0,Baseline,18116735.0,6391939.0,0.26080313443313985
MIX72,8000.0,8.0,Baseline,28938563.0,19786824.0,0.4060885960741574
MIX74,8000.0,16.0,Baseline,23724181.0,16571930.0,0.4112538304254721
MIX67,8000.0,2.0,Baseline,18953262.0,12032086.0,0.3883153418189784
MIX35,8000.0,16.0,Baseline,1116044.0,63773.0,0.054053298096230176
MIX28,8000.0,8.0,Baseline,22319445.0,7146469.0,0.24253342353473237
MIX71,8000.0,1.0,Baseline,42166491.0,16730481.0,0.2840635168816489
MIX61,8000.0,2.0,Baseline,22636405.0,15428269.0,0.405317250319811
MIX4,8000.0,4.0,Baseline,37496046.0,16839199.0,0.3099130039811176
MIX76,8000.0,1.0,Baseline,7891531.0,3865325.0,0.3287719948258276
MIX10,8000.0,2.0,Baseline,48865057.0,24334636.0,0.33244177677083975
MIX45,8000.0,1.0,Baseline,51596940.0,18512311.0,0.2640494761525836
MIX21,8000.0,1.0,Baseline,18502681.0,5827644.0,0.2395218312948964
MIX61,8000.0,8.0,Baseline,21231991.0,14692578.0,0.40898411335150603
MIX75,8000.0,4.0,Baseline,5653954.0,2414804.0,0.2992782780199877
MIX27,8000.0,2.0,Baseline,15754143.0,5505255.0,0.2589562978217916
MIX23,8000.0,8.0,Baseline,10521578.0,6125523.0,0.36796334689144977
MIX3,8000.0,16.0,Baseline,65411616.0,16432863.0,0.2007815701288782
MIX68,8000.0,4.0,Baseline,27776182.0,23722427.0,0.4606420922941822
MIX1,8000.0,8.0,Baseline,65403956.0,17413885.0,0.21026731426142828
MIX44,8000.0,1.0,Baseline,556873.0,230623.0,0.29285609069760354
MIX74,8000.0,2.0,Baseline,25125457.0,17162644.0,0.4058504305974865
MIX13,8000.0,1.0,Baseline,42737382.0,19317234.0,0.31129407037181567
MIX85,8000.0,1.0,Baseline,6435895.0,3553083.0,0.3557003529289983
MIX46,8000.0,16.0,Baseline,36007233.0,9714048.0,0.21246228862222824
MIX44,8000.0,4.0,Baseline,552234.0,226693.0,0.2910324074014638
MIX26,8000.0,2.0,Baseline,10802036.0,5210187.0,0.3253881113197087
MIX9,8000.0,4.0,Baseline,39584411.0,12789756.0,0.244199702498371
MIX26,8000.0,4.0,Baseline,10943112.0,5222758.0,0.32307311638656006
MIX31,8000.0,16.0,Baseline,545742.0,301614.0,0.35594720518884626
MIX29,8000.0,2.0,Baseline,12233173.0,6120767.0,0.33348518083855566
MIX59,8000.0,16.0,Baseline,23901361.0,17488662.0,0.4225332757123619
MIX70,8000.0,16.0,Baseline,45281256.0,14559145.0,0.24329958951979616
MIX83,8000.0,2.0,Baseline,11744340.0,2328812.0,0.1654790625440555
MIX29,8000.0,1.0,Baseline,12406767.0,6182649.0,0.3325897381606824
MIX22,8000.0,2.0,Baseline,17018984.0,1559769.0,0.0839544505489685
MIX83,8000.0,4.0,Baseline,11201485.0,2169326.0,0.1622434121610125
MIX36,8000.0,4.0,Baseline,348966.0,129008.0,0.2699058944628787
MIX38,8000.0,1.0,Baseline,1546881.0,394330.0,0.2031360836096643
MIX1,8000.0,4.0,Baseline,65509837.0,17373821.0,0.20961696695384752
MIX15,8000.0,4.0,Baseline,7582646.0,4311975.0,0.36251470307460826
MIX38,8000.0,4.0,Baseline,1555720.0,394275.0,0.20219282613545164
MIX63,8000.0,8.0,Baseline,19932720.0,12411483.0,0.3837312980010668
MIX36,8000.0,16.0,Baseline,348827.0,127945.0,0.26835678269697044
MIX8,8000.0,8.0,Baseline,50991134.0,22873959.0,0.30967210722932415
MIX14,8000.0,1.0,Baseline,47956378.0,23846963.0,0.3321149499157706
MIX51,8000.0,2.0,Baseline,52631853.0,19555303.0,0.27089726321951235
MIX78,8000.0,4.0,Baseline,5623837.0,2387896.0,0.29804987260558985
MIX57,8000.0,16.0,Baseline,29022598.0,19546161.0,0.4024430807466174
MIX70,8000.0,4.0,Baseline,46944081.0,14589363.0,0.23709648041153036
MIX77,8000.0,2.0,Baseline,3832938.0,2229780.0,0.367785537773652
MIX66,8000.0,4.0,Baseline,22070814.0,16659724.0,0.43014439923349373
MIX89,8000.0,1.0,Baseline,4928900.0,1021609.0,0.1716843046536019
MIX21,8000.0,4.0,Baseline,17349042.0,5315877.0,0.23454206917748086
MIX47,8000.0,16.0,Baseline,27717500.0,17617249.0,0.38860365147273673
MIX2,8000.0,8.0,Baseline,28502253.0,8773974.0,0.23537720166796924
MIX23,8000.0,1.0,Baseline,10768381.0,6339920.0,0.37057566382541435
MIX57,8000.0,1.0,Baseline,31345412.0,20892287.0,0.399946540524306
MIX43,8000.0,1.0,Baseline,170816.0,38245.0,0.18293703751536633
MIX85,8000.0,16.0,Baseline,6454248.0,3565517.0,0.3558483657051837
MIX51,8000.0,4.0,Baseline,51162146.0,19303136.0,0.273938249477239
MIX86,8000.0,2.0,Baseline,4869948.0,656513.0,0.11879446901009524
MIX44,8000.0,2.0,Baseline,558341.0,231270.0,0.2928910564822425
MIX46,8000.0,1.0,Baseline,34690266.0,10138418.0,0.22615917076664574
MIX4,8000.0,2.0,Baseline,38342896.0,17049924.0,0.30780025281254864
MIX83,8000.0,1.0,Baseline,12078740.0,2443601.0,0.1682649512223959
MIX1,8000.0,16.0,Baseline,65539424.0,17486468.0,0.21061463573315178
MIX79,8000.0,16.0,Baseline,4932704.0,3896468.0,0.44131748707579826
MIX0,8000.0,2.0,Baseline,47121609.0,28044467.0,0.37310005380618777
MIX52,8000.0,1.0,Baseline,54677925.0,13833962.0,0.20192060977681142
MIX27,8000.0,4.0,Baseline,14829115.0,5079593.0,0.2551442815877354
MIX70,8000.0,8.0,Baseline,46203599.0,14560688.0,0.23962575254112667
MIX60,8000.0,16.0,Baseline,11774560.0,5421364.0,0.3152702931229517
MIX87,8000.0,4.0,Baseline,6679331.0,1877258.0,0.21939326523688352
MIX14,8000.0,2.0,Baseline,47870618.0,23798369.0,0.3320595141103362
MIX25,8000.0,2.0,Baseline,10846265.0,4917914.0,0.31196765781459346
MIX0,8000.0,16.0,Baseline,45302013.0,27665068.0,0.3791445076444815
MIX72,8000.0,2.0,Baseline,29860106.0,20187171.0,0.40336202507081453
MIX35,8000.0,2.0,Baseline,1122021.0,66490.0,0.05594395003495971
MIX28,8000.0,2.0,Baseline,24842172.0,8562912.0,0.2563355925104095
MIX77,8000.0,1.0,Baseline,3862157.0,2235902.0,0.3666579808427567
MIX25,8000.0,4.0,Baseline,10470758.0,4789124.0,0.31383755129954477
MIX40,8000.0,8.0,Baseline,2099068.0,368759.0,0.14942660081115897
MIX64,8000.0,8.0,Baseline,12765071.0,5361980.0,0.2957999070008685
MIX38,8000.0,16.0,Baseline,1559469.0,393996.0,0.20169084165828413
MIX37,8000.0,16.0,Baseline,1147630.0,141965.0,0.11008494915070235
MIX56,8000.0,1.0,Baseline,42891232.0,17039526.0,0.2843202150054568
MIX53,8000.0,1.0,Baseline,14433341.0,8398661.0,0.3678460171823741
MIX82,8000.0,2.0,Baseline,6885072.0,710568.0,0.09354945732025215
MIX78,8000.0,16.0,Baseline,5257970.0,2358982.0,0.3097015709170807
MIX76,8000.0,2.0,Baseline,7654080.0,3702230.0,0.3260064228609469
MIX83,8000.0,8.0,Baseline,10739749.0,2048353.0,0.16017646715673678
MIX63,8000.0,2.0,Baseline,21018469.0,13151691.0,0.3848881889929693
MIX38,8000.0,8.0,Baseline,1556598.0,393650.0,0.20184612418523182
MIX73,8000.0,8.0,Baseline,11059096.0,5394213.0,0.3278497352720963
MIX58,8000.0,8.0,Baseline,58264143.0,17127590.0,0.22718127463657056
MIX66,8000.0,1.0,Baseline,23626323.0,17471580.0,0.4251209605511989
MIX61,8000.0,1.0,Baseline,22756600.0,15494536.0,0.4050738780673076
MIX28,8000.0,1.0,Baseline,25472218.0,8819242.0,0.25718479178197723
MIX6,8000.0,1.0,Baseline,42568132.0,22422708.0,0.34501335880564094
MIX87,8000.0,8.0,Baseline,6579426.0,1837289.0,0.218290508826781
MIX46,8000.0,2.0,Baseline,34508643.0,9763998.0,0.22054247904478977
MIX72,8000.0,16.0,Baseline,28608666.0,19645524.0,0.4071257646227198
MIX34,8000.0,16.0,Baseline,2215056.0,182607.0,0.0761604112004064
MIX40,8000.0,2.0,Baseline,2120416.0,370585.0,0.14876951073082667
MIX85,8000.0,2.0,Baseline,6428397.0,3535526.0,0.3548327300401659
MIX19,8000.0,8.0,Baseline,17383033.0,5986409.0,0.2561639683138348
MIX50,8000.0,1.0,Baseline,36188656.0,13068342.0,0.2653093475164686
MIX20,8000.0,8.0,Baseline,15579714.0,8793105.0,0.36077505027219053
MIX56,8000.0,2.0,Baseline,41701033.0,16752163.0,0.28659105312222793
MIX22,8000.0,16.0,Baseline,15539626.0,1378984.0,0.0815069323070867
MIX49,8000.0,8.0,Baseline,41315422.0,25656455.0,0.3830929660221409
MIX84,8000.0,2.0,Baseline,6746007.0,2999424.0,0.30777746002203493
MIX52,8000.0,4.0,Baseline,52153241.0,12996417.0,0.19948557519672627
MIX62,8000.0,1.0,Baseline,20758874.0,9010443.0,0.30267550310274166
MIX37,8000.0,4.0,Baseline,1155311.0,143600.0,0.11055414882158977
MIX47,8000.0,2.0,Baseline,29831114.0,18286459.0,0.38003701890783226
MIX25,8000.0,8.0,Baseline,10264644.0,4712437.0,0.31464322053142396
MIX55,8000.0,2.0,Baseline,35088378.0,9723292.0,0.21698124617984557
MIX66,8000.0,2.0,Baseline,22893640.0,17108712.0,0.4276926516720817
MIX9,8000.0,2.0,Baseline,39507625.0,12848882.0,0.24541136787448406
MIX17,8000.0,2.0,Baseline,15266514.0,7043113.0,0.31569837541434465
MIX63,8000.0,4.0,Baseline,20519955.0,12780578.0,0.38379499811609624
MIX5,8000.0,1.0,Baseline,41216616.0,13287693.0,0.2437916055407656
MIX88,8000.0,8.0,Baseline,17511976.0,5721558.0,0.24626292323845353
MIX42,8000.0,2.0,Baseline,1195850.0,403563.0,0.25231944469627293
MIX77,8000.0,8.0,Baseline,3800681.0,2218698.0,0.36859250763243184
MIX7,8000.0,16.0,Baseline,60632767.0,23940849.0,0.28307704142625284
MIX2,8000.0,2.0,Baseline,28179250.0,8614841.0,0.23413653567362216
MIX78,8000.0,2.0,Baseline,5506611.0,2413629.0,0.3047419017605527
MIX45,8000.0,16.0,Baseline,49638966.0,17755043.0,0.2634513551493872
MIX19,8000.0,4.0,Baseline,17676688.0,6133251.0,0.25759205010983016
MIX56,8000.0,8.0,Baseline,39667976.0,16388236.0,0.2923536110502793
MIX84,8000.0,8.0,Baseline,6592096.0,2945679.0,0.308843414737714
MIX81,8000.0,8.0,Baseline,5483098.0,3010179.0,0.3544190304872901
MIX69,8000.0,1.0,Baseline,4086408.0,979976.0,0.19342710698596868
MIX56,8000.0,4.0,Baseline,40553832.0,16528749.0,0.2895585432620855
MIX37,8000.0,1.0,Baseline,1170487.0,147836.0,0.11213943775539074
MIX17,8000.0,16.0,Baseline,15328919.0,6972816.0,0.31265800620445
MIX69,8000.0,16.0,Baseline,4075941.0,945393.0,0.18827526709037878
MIX31,8000.0,4.0,Baseline,546718.0,298839.0,0.3534226551255563
MIX68,8000.0,16.0,Baseline,28026914.0,24032403.0,0.4616350037784783
MIX44,8000.0,8.0,Baseline,551299.0,226662.0,0.29135393676546767
MIX5,8000.0,2.0,Baseline,40830555.0,13057940.0,0.24231405980070514
MIX7,8000.0,2.0,Baseline,62039160.0,24252034.0,0.28104877074710544
MIX41,8000.0,16.0,Baseline,743299.0,253476.0,0.2542961049384264
MIX77,8000.0,4.0,Baseline,3800812.0,2215538.0,0.3682528443325272
MIX80,8000.0,8.0,Baseline,3229763.0,1222763.0,0.2746223155125877
MIX80,8000.0,1.0,Baseline,3160288.0,1214319.0,0.2775835635063904
MIX1,8000.0,2.0,Baseline,65837076.0,17507516.0,0.21006181180897737
MIX51,8000.0,8.0,Baseline,50111514.0,19119051.0,0.2761648846864098
MIX8,8000.0,1.0,Baseline,50592801.0,22683608.0,0.30956222213345636
MIX21,8000.0,16.0,Baseline,15986377.0,4757065.0,0.2293286234753133
MIX73,8000.0,2.0,Baseline,10726728.0,5186950.0,0.3259428775673355
MIX18,8000.0,1.0,Baseline,10518299.0,6530449.0,0.3830456641156289
MIX25,8000.0,16.0,Baseline,10166257.0,4676210.0,0.31505611567133684
MIX75,8000.0,16.0,Baseline,5536266.0,2394885.0,0.3019593246932255
MIX58,8000.0,1.0,Baseline,59954368.0,18185357.0,0.23272870489370165
MIX20,8000.0,2.0,Baseline,15069117.0,8637142.0,0.3643401516873666
MIX24,8000.0,16.0,Baseline,13512723.0,3772525.0,0.21825113530335233
MIX11,8000.0,1.0,Baseline,76092604.0,34576527.0,0.31243153973983945
MIX16,8000.0,2.0,Baseline,32878929.0,5912323.0,0.15241382258041067
MIX86,8000.0,16.0,Baseline,4938403.0,665052.0,0.1186860606536503
MIX47,8000.0,4.0,Baseline,29097108.0,18073871.0,0.3831565802354876
MIX24,8000.0,4.0,Baseline,14845354.0,4370065.0,0.22742491329489095
MIX14,8000.0,16.0,Baseline,46153888.0,23128995.0,0.333834188164485
MIX59,8000.0,1.0,Baseline,27543577.0,19125983.0,0.40981708419792257
MIX46,8000.0,8.0,Baseline,35551560.0,9848842.0,0.2169329249551579
MIX78,8000.0,1.0,Baseline,5647684.0,2445700.0,0.3021850934046871
MIX4,8000.0,16.0,Baseline,36370987.0,16490966.0,0.3119628591853199
MIX73,8000.0,1.0,Baseline,10936811.0,5282958.0,0.3257110505087958
MIX39,8000.0,1.0,Baseline,1554465.0,404854.0,0.20662995663289133
MIX62,8000.0,2.0,Baseline,20107670.0,8669616.0,0.30126593591904394
MIX64,8000.0,2.0,Baseline,13117417.0,5513714.0,0.2959409173817735
MIX30,8000.0,16.0,Baseline,994954.0,58229.0,0.05528858707366146
MIX67,8000.0,1.0,Baseline,19369304.0,12100538.0,0.3845121942461611
MIX40,8000.0,16.0,Baseline,2087137.0,360906.0,0.14742633197210997
MIX14,8000.0,4.0,Baseline,47249283.0,23548821.0,0.33261937353576587
MIX53,8000.0,16.0,Baseline,13280796.0,7597308.0,0.3638887899016118
MIX60,8000.0,4.0,Baseline,11590390.0,5302023.0,0.313870078833616
MIX55,8000.0,8.0,Baseline,34242548.0,9512789.0,0.21740865577152338
MIX8,8000.0,16.0,Baseline,50808439.0,22817076.0,0.30990718367131287
MIX52,8000.0,8.0,Baseline,51227456.0,12677990.0,0.19838669148792107
MIX12,8000.0,8.0,Baseline,23187723.0,6140485.0,0.209371298785115
MIX53,8000.0,8.0,Baseline,13802721.0,7821109.0,0.3616893492040957
MIX45,8000.0,8.0,Baseline,50599555.0,17903183.0,0.261349889401501
MIX75,8000.0,8.0,Baseline,5592698.0,2405443.0,0.3007502618420956
MIX32,8000.0,4.0,Baseline,1610549.0,304299.0,0.15891548572001538
MIX67,8000.0,4.0,Baseline,18544391.0,11961546.0,0.3921055104781735
MIX19,8000.0,1.0,Baseline,18436783.0,6613497.0,0.2640089052896814
MIX31,8000.0,2.0,Baseline,558465.0,308199.0,0.3556153249702307
MIX24,8000.0,8.0,Baseline,13987556.0,3998984.0,0.2223320327311423
MIX57,8000.0,4.0,Baseline,30362351.0,20182366.0,0.399297240105232
MIX10,8000.0,4.0,Baseline,48480940.0,24230704.0,0.33324379242477314
MIX79,8000.0,4.0,Baseline,4975169.0,3934837.0,0.4416200168664308
MIX15,8000.0,1.0,Baseline,7800789.0,4401104.0,0.36069026338782023
MIX63,8000.0,16.0,Baseline,19378671.0,12072939.0,0.38385758312531537
MIX61,8000.0,16.0,Baseline,20801981.0,14569932.0,0.4119068143133791
MIX48,8000.0,8.0,Baseline,49230086.0,10798341.0,0.17988712247948793
MIX32,8000.0,2.0,Baseline,1644225.0,317212.0,0.1617242868366407
MIX53,8000.0,4.0,Baseline,13862088.0,7951544.0,0.3645217816088582
MIX67,8000.0,16.0,Baseline,18103635.0,11870792.0,0.3960306563992032
MIX53,8000.0,2.0,Baseline,14411676.0,8327312.0,0.36621295547541516
MIX19,8000.0,16.0,Baseline,17018101.0,5781650.0,0.25358390975410217
MIX41,8000.0,1.0,Baseline,749109.0,259130.0,0.25701247422486134
MIX75,8000.0,2.0,Baseline,5726429.0,2426794.0,0.2976484268859076
MIX13,8000.0,2.0,Baseline,43008221.0,19440210.0,0.31130021505264077
MIX61,8000.0,4.0,Baseline,21782301.0,14892214.0,0.40606437467543877
MIX72,8000.0,1.0,Baseline,30075143.0,20209232.0,0.40189884034553475
MIX2,8000.0,4.0,Baseline,28035186.0,8579056.0,0.2343092614070776
MIX68,8000.0,1.0,Baseline,27563172.0,23388264.0,0.45903051682390267
MIX43,8000.0,2.0,Baseline,170466.0,37446.0,0.18010504444187925
MIX52,8000.0,2.0,Baseline,53616213.0,13521774.0,0.20140273195858555
MIX56,8000.0,16.0,Baseline,38613060.0,16260259.0,0.2963235921632515
MIX69,8000.0,8.0,Baseline,4025289.0,947669.0,0.190564448764699
MIX84,8000.0,16.0,Baseline,6533391.0,2926548.0,0.3093622485303552
MIX39,8000.0,16.0,Baseline,1553609.0,397829.0,0.20386453476871927
MIX18,8000.0,2.0,Baseline,10305196.0,6337018.0,0.380779744810396
MIX13,8000.0,8.0,Baseline,42433665.0,19361825.0,0.3133210044940173
MIX59,8000.0,8.0,Baseline,24772501.0,17875147.0,0.4191355875006284
MIX28,8000.0,16.0,Baseline,21881942.0,6992900.0,0.24217968015201607
MIX68,8000.0,8.0,Baseline,28117900.0,24102322.0,0.46155150393654015
MIX41,8000.0,4.0,Baseline,755579.0,262316.0,0.2577043801177921
MIX24,8000.0,1.0,Baseline,15392279.0,4484205.0,0.2256035322947459
MIX32,8000.0,1.0,Baseline,1661326.0,326486.0,0.16424390234086522
MIX80,8000.0,2.0,Baseline,3133308.0,1206362.0,0.2779847315579295
MIX84,8000.0,4.0,Baseline,6647970.0,2962490.0,0.30825683682154653
MIX87,8000.0,2.0,Baseline,7003860.0,1989854.0,0.22124941931664716
MIX48,8000.0,2.0,Baseline,49899518.0,11235802.0,0.18378577228351795
MIX33,8000.0,2.0,Baseline,983239.0,238737.0,0.19536963082744668
MIX8,8000.0,2.0,Baseline,50638578.0,22711816.0,0.3096345467483106
MIX62,8000.0,16.0,Baseline,18805457.0,8028026.0,0.29917942445265117
MIX71,8000.0,2.0,Baseline,41930411.0,16584703.0,0.28342597093803834
MIX84,8000.0,1.0,Baseline,6837432.0,3037996.0,0.3076318312482254
MIX34,8000.0,4.0,Baseline,2223399.0,184770.0,0.07672634271099744
MIX7,8000.0,8.0,Baseline,60632009.0,23698413.0,0.28101855105148177
MIX27,8000.0,16.0,Baseline,14382907.0,4924379.0,0.2550528852164929
MIX54,8000.0,4.0,Baseline,18645276.0,9312391.0,0.33308898771846734
MIX41,8000.0,8.0,Baseline,750809.0,259022.0,0.2565003451072506
MIX48,8000.0,1.0,Baseline,50455341.0,11570093.0,0.1865378805733145
MIX49,8000.0,16.0,Baseline,40286965.0,25213946.0,0.3849403865543183
MIX5,8000.0,8.0,Baseline,41040383.0,12969555.0,0.24013275112443194
MIX30,8000.0,2.0,Baseline,998303.0,58174.0,0.055064142428088825
MIX36,8000.0,1.0,Baseline,348141.0,127725.0,0.26840539143372294
MIX1,8000.0,1.0,Baseline,64828947.0,17204328.0,0.20972377367598696
MIX59,8000.0,2.0,Baseline,26933166.0,18720671.0,0.41005690277467804
MIX87,8000.0,16.0,Baseline,6350346.0,1752536.0,0.2162855142158062
MIX12,8000.0,16.0,Baseline,23201712.0,6103395.0,0.2082706949338216
MIX82,8000.0,1.0,Baseline,6975890.0,716651.0,0.09316180440247247
MIX12,8000.0,2.0,Baseline,23583729.0,6277031.0,0.21021002144620565
MIX30,8000.0,8.0,Baseline,998112.0,59937.0,0.05664860512131291
MIX66,8000.0,16.0,Baseline,21232603.0,16179041.0,0.4324600383773565
MIX35,8000.0,4.0,Baseline,1118767.0,66238.0,0.05589681056198075
MIX6,8000.0,16.0,Baseline,39996356.0,21246111.0,0.34691794829231815
MIX76,8000.0,16.0,Baseline,7295043.0,3519520.0,0.3254426461799705
MIX60,8000.0,8.0,Baseline,11739535.0,5394072.0,0.31482407644811744
MIX44,8000.0,16.0,Baseline,549268.0,225556.0,0.2911061092583606
MIX64,8000.0,1.0,Baseline,13305169.0,5661935.0,0.29851341564848277
MIX85,8000.0,8.0,Baseline,6434208.0,3554455.0,0.3558489259273238
MIX16,8000.0,1.0,Baseline,33669834.0,6057401.0,0.15247476951265296
MIX67,8000.0,8.0,Baseline,18384725.0,11920011.0,0.39333822277811625
MIX23,8000.0,4.0,Baseline,10532835.0,6140344.0,0.36827673954678947
MIX70,8000.0,2.0,Baseline,47340146.0,14609540.0,0.23582912107092843
MIX48,8000.0,4.0,Baseline,49571265.0,10970224.0,0.1812017540566272
MIX51,8000.0,1.0,Baseline,53496398.0,19645779.0,0.2685971324041941
MIX42,8000.0,8.0,Baseline,1175294.0,388578.0,0.2484717419328436
MIX29,8000.0,8.0,Baseline,11777756.0,5977413.0,0.3366576234785487
MIX72,8000.0,4.0,Baseline,29297240.0,19938047.0,0.4049544181594798
MIX66,8000.0,8.0,Baseline,21637072.0,16378153.0,0.4308314103099482
MIX42,8000.0,16.0,Baseline,1176448.0,390317.0,0.24912287420257664
MIX39,8000.0,8.0,Baseline,1549105.0,396190.0,0.20366576791694832
MIX88,8000.0,2.0,Baseline,18326072.0,6261564.0,0.2546631160474313
MIX57,8000.0,8.0,Baseline,29726507.0,19849394.0,0.4003839284736348
MIX26,8000.0,1.0,Baseline,11124051.0,5443277.0,0.3285549124155688
MIX46,8000.0,4.0,Baseline,34623768.0,9682980.0,0.2185441368885841
MIX82,8000.0,4.0,Baseline,6597840.0,675007.0,0.09281193458352692
MIX15,8000.0,16.0,Baseline,7515951.0,4264831.0,0.36201595106335044
MIX79,8000.0,8.0,Baseline,4950377.0,3911891.0,0.44140969332003954
MIX51,8000.0,16.0,Baseline,48363459.0,18770975.0,0.27960278923331655
MIX64,8000.0,16.0,Baseline,12527138.0,5250802.0,0.29535491738637887
MIX50,8000.0,4.0,Baseline,33502403.0,11898102.0,0.26206981618376274
MIX43,8000.0,4.0,Baseline,171832.0,37457.0,0.17897261681215926
MIX47,8000.0,1.0,Baseline,30639271.0,18605776.0,0.3778202506335307
MIX5,8000.0,16.0,Baseline,41667276.0,13067439.0,0.23874133627990937
MIX89,8000.0,2.0,Baseline,4851248.0,993676.0,0.1700066587692158
MIX49,8000.0,2.0,Baseline,43276764.0,26481760.0,0.37962041742741004
MIX80,8000.0,4.0,Baseline,3178147.0,1215908.0,0.2767166091457663
MIX22,8000.0,1.0,Baseline,16928679.0,1598100.0,0.08625892282733011
MIX38,8000.0,2.0,Baseline,1550158.0,397201.0,0.20396906785035526
MIX33,8000.0,4.0,Baseline,977986.0,239706.0,0.19685273451743135
MIX81,8000.0,16.0,Baseline,5446558.0,2993298.0,0.3546622122462753
MIX21,8000.0,8.0,Baseline,16586177.0,5005414.0,0.23182237936982042
MIX88,8000.0,1.0,Baseline,18570909.0,6389313.0,0.2559798146026105
MIX58,8000.0,16.0,Baseline,58249317.0,17072525.0,0.22666101288388565
MIX86,8000.0,8.0,Baseline,4751721.0,657513.0,0.12155380965216148
MIX65,8000.0,8.0,Baseline,22363294.0,14029036.0,0.38549430608042956
MIX89,8000.0,16.0,Baseline,4785918.0,988718.0,0.17121737196941936
MIX39,8000.0,2.0,Baseline,1547523.0,398890.0,0.2049359514142168
MIX20,8000.0,4.0,Baseline,15342300.0,8721984.0,0.36244519055709284
MIX71,8000.0,8.0,Baseline,41922104.0,16668092.0,0.28448602561425124
MIX85,8000.0,4.0,Baseline,6391979.0,3532040.0,0.355908226294206
MIX31,8000.0,8.0,Baseline,544612.0,298008.0,0.35366832023925376
MIX50,8000.0,16.0,Baseline,31861205.0,11026871.0,0.25710808290863874
MIX36,8000.0,8.0,Baseline,349061.0,129031.0,0.26988738569145687
MIX62,8000.0,4.0,Baseline,19579042.0,8410348.0,0.3004834331866468
MIX16,8000.0,16.0,Baseline,29399320.0,5261909.0,0.15180964875769407
MIX32,8000.0,8.0,Baseline,1608939.0,301210.0,0.15768926926642896
MIX17,8000.0,8.0,Baseline,15451565.0,7001913.0,0.3118409094573233
MIX41,8000.0,2.0,Baseline,747532.0,256289.0,0.2553134473177987
MIX12,8000.0,4.0,Baseline,23430662.0,6197379.0,0.20917275630879545
MIX43,8000.0,8.0,Baseline,171413.0,38118.0,0.1819205749984489
MIX55,8000.0,16.0,Baseline,33959027.0,9414094.0,0.21704903366303752
MIX6,8000.0,8.0,Baseline,40643424.0,21599712.0,0.34702158965769336
MIX78,8000.0,8.0,Baseline,5305810.0,2388802.0,0.3104512612201889
MIX33,8000.0,1.0,Baseline,992527.0,244740.0,0.19780694061993087
MIX54,8000.0,1.0,Baseline,19298683.0,9611533.0,0.3324614731346179
MIX88,8000.0,16.0,Baseline,17391650.0,5635417.0,0.2447301256386669
MIX49,8000.0,4.0,Baseline,42191592.0,26019426.0,0.3814548846052994
MIX11,8000.0,4.0,Baseline,75432474.0,34564814.0,0.3142333290980774
MIX81,8000.0,1.0,Baseline,5561225.0,3086175.0,0.35689051044244513
MIX20,8000.0,16.0,Baseline,15581197.0,8776282.0,0.3603115905385775
MIX11,8000.0,16.0,Baseline,75053145.0,34530112.0,0.31510390314462
MIX54,8000.0,2.0,Baseline,19195028.0,9563007.0,0.3325333945799843
MIX37,8000.0,2.0,Baseline,1162984.0,146201.0,0.11167329292651536
MIX86,8000.0,1.0,Baseline,4880990.0,657118.0,0.11865387962820516
MIX3,8000.0,8.0,Baseline,65076245.0,16284280.0,0.2001496425938746
MIX4,8000.0,8.0,Baseline,37081896.0,16750548.0,0.3111608308179357
MIX43,8000.0,16.0,Baseline,170732.0,37792.0,0.18123573305710614
MIX65,8000.0,1.0,Baseline,23775345.0,14860053.0,0.3846227493243372
MIX6,8000.0,4.0,Baseline,41098540.0,21791344.0,0.34649998718394837
MIX60,8000.0,2.0,Baseline,11506208.0,5245184.0,0.3131192918176591
MIX64,8000.0,4.0,Baseline,12831157.0,5403776.0,0.296341971752789
MIX74,8000.0,8.0,Baseline,23908699.0,16640681.0,0.4103806519359852
MIX16,8000.0,4.0,Baseline,31462650.0,5617635.0,0.15149924009483745
MIX14,8000.0,8.0,Baseline,46657100.0,23320933.0,0.3332607677040594
MIX70,8000.0,1.0,Baseline,47475968.0,14647570.0,0.2357813233367359
MIX33,8000.0,16.0,Baseline,969702.0,235457.0,0.19537422033109325
MIX74,8000.0,4.0,Baseline,24354704.0,16832997.0,0.4086898902174705
MIX31,8000.0,1.0,Baseline,563079.0,312146.0,0.35664657659459
MIX76,8000.0,8.0,Baseline,7336801.0,3533664.0,0.325070178690608
MIX81,8000.0,4.0,Baseline,5509281.0,3055678.0,0.35676504697804157
MIX3,8000.0,4.0,Baseline,65145324.0,16256909.0,0.19971084822697677
MIX50,8000.0,8.0,Baseline,32360961.0,11302767.0,0.25885941301210014
MIX59,8000.0,4.0,Baseline,25596514.0,18187533.0,0.4153917749996934
MIX79,8000.0,2.0,Baseline,5001368.0,3960540.0,0.44193044606126286
MIX39,8000.0,4.0,Baseline,1549620.0,396883.0,0.20389539599990342
MIX34,8000.0,8.0,Baseline,2218001.0,183437.0,0.07638631519947632
MIX45,8000.0,4.0,Baseline,51056962.0,18048461.0,0.2611728604859274
MIX33,8000.0,8.0,Baseline,974631.0,236571.0,0.19531919531176467
MIX0,8000.0,4.0,Baseline,46623961.0,27989290.0,0.375124922515439
MIX15,8000.0,8.0,Baseline,7556681.0,4283449.0,0.36177381498345035
MIX81,8000.0,2.0,Baseline,5466435.0,3050335.0,0.35815631982547375
MIX7,8000.0,1.0,Baseline,61101744.0,23867001.0,0.2808915325276371
MIX88,8000.0,4.0,Baseline,17883020.0,5967820.0,0.2502142482193499
MIX42,8000.0,1.0,Baseline,1184617.0,395565.0,0.25032875959857787
MIX7,8000.0,4.0,Baseline,61267135.0,23827640.0,0.28001296201793824
MIX9,8000.0,1.0,Baseline,39045631.0,12789603.0,0.2467357049068207
MIX48,8000.0,16.0,Baseline,49074058.0,10694156.0,0.17892714679411367
MIX20,8000.0,1.0,Baseline,15418134.0,8827943.0,0.36409778786069186
MIX27,8000.0,8.0,Baseline,14447152.0,4980188.0,0.25634945391391717
MIX8,8000.0,4.0,Baseline,50911887.0,22819964.0,0.30949940480946286
MIX77,8000.0,16.0,Baseline,3772406.0,2200075.0,0.36836868966180053
MIX65,8000.0,4.0,Baseline,22760826.0,14274706.0,0.3854327244441905
MIX35,8000.0,8.0,Baseline,1115365.0,66142.0,0.05598104793285186
MIX40,8000.0,4.0,Baseline,2091369.0,356807.0,0.1457440151361667
MIX49,8000.0,1.0,Baseline,43719758.0,26644272.0,0.3786632459795154
MIX73,8000.0,4.0,Baseline,10884056.0,5283291.0,0.32678775311744096
MIX15,8000.0,2.0,Baseline,7675212.0,4365317.0,0.3625519277433741
MIX55,8000.0,1.0,Baseline,36286137.0,10023793.0,0.2164501868173845
MIX30,8000.0,1.0,Baseline,1003530.0,58395.0,0.05498975916378275
MIX9,8000.0,8.0,Baseline,39177384.0,12429014.0,0.24084250173786592
MIX10,8000.0,16.0,Baseline,47721372.0,24015257.0,0.3347698007945146
MIX17,8000.0,1.0,Baseline,15741931.0,7207656.0,0.31406473676410823
MIX74,8000.0,1.0,Baseline,25325995.0,17204588.0,0.4045227407298884
MIX10,8000.0,1.0,Baseline,48969437.0,24361010.0,0.3322086663401902
MIX63,8000.0,1.0,Baseline,21283667.0,13387475.0,0.38612731591015953
MIX9,8000.0,16.0,Baseline,39073376.0,12383466.0,0.24065732599758066
MIX57,8000.0,2.0,Baseline,31365044.0,20946027.0,0.4004128877422525
MIX87,8000.0,1.0,Baseline,7129068.0,2055674.0,0.22381401676824456
MIX24,8000.0,2.0,Baseline,15265431.0,4442418.0,0.22541364103205783
MIX23,8000.0,16.0,Baseline,10514126.0,6115190.0,0.3677355099873019
MIX55,8000.0,4.0,Baseline,34535924.0,9598294.0,0.2174796435727036
MIX60,8000.0,1.0,Baseline,11713880.0,5313224.0,0.31204507824701133
MIX62,8000.0,8.0,Baseline,19158276.0,8206407.0,0.29989044638302587
MIX0,8000.0,8.0,Baseline,46078184.0,27911699.0,0.377236695995316
MIX89,8000.0,8.0,Baseline,4831849.0,1019483.0,0.17423092724870165
MIX17,8000.0,4.0,Baseline,15480523.0,7019066.0,0.3119641874347127
MIX16,8000.0,8.0,Baseline,30213928.0,5391764.0,0.15142983318509862
MIX34,8000.0,2.0,Baseline,2233139.0,186892.0,0.0772271099006583
MIX23,8000.0,2.0,Baseline,10668529.0,6218573.0,0.36824394144122535
MIX3,8000.0,2.0,Baseline,65450864.0,16338525.0,0.19976338250919076
MIX69,8000.0,4.0,Baseline,3814230.0,893315.0,0.18976239207485004
MIX29,8000.0,16.0,Baseline,11832533.0,6004777.0,0.33664139940383386
MIX68,8000.0,2.0,Baseline,27229736.0,23137383.0,0.45937475597919347
MIX25,8000.0,1.0,Baseline,11027284.0,4983116.0,0.31124244241243193
MIX12,8000.0,1.0,Baseline,24259087.0,6488504.0,0.2110247921536357
MIX89,8000.0,4.0,Baseline,4819337.0,994802.0,0.17110048452573975
MIX3,8000.0,1.0,Baseline,64480016.0,15951828.0,0.19832726948296747
MIX45,8000.0,2.0,Baseline,51199102.0,18279672.0,0.26309721584897283
MIX82,8000.0,16.0,Baseline,6384052.0,646140.0,0.09190929636061149
MIX79,8000.0,1.0,Baseline,5044761.0,3996431.0,0.4420247905364691
MIX5,8000.0,4.0,Baseline,40797856.0,12904123.0,0.24029138665448438
MIX11,8000.0,8.0,Baseline,75611959.0,34557672.0,0.31367693334654084
MIX28,8000.0,4.0,Baseline,23249953.0,7623922.0,0.24693764550125308
MIX22,8000.0,4.0,Baseline,16497590.0,1487022.0,0.08268301812682975
MIX82,8000.0,8.0,Baseline,6465071.0,651905.0,0.09159859468403435
MIX27,8000.0,1.0,Baseline,15365463.0,5432831.0,0.26121522274855813
MIX18,8000.0,8.0,Baseline,9797118.0,5943842.0,0.37760352608735426
MIX65,8000.0,2.0,Baseline,23129133.0,14470409.0,0.38485599106499757
MIX2,8000.0,16.0,Baseline,29107509.0,8990273.0,0.2359789081684598
MIX71,8000.0,16.0,Baseline,42404412.0,17104278.0,0.28742487861856814
MIX18,8000.0,4.0,Baseline,9939825.0,6040916.0,0.37801225863056037
MIX52,8000.0,16.0,Baseline,50590029.0,12446480.0,0.19744875148463567
MIX6,8000.0,2.0,Baseline,41931079.0,22142915.0,0.34558349835348173
MIX13,8000.0,16.0,Baseline,42158204.0,19381070.0,0.31493822952802464
MIX11,8000.0,2.0,Baseline,75094742.0,34553209.0,0.3151286338218942
MIX40,8000.0,1.0,Baseline,2130088.0,372958.0,0.14900165638186433
MIX29,8000.0,4.0,Baseline,11798682.0,5977751.0,0.33627393077115075
MIX42,8000.0,4.0,Baseline,1183896.0,392004.0,0.2487492861222159
MIX35,8000.0,1.0,Baseline,1120080.0,62549.0,0.05288979045837706
MIX83,8000.0,16.0,Baseline,10380686.0,1922946.0,0.15629092287545662
MIX69,8000.0,2.0,Baseline,3848381.0,898535.0,0.1892881609870493
MIX21,8000.0,2.0,Baseline,18204985.0,5692473.0,0.23820412196142368
MIX32,8000.0,16.0,Baseline,1608767.0,301522.0,0.15784103871194358
MIX73,8000.0,16.0,Baseline,11067738.0,5425203.0,0.3289409087196759
MIX36,8000.0,2.0,Baseline,346212.0,126573.0,0.2677178844506488
MIX75,8000.0,1.0,Baseline,5893345.0,2460036.0,0.2944958454546728
MIX80,8000.0,16.0,Baseline,3216728.0,1217971.0,0.2746456974870222
MIX22,8000.0,8.0,Baseline,15869344.0,1430684.0,0.08269836326276467
MIX18,8000.0,16.0,Baseline,9722562.0,5889130.0,0.37722560757668033
MIX58,8000.0,2.0,Baseline,59642166.0,17932465.0,0.23116403866619745
MIX65,8000.0,16.0,Baseline,21769963.0,13680571.0,0.3859059217556497
MIX86,8000.0,4.0,Baseline,4756601.0,644425.0,0.11931529305728208
MIX26,8000.0,16.0,Baseline,11134094.0,5316277.0,0.32317064460126765
MIX2,8000.0,1.0,PRAC_WO_Mitigation,30479985.0,9404943.0,0.23580192999220156
MIX13,8000.0,4.0,PRAC_WO_Mitigation,42922833.0,19509544.0,0.3124908090556924
MIX30,8000.0,4.0,PRAC_WO_Mitigation,1005523.0,62359.0,0.05839502866421571
MIX50,8000.0,2.0,PRAC_WO_Mitigation,35068446.0,12540634.0,0.2634084506568915
MIX10,8000.0,8.0,PRAC_WO_Mitigation,48511084.0,24252515.0,0.3333055996859089
MIX71,8000.0,4.0,PRAC_WO_Mitigation,41843726.0,16502326.0,0.2828353493394892
MIX4,8000.0,1.0,PRAC_WO_Mitigation,39300384.0,17398852.0,0.30686219475690996
MIX76,8000.0,4.0,PRAC_WO_Mitigation,7496398.0,3610898.0,0.32509244374148305
MIX0,8000.0,1.0,PRAC_WO_Mitigation,47536157.0,28233702.0,0.37262444951890433
MIX54,8000.0,16.0,PRAC_WO_Mitigation,17289565.0,8581125.0,0.3316929312670053
MIX54,8000.0,8.0,PRAC_WO_Mitigation,18080153.0,9005416.0,0.33248022221722573
MIX26,8000.0,8.0,PRAC_WO_Mitigation,11620812.0,5659415.0,0.32750813979469134
MIX47,8000.0,8.0,PRAC_WO_Mitigation,29870063.0,18383712.0,0.38097976790416915
MIX37,8000.0,8.0,PRAC_WO_Mitigation,1156998.0,144322.0,0.11090431254418591
MIX58,8000.0,4.0,PRAC_WO_Mitigation,59790815.0,17978718.0,0.23117945172693785
MIX34,8000.0,1.0,PRAC_WO_Mitigation,2270034.0,193381.0,0.07850118636120995
MIX19,8000.0,2.0,PRAC_WO_Mitigation,18450245.0,6612559.0,0.2638395528289652
MIX72,8000.0,8.0,PRAC_WO_Mitigation,29311929.0,19973914.0,0.4052667618975291
MIX74,8000.0,16.0,PRAC_WO_Mitigation,24036426.0,16700684.0,0.40996241510504794
MIX67,8000.0,2.0,PRAC_WO_Mitigation,19355260.0,12097329.0,0.3846210879492305
MIX35,8000.0,16.0,PRAC_WO_Mitigation,1117078.0,65323.0,0.05524606288391164
MIX28,8000.0,8.0,PRAC_WO_Mitigation,22267474.0,7118232.0,0.2422345068040904
MIX71,8000.0,1.0,PRAC_WO_Mitigation,41929918.0,16499952.0,0.2823889904256162
MIX61,8000.0,2.0,PRAC_WO_Mitigation,22960208.0,15570300.0,0.40410315898248733
MIX4,8000.0,4.0,PRAC_WO_Mitigation,38504747.0,17111191.0,0.30766703961731257
MIX76,8000.0,1.0,PRAC_WO_Mitigation,8183815.0,4090654.0,0.3332652516373621
MIX10,8000.0,2.0,PRAC_WO_Mitigation,49251497.0,24484432.0,0.33205565227231354
MIX45,8000.0,1.0,PRAC_WO_Mitigation,52017376.0,18647509.0,0.26388649751570387
MIX21,8000.0,1.0,PRAC_WO_Mitigation,19112078.0,6102358.0,0.24201842151059813
MIX61,8000.0,8.0,PRAC_WO_Mitigation,22144368.0,15218687.0,0.40731912848133
MIX75,8000.0,4.0,PRAC_WO_Mitigation,5881364.0,2457535.0,0.2947073708411626
MIX27,8000.0,2.0,PRAC_WO_Mitigation,16020737.0,5678351.0,0.26168615934457706
MIX23,8000.0,8.0,PRAC_WO_Mitigation,10612755.0,6186570.0,0.36826301056738886
MIX3,8000.0,16.0,PRAC_WO_Mitigation,66536757.0,16748155.0,0.2010947072862369
MIX68,8000.0,4.0,PRAC_WO_Mitigation,27225531.0,23148827.0,0.459535921033475
MIX1,8000.0,8.0,PRAC_WO_Mitigation,65626193.0,17505128.0,0.2105719936773289
MIX44,8000.0,1.0,PRAC_WO_Mitigation,557767.0,230685.0,0.2925796370609752
MIX74,8000.0,2.0,PRAC_WO_Mitigation,25570923.0,17347443.0,0.4041962594754889
MIX13,8000.0,1.0,PRAC_WO_Mitigation,42987696.0,19511646.0,0.3121896227323481
MIX85,8000.0,1.0,PRAC_WO_Mitigation,6481771.0,3589524.0,0.35641136517200617
MIX46,8000.0,16.0,PRAC_WO_Mitigation,38051734.0,10474914.0,0.21585900596307414
MIX44,8000.0,4.0,PRAC_WO_Mitigation,553679.0,227998.0,0.2916780204611368
MIX26,8000.0,2.0,PRAC_WO_Mitigation,11419474.0,5607954.0,0.3293482726809944
MIX9,8000.0,4.0,PRAC_WO_Mitigation,39934693.0,12972230.0,0.24518965126737763
MIX26,8000.0,4.0,PRAC_WO_Mitigation,11468249.0,5602667.0,0.3281995529706783
MIX31,8000.0,16.0,PRAC_WO_Mitigation,539314.0,294568.0,0.35324902084467585
MIX29,8000.0,2.0,PRAC_WO_Mitigation,12313540.0,6139608.0,0.33271331265538
MIX59,8000.0,16.0,PRAC_WO_Mitigation,24876522.0,17907120.0,0.41855062268892396
MIX70,8000.0,16.0,PRAC_WO_Mitigation,45049694.0,14665969.0,0.2455966870869373
MIX83,8000.0,2.0,PRAC_WO_Mitigation,12081096.0,2466212.0,0.16953047257953155
MIX29,8000.0,1.0,PRAC_WO_Mitigation,12463265.0,6197974.0,0.33213089441703203
MIX22,8000.0,2.0,PRAC_WO_Mitigation,17686059.0,1606358.0,0.08326369889267893
MIX83,8000.0,4.0,PRAC_WO_Mitigation,11525828.0,2282199.0,0.16528060091423633
MIX36,8000.0,4.0,PRAC_WO_Mitigation,349736.0,129483.0,0.27019588121506033
MIX38,8000.0,1.0,PRAC_WO_Mitigation,1558961.0,402839.0,0.20534152309103884
MIX1,8000.0,4.0,PRAC_WO_Mitigation,65652167.0,17416880.0,0.20966750707998372
MIX15,8000.0,4.0,PRAC_WO_Mitigation,7676375.0,4340768.0,0.36121464145013504
MIX38,8000.0,4.0,PRAC_WO_Mitigation,1555398.0,396472.0,0.2031241834753339
MIX63,8000.0,8.0,PRAC_WO_Mitigation,20134668.0,12590751.0,0.38473918393527673
MIX36,8000.0,16.0,PRAC_WO_Mitigation,347159.0,127660.0,0.2688603446787092
MIX8,8000.0,8.0,PRAC_WO_Mitigation,50335728.0,22614338.0,0.3099974988370812
MIX14,8000.0,1.0,PRAC_WO_Mitigation,48376183.0,24020969.0,0.33179439158048646
MIX51,8000.0,2.0,PRAC_WO_Mitigation,54027659.0,19741503.0,0.267611864697609
MIX78,8000.0,4.0,PRAC_WO_Mitigation,5733353.0,2436667.0,0.29824492473702635
MIX57,8000.0,16.0,PRAC_WO_Mitigation,29994038.0,20013299.0,0.40020725358760856
MIX70,8000.0,4.0,PRAC_WO_Mitigation,46549039.0,14602912.0,0.2387971562836973
MIX77,8000.0,2.0,PRAC_WO_Mitigation,3928085.0,2279085.0,0.36716974079975256
MIX66,8000.0,4.0,PRAC_WO_Mitigation,23034028.0,17162186.0,0.4269602604862239
MIX89,8000.0,1.0,PRAC_WO_Mitigation,5136270.0,1116875.0,0.1786101233859122
MIX21,8000.0,4.0,PRAC_WO_Mitigation,17927335.0,5567346.0,0.23696197449967504
MIX47,8000.0,16.0,PRAC_WO_Mitigation,28933171.0,18047147.0,0.38414271695649227
MIX2,8000.0,8.0,PRAC_WO_Mitigation,29746163.0,9158532.0,0.23540942809087695
MIX23,8000.0,1.0,PRAC_WO_Mitigation,10869086.0,6456191.0,0.37264575914139786
MIX57,8000.0,1.0,PRAC_WO_Mitigation,32072307.0,21342457.0,0.39956100901241465
MIX43,8000.0,1.0,PRAC_WO_Mitigation,170748.0,37761.0,0.1811000963987166
MIX85,8000.0,16.0,PRAC_WO_Mitigation,6498192.0,3585255.0,0.35555847122516737
MIX51,8000.0,4.0,PRAC_WO_Mitigation,52159127.0,19436435.0,0.27147541631141886
MIX86,8000.0,2.0,PRAC_WO_Mitigation,4853596.0,659217.0,0.11957906063565008
MIX44,8000.0,2.0,PRAC_WO_Mitigation,558585.0,231161.0,0.2927029703221036
MIX46,8000.0,1.0,PRAC_WO_Mitigation,35560655.0,10577874.0,0.22926335601206532
MIX4,8000.0,2.0,PRAC_WO_Mitigation,39386609.0,17384178.0,0.30621696331248677
MIX83,8000.0,1.0,PRAC_WO_Mitigation,12293765.0,2544404.0,0.17147695244608685
MIX1,8000.0,16.0,PRAC_WO_Mitigation,66252876.0,17728662.0,0.21110189718125905
MIX79,8000.0,16.0,PRAC_WO_Mitigation,4963051.0,3922576.0,0.44145179625478315
MIX0,8000.0,2.0,PRAC_WO_Mitigation,47003006.0,27910773.0,0.372571953685583
MIX52,8000.0,1.0,PRAC_WO_Mitigation,55910723.0,14312801.0,0.20381775485946846
MIX27,8000.0,4.0,PRAC_WO_Mitigation,15010034.0,5210535.0,0.25768488512860344
MIX70,8000.0,8.0,PRAC_WO_Mitigation,45852892.0,14590452.0,0.24139054913970345
MIX60,8000.0,16.0,PRAC_WO_Mitigation,12013918.0,5528717.0,0.3151588686648272
MIX87,8000.0,4.0,PRAC_WO_Mitigation,6832926.0,1942816.0,0.2213848128169675
MIX14,8000.0,2.0,PRAC_WO_Mitigation,48173704.0,23939288.0,0.3319691408727016
MIX25,8000.0,2.0,PRAC_WO_Mitigation,10950506.0,4950673.0,0.31133999560661507
MIX0,8000.0,16.0,PRAC_WO_Mitigation,45459861.0,27592150.0,0.37770555009087975
MIX72,8000.0,2.0,PRAC_WO_Mitigation,30114300.0,20287404.0,0.40251424832779464
MIX35,8000.0,2.0,PRAC_WO_Mitigation,1124985.0,62796.0,0.052868331788435745
MIX28,8000.0,2.0,PRAC_WO_Mitigation,25239092.0,8747831.0,0.2573881430807961
MIX77,8000.0,1.0,PRAC_WO_Mitigation,4016845.0,2323972.0,0.3665098677347099
MIX25,8000.0,4.0,PRAC_WO_Mitigation,10539430.0,4814062.0,0.3135483445720361
MIX40,8000.0,8.0,PRAC_WO_Mitigation,2094413.0,358663.0,0.14620949371319927
MIX64,8000.0,8.0,PRAC_WO_Mitigation,12870446.0,5426890.0,0.2965945425060785
MIX38,8000.0,16.0,PRAC_WO_Mitigation,1558859.0,394493.0,0.20195694375616888
MIX37,8000.0,16.0,PRAC_WO_Mitigation,1152644.0,143452.0,0.11068007308100634
MIX56,8000.0,1.0,PRAC_WO_Mitigation,45102798.0,17533663.0,0.2799274211868388
MIX53,8000.0,1.0,PRAC_WO_Mitigation,14456775.0,8422841.0,0.36813734111621454
MIX82,8000.0,2.0,PRAC_WO_Mitigation,7238920.0,770741.0,0.0962264195700667
MIX78,8000.0,16.0,PRAC_WO_Mitigation,5347169.0,2381543.0,0.30814228813287386
MIX76,8000.0,2.0,PRAC_WO_Mitigation,7896956.0,3886634.0,0.32983445622259433
MIX83,8000.0,8.0,PRAC_WO_Mitigation,10969645.0,2111377.0,0.16140764842380054
MIX63,8000.0,2.0,PRAC_WO_Mitigation,21116885.0,13272288.0,0.38594379690375225
MIX38,8000.0,8.0,PRAC_WO_Mitigation,1560128.0,395432.0,0.20220908588844116
MIX73,8000.0,8.0,PRAC_WO_Mitigation,11180936.0,5446823.0,0.32757408860688925
MIX58,8000.0,8.0,PRAC_WO_Mitigation,59588120.0,17812343.0,0.23013225386003183
MIX66,8000.0,1.0,PRAC_WO_Mitigation,24322087.0,17954751.0,0.42469474656548345
MIX61,8000.0,1.0,PRAC_WO_Mitigation,23108853.0,15689799.0,0.404390312323222
MIX28,8000.0,1.0,PRAC_WO_Mitigation,25930400.0,8925119.0,0.25606042474937757
MIX6,8000.0,1.0,PRAC_WO_Mitigation,43098612.0,22681969.0,0.3448125366968103
MIX87,8000.0,8.0,PRAC_WO_Mitigation,6576314.0,1808862.0,0.2157214112142667
MIX46,8000.0,2.0,PRAC_WO_Mitigation,35744052.0,10424964.0,0.22580000405466732
MIX72,8000.0,16.0,PRAC_WO_Mitigation,29034080.0,19860732.0,0.4061930333222265
MIX34,8000.0,16.0,PRAC_WO_Mitigation,2219132.0,184112.0,0.07660978244406311
MIX40,8000.0,2.0,PRAC_WO_Mitigation,2145877.0,377807.0,0.14970455889089126
MIX85,8000.0,2.0,PRAC_WO_Mitigation,6485576.0,3579093.0,0.3556096082245725
MIX19,8000.0,8.0,PRAC_WO_Mitigation,17646671.0,6140560.0,0.25814522085399516
MIX50,8000.0,1.0,PRAC_WO_Mitigation,35800017.0,12931862.0,0.2653676046433588
MIX20,8000.0,8.0,PRAC_WO_Mitigation,16049932.0,9014704.0,0.35965828508341396
MIX56,8000.0,2.0,PRAC_WO_Mitigation,43354216.0,17080395.0,0.28262604354316107
MIX22,8000.0,16.0,PRAC_WO_Mitigation,15556727.0,1399434.0,0.0825324789025063
MIX49,8000.0,8.0,PRAC_WO_Mitigation,42160428.0,26047282.0,0.38188178433200587
MIX84,8000.0,2.0,PRAC_WO_Mitigation,6922678.0,3060883.0,0.3065923070936312
MIX52,8000.0,4.0,PRAC_WO_Mitigation,53566505.0,13488575.0,0.2011566461482113
MIX62,8000.0,1.0,PRAC_WO_Mitigation,21310310.0,9321901.0,0.3043169492401316
MIX37,8000.0,4.0,PRAC_WO_Mitigation,1164523.0,146724.0,0.11189653818083092
MIX47,8000.0,2.0,PRAC_WO_Mitigation,31098188.0,18781139.0,0.37653152377136123
MIX25,8000.0,8.0,PRAC_WO_Mitigation,10281375.0,4732552.0,0.3152108039422331
MIX55,8000.0,2.0,PRAC_WO_Mitigation,36789149.0,10196723.0,0.21701678751434048
MIX66,8000.0,2.0,PRAC_WO_Mitigation,23750651.0,17593462.0,0.42553729475342716
MIX9,8000.0,2.0,PRAC_WO_Mitigation,39606322.0,13018913.0,0.24738916605313022
MIX17,8000.0,2.0,PRAC_WO_Mitigation,15986137.0,7205810.0,0.3107031074191399
MIX63,8000.0,4.0,PRAC_WO_Mitigation,20627009.0,12912048.0,0.38498542162351196
MIX5,8000.0,1.0,PRAC_WO_Mitigation,41338810.0,13420497.0,0.24508157124778807
MIX88,8000.0,8.0,PRAC_WO_Mitigation,17586385.0,5755011.0,0.24655813216998676
MIX42,8000.0,2.0,PRAC_WO_Mitigation,1202011.0,404290.0,0.251690063070371
MIX77,8000.0,8.0,PRAC_WO_Mitigation,3792850.0,2209929.0,0.36815098473556995
MIX7,8000.0,16.0,PRAC_WO_Mitigation,61290349.0,24286302.0,0.28379589194253463
MIX2,8000.0,2.0,PRAC_WO_Mitigation,29686223.0,9184620.0,0.2362855881463646
MIX78,8000.0,2.0,PRAC_WO_Mitigation,5900932.0,2443142.0,0.2927996563788864
MIX45,8000.0,16.0,PRAC_WO_Mitigation,50567168.0,18351109.0,0.2662734734357912
MIX19,8000.0,4.0,PRAC_WO_Mitigation,17959557.0,6296158.0,0.25957420756304234
MIX56,8000.0,8.0,PRAC_WO_Mitigation,40989991.0,16624652.0,0.2885490759701488
MIX84,8000.0,8.0,PRAC_WO_Mitigation,6697851.0,2972106.0,0.3073546242242856
MIX81,8000.0,8.0,PRAC_WO_Mitigation,5499496.0,3012530.0,0.3539145674602028
MIX69,8000.0,1.0,PRAC_WO_Mitigation,4150200.0,1002853.0,0.19461336803638543
MIX56,8000.0,4.0,PRAC_WO_Mitigation,41966189.0,16792557.0,0.28578821270283744
MIX37,8000.0,1.0,PRAC_WO_Mitigation,1193324.0,154015.0,0.11431050388951852
MIX17,8000.0,16.0,PRAC_WO_Mitigation,15487008.0,7045363.0,0.3126773920063716
MIX69,8000.0,16.0,PRAC_WO_Mitigation,3931985.0,920308.0,0.18966455653028372
MIX31,8000.0,4.0,PRAC_WO_Mitigation,550587.0,301771.0,0.35404255019604436
MIX68,8000.0,16.0,PRAC_WO_Mitigation,27410425.0,23418785.0,0.46073478222463027
MIX44,8000.0,8.0,PRAC_WO_Mitigation,549235.0,225971.0,0.29149800182145136
MIX5,8000.0,2.0,PRAC_WO_Mitigation,41594303.0,13358174.0,0.2430859304121996
MIX7,8000.0,2.0,PRAC_WO_Mitigation,61589163.0,24029296.0,0.2806555534946033
MIX41,8000.0,16.0,PRAC_WO_Mitigation,764413.0,271648.0,0.2621930562003589
MIX77,8000.0,4.0,PRAC_WO_Mitigation,3827550.0,2228079.0,0.36793518889614935
MIX80,8000.0,8.0,PRAC_WO_Mitigation,3243297.0,1224377.0,0.2740524487686434
MIX80,8000.0,1.0,PRAC_WO_Mitigation,3246253.0,1237528.0,0.2760009911278004
MIX1,8000.0,2.0,PRAC_WO_Mitigation,65716987.0,17513548.0,0.21042214855401326
MIX51,8000.0,8.0,PRAC_WO_Mitigation,50966264.0,19194501.0,0.27357884424435797
MIX8,8000.0,1.0,PRAC_WO_Mitigation,50656441.0,22704236.0,0.30948782002107206
MIX21,8000.0,16.0,PRAC_WO_Mitigation,16337855.0,4901197.0,0.23076345403740242
MIX73,8000.0,2.0,PRAC_WO_Mitigation,11091215.0,5372707.0,0.3263321461314017
MIX18,8000.0,1.0,PRAC_WO_Mitigation,10739402.0,6753270.0,0.38606280389868397
MIX25,8000.0,16.0,PRAC_WO_Mitigation,10222182.0,4713021.0,0.3155645758547775
MIX75,8000.0,16.0,PRAC_WO_Mitigation,5637682.0,2412001.0,0.2996392528749269
MIX58,8000.0,1.0,PRAC_WO_Mitigation,60699539.0,18611591.0,0.23466556333266214
MIX20,8000.0,2.0,PRAC_WO_Mitigation,15700736.0,8937080.0,0.3627383206368616
MIX24,8000.0,16.0,PRAC_WO_Mitigation,14166263.0,4206692.0,0.22896110070481313
MIX11,8000.0,1.0,PRAC_WO_Mitigation,76464453.0,34697927.0,0.3121373165993747
MIX16,8000.0,2.0,PRAC_WO_Mitigation,32865765.0,5780234.0,0.14956875613436724
MIX86,8000.0,16.0,PRAC_WO_Mitigation,5081235.0,671056.0,0.11665891033676842
MIX47,8000.0,4.0,PRAC_WO_Mitigation,30221469.0,18426746.0,0.37877537747273976
MIX24,8000.0,4.0,PRAC_WO_Mitigation,14989129.0,4374985.0,0.22593261948364898
MIX14,8000.0,16.0,PRAC_WO_Mitigation,46605523.0,23270475.0,0.3330252971843064
MIX59,8000.0,1.0,PRAC_WO_Mitigation,28487778.0,19900339.0,0.41126500128120297
MIX46,8000.0,8.0,PRAC_WO_Mitigation,38054659.0,10597383.0,0.21781990157782072
MIX78,8000.0,1.0,PRAC_WO_Mitigation,5853711.0,2502545.0,0.2994816099458896
MIX4,8000.0,16.0,PRAC_WO_Mitigation,37247390.0,16806000.0,0.31091481958855866
MIX73,8000.0,1.0,PRAC_WO_Mitigation,11269334.0,5430383.0,0.3251781452344372
MIX39,8000.0,1.0,PRAC_WO_Mitigation,1621362.0,427733.0,0.20874239603337083
MIX62,8000.0,2.0,PRAC_WO_Mitigation,20801550.0,9021002.0,0.30248927053593533
MIX64,8000.0,2.0,PRAC_WO_Mitigation,13366898.0,5667176.0,0.29773846628945544
MIX30,8000.0,16.0,PRAC_WO_Mitigation,996944.0,58556.0,0.05547702510658456
MIX67,8000.0,1.0,PRAC_WO_Mitigation,19654011.0,12142633.0,0.38188410701456416
MIX40,8000.0,16.0,PRAC_WO_Mitigation,2088325.0,360910.0,0.14735621530804516
MIX14,8000.0,4.0,PRAC_WO_Mitigation,47446584.0,23631322.0,0.332470711784897
MIX53,8000.0,16.0,PRAC_WO_Mitigation,13622344.0,7709070.0,0.36139517052174785
MIX60,8000.0,4.0,PRAC_WO_Mitigation,11859498.0,5424271.0,0.3138361198879712
MIX55,8000.0,8.0,PRAC_WO_Mitigation,36313093.0,10087279.0,0.217396511390038
MIX8,8000.0,16.0,PRAC_WO_Mitigation,50289171.0,22619409.0,0.31024344459870157
MIX52,8000.0,8.0,PRAC_WO_Mitigation,53015817.0,13300984.0,0.20056733436222293
MIX12,8000.0,8.0,PRAC_WO_Mitigation,23587801.0,6266148.0,0.2098934382181734
MIX53,8000.0,8.0,PRAC_WO_Mitigation,13693645.0,7812993.0,0.3632828617843477
MIX45,8000.0,8.0,PRAC_WO_Mitigation,50278010.0,18085320.0,0.2645470897921444
MIX75,8000.0,8.0,PRAC_WO_Mitigation,5709794.0,2424561.0,0.29806432101869174
MIX32,8000.0,4.0,PRAC_WO_Mitigation,1647350.0,315632.0,0.16079210099736013
MIX67,8000.0,4.0,PRAC_WO_Mitigation,18868498.0,12025093.0,0.3892423189003829
MIX19,8000.0,1.0,PRAC_WO_Mitigation,18569613.0,6791148.0,0.2677817120708641
MIX31,8000.0,2.0,PRAC_WO_Mitigation,562663.0,309654.0,0.3549787519903888
MIX24,8000.0,8.0,PRAC_WO_Mitigation,14630832.0,4307493.0,0.22744846759151086
MIX57,8000.0,4.0,PRAC_WO_Mitigation,31567971.0,20971685.0,0.3991591608441441
MIX10,8000.0,4.0,PRAC_WO_Mitigation,48735774.0,24311079.0,0.3328148715729068
MIX79,8000.0,4.0,PRAC_WO_Mitigation,5032776.0,3982627.0,0.44175806672203116
MIX15,8000.0,1.0,PRAC_WO_Mitigation,7984547.0,4462666.0,0.35852732655896546
MIX63,8000.0,16.0,PRAC_WO_Mitigation,19683687.0,12280045.0,0.38418683400298814
MIX61,8000.0,16.0,PRAC_WO_Mitigation,21277506.0,14723147.0,0.40896888731434955
MIX48,8000.0,8.0,PRAC_WO_Mitigation,50630920.0,11383419.0,0.1835610793174785
MIX32,8000.0,2.0,PRAC_WO_Mitigation,1661688.0,337188.0,0.16868880310734632
MIX53,8000.0,4.0,PRAC_WO_Mitigation,13906777.0,7968090.0,0.3642577575443087
MIX67,8000.0,16.0,PRAC_WO_Mitigation,18497910.0,11932701.0,0.3921282093218569
MIX53,8000.0,2.0,PRAC_WO_Mitigation,14208468.0,8244770.0,0.36719737260167107
MIX19,8000.0,16.0,PRAC_WO_Mitigation,16889001.0,5782805.0,0.25506591755416397
MIX41,8000.0,1.0,PRAC_WO_Mitigation,763681.0,271906.0,0.2625621990233558
MIX75,8000.0,2.0,PRAC_WO_Mitigation,6080951.0,2499286.0,0.29128402863464026
MIX13,8000.0,2.0,PRAC_WO_Mitigation,43161132.0,19554130.0,0.3117922077723282
MIX61,8000.0,4.0,PRAC_WO_Mitigation,22610289.0,15403453.0,0.40520749049120186
MIX72,8000.0,1.0,PRAC_WO_Mitigation,30338549.0,20314284.0,0.4010493154450019
MIX2,8000.0,4.0,PRAC_WO_Mitigation,29649147.0,9156748.0,0.23596280925874794
MIX68,8000.0,1.0,PRAC_WO_Mitigation,27654257.0,23430532.0,0.45865966090219146
MIX43,8000.0,2.0,PRAC_WO_Mitigation,170302.0,37651.0,0.18105533461888024
MIX52,8000.0,2.0,PRAC_WO_Mitigation,54907098.0,13937774.0,0.20245188341696677
MIX56,8000.0,16.0,PRAC_WO_Mitigation,39752663.0,16450940.0,0.2927025870565629
MIX69,8000.0,8.0,PRAC_WO_Mitigation,3915761.0,899526.0,0.186806310818026
MIX84,8000.0,16.0,PRAC_WO_Mitigation,6627330.0,2951523.0,0.30812906305170357
MIX39,8000.0,16.0,PRAC_WO_Mitigation,1547833.0,395927.0,0.20369129933736677
MIX18,8000.0,2.0,PRAC_WO_Mitigation,10472883.0,6495066.0,0.38278438955704075
MIX13,8000.0,8.0,PRAC_WO_Mitigation,43214089.0,19803303.0,0.3142513895211658
MIX59,8000.0,8.0,PRAC_WO_Mitigation,25565381.0,18178324.0,0.41556434234365836
MIX28,8000.0,16.0,PRAC_WO_Mitigation,21932163.0,7001430.0,0.24198273612267926
MIX68,8000.0,8.0,PRAC_WO_Mitigation,27350475.0,23320067.0,0.46022927877897973
MIX41,8000.0,4.0,PRAC_WO_Mitigation,759636.0,268058.0,0.2608344507217129
MIX24,8000.0,1.0,PRAC_WO_Mitigation,15898931.0,4697751.0,0.22808290189652877
MIX32,8000.0,1.0,PRAC_WO_Mitigation,1684822.0,351896.0,0.17277600531836024
MIX80,8000.0,2.0,PRAC_WO_Mitigation,3207017.0,1226513.0,0.27664479545644216
MIX84,8000.0,4.0,PRAC_WO_Mitigation,6845276.0,3029010.0,0.3067573695961409
MIX87,8000.0,2.0,PRAC_WO_Mitigation,7123408.0,2022274.0,0.22111790022876368
MIX48,8000.0,2.0,PRAC_WO_Mitigation,51114399.0,11786764.0,0.18738547012238868
MIX33,8000.0,2.0,PRAC_WO_Mitigation,1007048.0,253824.0,0.20130830092190166
MIX8,8000.0,2.0,PRAC_WO_Mitigation,50437659.0,22627252.0,0.3096869850426561
MIX62,8000.0,16.0,PRAC_WO_Mitigation,19458352.0,8364194.0,0.3006264775337239
MIX71,8000.0,2.0,PRAC_WO_Mitigation,42041973.0,16666546.0,0.2838863300230755
MIX84,8000.0,1.0,PRAC_WO_Mitigation,7016109.0,3100315.0,0.3064635290098557
MIX34,8000.0,4.0,PRAC_WO_Mitigation,2235059.0,186915.0,0.07717465175100971
MIX7,8000.0,8.0,PRAC_WO_Mitigation,60821999.0,23786907.0,0.2811395173931217
MIX27,8000.0,16.0,PRAC_WO_Mitigation,14247975.0,4907451.0,0.25619117006325
MIX54,8000.0,4.0,PRAC_WO_Mitigation,18684593.0,9291888.0,0.33213212197774267
MIX41,8000.0,8.0,PRAC_WO_Mitigation,759358.0,265056.0,0.25873914257321745
MIX48,8000.0,1.0,PRAC_WO_Mitigation,51072877.0,11951844.0,0.18963739641148114
MIX49,8000.0,16.0,PRAC_WO_Mitigation,41217872.0,25642028.0,0.3835187907849099
MIX5,8000.0,8.0,PRAC_WO_Mitigation,42382917.0,13366630.0,0.23976212757387966
MIX30,8000.0,2.0,PRAC_WO_Mitigation,1007105.0,58963.0,0.055308854594641244
MIX36,8000.0,1.0,PRAC_WO_Mitigation,346577.0,127885.0,0.26953686491225853
MIX1,8000.0,1.0,PRAC_WO_Mitigation,65164632.0,17340552.0,0.21017530243917765
MIX59,8000.0,2.0,PRAC_WO_Mitigation,27552191.0,19091149.0,0.40930064184940446
MIX87,8000.0,16.0,PRAC_WO_Mitigation,6495832.0,1763354.0,0.2135021538442166
MIX12,8000.0,16.0,PRAC_WO_Mitigation,23383255.0,6210533.0,0.209859346157376
MIX82,8000.0,1.0,PRAC_WO_Mitigation,7505368.0,796289.0,0.09591928454765115
MIX12,8000.0,2.0,PRAC_WO_Mitigation,24231599.0,6473041.0,0.21081637824120394
MIX30,8000.0,8.0,PRAC_WO_Mitigation,997955.0,58806.0,0.05564739803985953
MIX66,8000.0,16.0,PRAC_WO_Mitigation,22047972.0,16598198.0,0.4294914088511229
MIX35,8000.0,4.0,PRAC_WO_Mitigation,1121111.0,64877.0,0.05470291436338311
MIX6,8000.0,16.0,PRAC_WO_Mitigation,40910296.0,21697248.0,0.3465596414387378
MIX76,8000.0,16.0,PRAC_WO_Mitigation,7325018.0,3528410.0,0.3250963658670791
MIX60,8000.0,8.0,PRAC_WO_Mitigation,12016535.0,5506364.0,0.31423818627271666
MIX44,8000.0,16.0,PRAC_WO_Mitigation,549568.0,225290.0,0.29075004710540514
MIX64,8000.0,1.0,PRAC_WO_Mitigation,13629609.0,5806338.0,0.2987422223367866
MIX85,8000.0,8.0,PRAC_WO_Mitigation,6483508.0,3587379.0,0.3562128142238117
MIX16,8000.0,1.0,PRAC_WO_Mitigation,34156539.0,6001269.0,0.14944214584620755
MIX67,8000.0,8.0,PRAC_WO_Mitigation,18669242.0,11979769.0,0.39086967602315126
MIX23,8000.0,4.0,PRAC_WO_Mitigation,10573335.0,6179563.0,0.3688653151233894
MIX70,8000.0,2.0,PRAC_WO_Mitigation,46988294.0,14637537.0,0.237522752431525
MIX48,8000.0,4.0,PRAC_WO_Mitigation,50784966.0,11494984.0,0.18456957656517065
MIX51,8000.0,1.0,PRAC_WO_Mitigation,55256561.0,19918152.0,0.26495813825055775
MIX42,8000.0,8.0,PRAC_WO_Mitigation,1172550.0,389814.0,0.2495026767129811
MIX29,8000.0,8.0,PRAC_WO_Mitigation,11949412.0,6066316.0,0.33672333418888206
MIX72,8000.0,4.0,PRAC_WO_Mitigation,29613661.0,20095298.0,0.40425907933416994
MIX66,8000.0,8.0,PRAC_WO_Mitigation,22577215.0,16903249.0,0.4281421059286436
MIX42,8000.0,16.0,PRAC_WO_Mitigation,1173717.0,388083.0,0.24848444102958125
MIX39,8000.0,8.0,PRAC_WO_Mitigation,1551081.0,398446.0,0.2043808575105654
MIX88,8000.0,2.0,PRAC_WO_Mitigation,18388324.0,6279171.0,0.2545524383404152
MIX57,8000.0,8.0,PRAC_WO_Mitigation,30850111.0,20387316.0,0.3978989030811403
MIX26,8000.0,1.0,PRAC_WO_Mitigation,11949028.0,6008109.0,0.3345805625919098
MIX46,8000.0,4.0,PRAC_WO_Mitigation,37370798.0,10726108.0,0.22301035330630206
MIX82,8000.0,4.0,PRAC_WO_Mitigation,6796733.0,697650.0,0.0930897179927954
MIX15,8000.0,16.0,PRAC_WO_Mitigation,7521401.0,4266749.0,0.3619523843860148
MIX79,8000.0,8.0,PRAC_WO_Mitigation,4990624.0,3946251.0,0.4415694524092594
MIX51,8000.0,16.0,PRAC_WO_Mitigation,49370583.0,18950476.0,0.2773738621352459
MIX64,8000.0,16.0,PRAC_WO_Mitigation,12816328.0,5362088.0,0.29497003479291045
MIX50,8000.0,4.0,PRAC_WO_Mitigation,32887053.0,11585784.0,0.2605137153719247
MIX43,8000.0,4.0,PRAC_WO_Mitigation,171485.0,38039.0,0.18154960768217485
MIX47,8000.0,1.0,PRAC_WO_Mitigation,31645971.0,18994098.0,0.37508041310133283
MIX5,8000.0,16.0,PRAC_WO_Mitigation,42738384.0,13387845.0,0.23853099056414426
MIX89,8000.0,2.0,PRAC_WO_Mitigation,4992520.0,1055942.0,0.1745802486648672
MIX49,8000.0,2.0,PRAC_WO_Mitigation,43979633.0,26787602.0,0.3785311380330177
MIX80,8000.0,4.0,PRAC_WO_Mitigation,3248124.0,1232713.0,0.27510775330591136
MIX22,8000.0,1.0,PRAC_WO_Mitigation,17622163.0,1652848.0,0.08575082006438284
MIX38,8000.0,2.0,PRAC_WO_Mitigation,1551285.0,399320.0,0.20471597273666375
MIX33,8000.0,4.0,PRAC_WO_Mitigation,991066.0,246513.0,0.19918970829336954
MIX81,8000.0,16.0,PRAC_WO_Mitigation,5470559.0,2995975.0,0.353860859709534
MIX21,8000.0,8.0,PRAC_WO_Mitigation,17046884.0,5193804.0,0.23352712829746994
MIX88,8000.0,1.0,PRAC_WO_Mitigation,18703038.0,6455305.0,0.2565870494730118
MIX58,8000.0,16.0,PRAC_WO_Mitigation,60055210.0,17992880.0,0.2305358145215341
MIX86,8000.0,8.0,PRAC_WO_Mitigation,4923936.0,656354.0,0.11762005200446572
MIX65,8000.0,8.0,PRAC_WO_Mitigation,22800826.0,14295686.0,0.38536469412542074
MIX89,8000.0,16.0,PRAC_WO_Mitigation,4796338.0,1002268.0,0.1728463703172797
MIX39,8000.0,2.0,PRAC_WO_Mitigation,1586837.0,416450.0,0.20788334372458864
MIX20,8000.0,4.0,PRAC_WO_Mitigation,15795948.0,8927336.0,0.36109021762642857
MIX71,8000.0,8.0,PRAC_WO_Mitigation,42068326.0,16752396.0,0.2848043245711945
MIX85,8000.0,4.0,PRAC_WO_Mitigation,6415565.0,3552958.0,0.3564176959816414
MIX31,8000.0,8.0,PRAC_WO_Mitigation,545347.0,300056.0,0.3549265853090183
MIX50,8000.0,16.0,PRAC_WO_Mitigation,31477887.0,10856266.0,0.25644226305885937
MIX36,8000.0,8.0,PRAC_WO_Mitigation,349968.0,130513.0,0.2716298875501841
MIX62,8000.0,4.0,PRAC_WO_Mitigation,20314774.0,8783794.0,0.30186344565134615
MIX16,8000.0,16.0,PRAC_WO_Mitigation,29405103.0,5236612.0,0.1511649177877019
MIX32,8000.0,8.0,PRAC_WO_Mitigation,1611716.0,305183.0,0.1592066144329983
MIX17,8000.0,8.0,PRAC_WO_Mitigation,15770799.0,7097167.0,0.31035409970436373
MIX41,8000.0,2.0,PRAC_WO_Mitigation,753557.0,263256.0,0.25890306280505854
MIX12,8000.0,4.0,PRAC_WO_Mitigation,23773715.0,6352908.0,0.21087355194108545
MIX43,8000.0,8.0,PRAC_WO_Mitigation,173333.0,39521.0,0.18567186898061583
MIX55,8000.0,16.0,PRAC_WO_Mitigation,35606681.0,9857321.0,0.21681595474151175
MIX6,8000.0,8.0,PRAC_WO_Mitigation,41280288.0,21837948.0,0.3459847642129923
MIX78,8000.0,8.0,PRAC_WO_Mitigation,5497646.0,2409207.0,0.3046985950036
MIX33,8000.0,1.0,PRAC_WO_Mitigation,1007944.0,250059.0,0.1987745657204315
MIX54,8000.0,1.0,PRAC_WO_Mitigation,19465842.0,9764372.0,0.33405065046735544
MIX88,8000.0,16.0,PRAC_WO_Mitigation,17431532.0,5652699.0,0.2448727445155093
MIX49,8000.0,4.0,PRAC_WO_Mitigation,42827654.0,26315780.0,0.38059694865603577
MIX11,8000.0,4.0,PRAC_WO_Mitigation,74931719.0,34360220.0,0.3143893347889088
MIX81,8000.0,1.0,PRAC_WO_Mitigation,5631372.0,3091848.0,0.35443884253750335
MIX20,8000.0,16.0,PRAC_WO_Mitigation,15862008.0,8914904.0,0.35980690410491833
MIX11,8000.0,16.0,PRAC_WO_Mitigation,74684539.0,34498374.0,0.31596861681094734
MIX54,8000.0,2.0,PRAC_WO_Mitigation,19189437.0,9554683.0,0.3324047840045199
MIX37,8000.0,2.0,PRAC_WO_Mitigation,1177288.0,149561.0,0.11271893033796611
MIX86,8000.0,1.0,PRAC_WO_Mitigation,4834005.0,663630.0,0.12071190611963144
MIX3,8000.0,8.0,PRAC_WO_Mitigation,65650169.0,16442807.0,0.2002949314445611
MIX4,8000.0,8.0,PRAC_WO_Mitigation,38116010.0,17044842.0,0.30900251504454646
MIX43,8000.0,16.0,PRAC_WO_Mitigation,171521.0,37865.0,0.18083826043766058
MIX65,8000.0,1.0,PRAC_WO_Mitigation,24594257.0,15343173.0,0.384180279001428
MIX6,8000.0,4.0,PRAC_WO_Mitigation,41601417.0,21996365.0,0.34586685743222934
MIX60,8000.0,2.0,PRAC_WO_Mitigation,11796026.0,5366053.0,0.3126691702095067
MIX64,8000.0,4.0,PRAC_WO_Mitigation,13107064.0,5538433.0,0.29703863619189125
MIX74,8000.0,8.0,PRAC_WO_Mitigation,24344125.0,16828462.0,0.40872976964017343
MIX16,8000.0,4.0,PRAC_WO_Mitigation,31281882.0,5480248.0,0.14907319026400265
MIX14,8000.0,8.0,PRAC_WO_Mitigation,46973281.0,23426496.0,0.3327637813398187
MIX70,8000.0,1.0,PRAC_WO_Mitigation,48036002.0,14671057.0,0.2339618096265685
MIX33,8000.0,16.0,PRAC_WO_Mitigation,974318.0,236806.0,0.1955258090831327
MIX74,8000.0,4.0,PRAC_WO_Mitigation,24798919.0,17021908.0,0.4070198803098753
MIX31,8000.0,1.0,PRAC_WO_Mitigation,557201.0,305709.0,0.3542768075465576
MIX76,8000.0,8.0,PRAC_WO_Mitigation,7333521.0,3519374.0,0.3242797428704507
MIX81,8000.0,4.0,PRAC_WO_Mitigation,5543404.0,3036760.0,0.35392796687802236
MIX3,8000.0,4.0,PRAC_WO_Mitigation,65639334.0,16425319.0,0.20015095902495317
MIX50,8000.0,8.0,PRAC_WO_Mitigation,31655173.0,10927684.0,0.2566216728952686
MIX59,8000.0,4.0,PRAC_WO_Mitigation,26384479.0,18505148.0,0.41223661760432984
MIX79,8000.0,2.0,PRAC_WO_Mitigation,5085280.0,4027493.0,0.4419612998151057
MIX39,8000.0,4.0,PRAC_WO_Mitigation,1552022.0,401936.0,0.2057035002799446
MIX34,8000.0,8.0,PRAC_WO_Mitigation,2221560.0,184406.0,0.07664530587714041
MIX45,8000.0,4.0,PRAC_WO_Mitigation,50680545.0,18205719.0,0.2642866363024129
MIX33,8000.0,8.0,PRAC_WO_Mitigation,985707.0,245424.0,0.19934840402849088
MIX0,8000.0,4.0,PRAC_WO_Mitigation,46301485.0,27695733.0,0.3742807330945874
MIX15,8000.0,8.0,PRAC_WO_Mitigation,7571752.0,4295119.0,0.36194199802121385
MIX81,8000.0,2.0,PRAC_WO_Mitigation,5574830.0,3074122.0,0.35543288944140283
MIX7,8000.0,1.0,PRAC_WO_Mitigation,61093459.0,23824261.0,0.28055700270803313
MIX88,8000.0,4.0,PRAC_WO_Mitigation,17872183.0,5947302.0,0.24968222444775778
MIX42,8000.0,1.0,PRAC_WO_Mitigation,1210574.0,405396.0,0.2508685185987364
MIX7,8000.0,4.0,PRAC_WO_Mitigation,61313597.0,23908305.0,0.2805417907711095
MIX9,8000.0,1.0,PRAC_WO_Mitigation,39239943.0,13043676.0,0.24947921068738566
MIX48,8000.0,16.0,PRAC_WO_Mitigation,50556197.0,11355372.0,0.18341276409906523
MIX20,8000.0,1.0,PRAC_WO_Mitigation,16107690.0,9162693.0,0.3625862338532819
MIX27,8000.0,8.0,PRAC_WO_Mitigation,14294808.0,4933241.0,0.25656482360742894
MIX8,8000.0,4.0,PRAC_WO_Mitigation,50435327.0,22649922.0,0.309910991751564
MIX77,8000.0,16.0,PRAC_WO_Mitigation,3789760.0,2208610.0,0.3682016947937523
MIX65,8000.0,4.0,PRAC_WO_Mitigation,23176837.0,14508952.0,0.3849979630252666
MIX35,8000.0,8.0,PRAC_WO_Mitigation,1121549.0,68603.0,0.05764221712856845
MIX40,8000.0,4.0,PRAC_WO_Mitigation,2131703.0,378108.0,0.1506519813643338
MIX49,8000.0,1.0,PRAC_WO_Mitigation,44360323.0,26930422.0,0.3777548123532725
MIX73,8000.0,4.0,PRAC_WO_Mitigation,11157954.0,5371497.0,0.3249652393173857
MIX15,8000.0,2.0,PRAC_WO_Mitigation,7862768.0,4415067.0,0.3595965412468892
MIX55,8000.0,1.0,PRAC_WO_Mitigation,37334863.0,10353922.0,0.21711440121613498
MIX30,8000.0,1.0,PRAC_WO_Mitigation,1015982.0,60299.0,0.05602533167453481
MIX9,8000.0,8.0,PRAC_WO_Mitigation,40110438.0,13008227.0,0.2448899459352
MIX10,8000.0,16.0,PRAC_WO_Mitigation,48301642.0,24194503.0,0.33373502825564033
MIX17,8000.0,1.0,PRAC_WO_Mitigation,16599614.0,7401833.0,0.30839111491902965
MIX74,8000.0,1.0,PRAC_WO_Mitigation,25620407.0,17316047.0,0.40329476206861425
MIX10,8000.0,1.0,PRAC_WO_Mitigation,49349831.0,24505906.0,0.3318077511026665
MIX63,8000.0,1.0,PRAC_WO_Mitigation,21370293.0,13483661.0,0.3868617316703867
MIX9,8000.0,16.0,PRAC_WO_Mitigation,39802086.0,12692804.0,0.24179122958444146
MIX57,8000.0,2.0,PRAC_WO_Mitigation,32029604.0,21317524.0,0.39960021840350995
MIX87,8000.0,1.0,PRAC_WO_Mitigation,7216218.0,2046208.0,0.2209149093336886
MIX24,8000.0,2.0,PRAC_WO_Mitigation,15362924.0,4475213.0,0.22558635420251408
MIX23,8000.0,16.0,PRAC_WO_Mitigation,10523527.0,6129646.0,0.36807676230830005
MIX55,8000.0,4.0,PRAC_WO_Mitigation,36439977.0,10103512.0,0.2170768074563555
MIX60,8000.0,1.0,PRAC_WO_Mitigation,12097512.0,5490427.0,0.31217000468332307
MIX62,8000.0,8.0,PRAC_WO_Mitigation,19878639.0,8571994.0,0.3012936126939601
MIX0,8000.0,8.0,PRAC_WO_Mitigation,45891556.0,27648970.0,0.3759691629075375
MIX89,8000.0,8.0,PRAC_WO_Mitigation,4827318.0,996586.0,0.17111992230641165
MIX17,8000.0,4.0,PRAC_WO_Mitigation,16023900.0,7144135.0,0.30836171475051727
MIX16,8000.0,8.0,PRAC_WO_Mitigation,30083081.0,5309455.0,0.15001623506153952
MIX34,8000.0,2.0,PRAC_WO_Mitigation,2252579.0,191458.0,0.07833678459041332
MIX23,8000.0,2.0,PRAC_WO_Mitigation,10607963.0,6228751.0,0.36995051409675306
MIX3,8000.0,2.0,PRAC_WO_Mitigation,65478959.0,16358075.0,0.1998859709407357
MIX69,8000.0,4.0,PRAC_WO_Mitigation,3896949.0,905257.0,0.18850857293502193
MIX29,8000.0,16.0,PRAC_WO_Mitigation,11960377.0,6074953.0,0.3368362541744454
MIX68,8000.0,2.0,PRAC_WO_Mitigation,27002236.0,22872787.0,0.45860203412838524
MIX25,8000.0,1.0,PRAC_WO_Mitigation,11118472.0,5019189.0,0.31102332611894623
MIX12,8000.0,1.0,PRAC_WO_Mitigation,24607502.0,6613573.0,0.21183040622400093
MIX89,8000.0,4.0,PRAC_WO_Mitigation,4857984.0,998823.0,0.1705405351414175
MIX3,8000.0,1.0,PRAC_WO_Mitigation,64856877.0,16194935.0,0.19980966002339343
MIX45,8000.0,2.0,PRAC_WO_Mitigation,51081349.0,18467160.0,0.26552920063318686
MIX82,8000.0,16.0,PRAC_WO_Mitigation,6370926.0,641849.0,0.09152567991986053
MIX79,8000.0,1.0,PRAC_WO_Mitigation,5141694.0,4073726.0,0.4420553810895217
MIX5,8000.0,4.0,PRAC_WO_Mitigation,42024402.0,13320208.0,0.24067760166708194
MIX11,8000.0,8.0,PRAC_WO_Mitigation,75415984.0,34555412.0,0.31422181818988637
MIX28,8000.0,4.0,PRAC_WO_Mitigation,23371506.0,7725373.0,0.24842920731691434
MIX22,8000.0,4.0,PRAC_WO_Mitigation,16706634.0,1514249.0,0.08310513820872457
MIX82,8000.0,8.0,PRAC_WO_Mitigation,6602822.0,655743.0,0.09034058384818487
MIX27,8000.0,1.0,PRAC_WO_Mitigation,16292619.0,5853459.0,0.2643113150780016
MIX18,8000.0,8.0,PRAC_WO_Mitigation,9783063.0,5928292.0,0.3773253166260962
MIX65,8000.0,2.0,PRAC_WO_Mitigation,23735790.0,14829666.0,0.3845323649226396
MIX2,8000.0,16.0,PRAC_WO_Mitigation,30107686.0,9268954.0,0.23539220207717063
MIX71,8000.0,16.0,PRAC_WO_Mitigation,42797493.0,17415521.0,0.2892318428039493
MIX18,8000.0,4.0,PRAC_WO_Mitigation,10009787.0,6100782.0,0.37868196958158334
MIX52,8000.0,16.0,PRAC_WO_Mitigation,52708113.0,13164458.0,0.19984733858345988
MIX6,8000.0,2.0,PRAC_WO_Mitigation,42395795.0,22328626.0,0.3449799265102735
MIX13,8000.0,16.0,PRAC_WO_Mitigation,43285753.0,20057274.0,0.31664533493165714
MIX11,8000.0,2.0,PRAC_WO_Mitigation,75692141.0,34712517.0,0.31441170715822514
MIX40,8000.0,1.0,PRAC_WO_Mitigation,2166668.0,382867.0,0.1501713057479109
MIX29,8000.0,4.0,PRAC_WO_Mitigation,11899457.0,6005042.0,0.3353929087878974
MIX42,8000.0,4.0,PRAC_WO_Mitigation,1192693.0,397513.0,0.2499757893002542
MIX35,8000.0,1.0,PRAC_WO_Mitigation,1136326.0,62188.0,0.05188758746247436
MIX83,8000.0,16.0,PRAC_WO_Mitigation,10607433.0,2000116.0,0.15864431698817907
MIX69,8000.0,2.0,PRAC_WO_Mitigation,4071916.0,949757.0,0.18913159020907971
MIX21,8000.0,2.0,PRAC_WO_Mitigation,18680646.0,5903117.0,0.24012259636573946
MIX32,8000.0,16.0,PRAC_WO_Mitigation,1607244.0,300795.0,0.1576461487422427
MIX73,8000.0,16.0,PRAC_WO_Mitigation,11251281.0,5470893.0,0.3271639799944672
MIX36,8000.0,2.0,PRAC_WO_Mitigation,348957.0,128872.0,0.2697031783336717
MIX75,8000.0,1.0,PRAC_WO_Mitigation,6297883.0,2541063.0,0.2874848426497911
MIX80,8000.0,16.0,PRAC_WO_Mitigation,3232328.0,1219593.0,0.27394758352630244
MIX22,8000.0,8.0,PRAC_WO_Mitigation,15777047.0,1411751.0,0.08213203738853642
MIX18,8000.0,16.0,PRAC_WO_Mitigation,9735414.0,5898309.0,0.37728115049754946
MIX58,8000.0,2.0,PRAC_WO_Mitigation,60583922.0,18455180.0,0.2334943026048044
MIX65,8000.0,16.0,PRAC_WO_Mitigation,22165780.0,13927865.0,0.3858813649882133
MIX86,8000.0,4.0,PRAC_WO_Mitigation,4672146.0,649096.0,0.12198204855182306
MIX26,8000.0,16.0,PRAC_WO_Mitigation,11500599.0,5569999.0,0.32629196704181074
