workload,Channel,interface,PRAC_WO_Mitigation-ClosedCap4,Benchmark_Types
MIX0,1.0,3200.0,0.9733940639188511,HHHH (15)
MIX0,1.0,6400.0,0.8856317405276931,HHHH (15)
MIX0,1.0,8800.0,0.858594022626989,HHHH (15)
MIX0,1.0,12800.0,0.8498510053370015,HHHH (15)
MIX0,1.0,17600.0,0.8462092572112021,HHHH (15)
MIX1,1.0,3200.0,0.9796066766783957,HHHH (15)
MIX1,1.0,6400.0,0.9274724526187722,HHHH (15)
MIX1,1.0,8800.0,0.8673673944435227,HHHH (15)
MIX1,1.0,12800.0,0.8307711266354261,HHHH (15)
MIX1,1.0,17600.0,0.8248904296226953,HHHH (15)
MIX10,1.0,3200.0,0.974085535579353,HHHH (15)
MIX10,1.0,6400.0,0.8864161254578306,HHHH (15)
MIX10,1.0,8800.0,0.8565479619446428,HHHH (15)
MIX10,1.0,12800.0,0.8440765444615972,HHHH (15)
MIX10,1.0,17600.0,0.8423765738268764,HHHH (15)
MIX11,1.0,3200.0,0.9877167287740991,HHHH (15)
MIX11,1.0,6400.0,0.9260985396417365,HHHH (15)
MIX11,1.0,8800.0,0.8695859588962741,HHHH (15)
MIX11,1.0,12800.0,0.8385027965054271,HHHH (15)
MIX11,1.0,17600.0,0.8369762451600248,HHHH (15)
MIX12,1.0,3200.0,0.9431439758734296,HHHH (15)
MIX12,1.0,6400.0,0.8707887648578883,HHHH (15)
MIX12,1.0,8800.0,0.8527253719159806,HHHH (15)
MIX12,1.0,12800.0,0.8487655691126019,HHHH (15)
MIX12,1.0,17600.0,0.8409677562068062,HHHH (15)
MIX13,1.0,3200.0,0.9718593179281799,HHHH (15)
MIX13,1.0,6400.0,0.8794608436961578,HHHH (15)
MIX13,1.0,8800.0,0.8511813108546483,HHHH (15)
MIX13,1.0,12800.0,0.8436719986983134,HHHH (15)
MIX13,1.0,17600.0,0.8356925396781643,HHHH (15)
MIX14,1.0,3200.0,0.9726465082481306,HHHH (15)
MIX14,1.0,6400.0,0.8828232605638786,HHHH (15)
MIX14,1.0,8800.0,0.8542768263940107,HHHH (15)
MIX14,1.0,12800.0,0.8430389786807265,HHHH (15)
MIX14,1.0,17600.0,0.8406656525598413,HHHH (15)
MIX15,1.0,3200.0,0.9583275269326338,MMMM (15)
MIX15,1.0,6400.0,0.9286975765889351,MMMM (15)
MIX15,1.0,8800.0,0.9186682512792704,MMMM (15)
MIX15,1.0,12800.0,0.9165133399409553,MMMM (15)
MIX15,1.0,17600.0,0.9168883687326463,MMMM (15)
MIX16,1.0,3200.0,0.9691664839705109,MMMM (15)
MIX16,1.0,6400.0,0.9094725146114946,MMMM (15)
MIX16,1.0,8800.0,0.8792064338112753,MMMM (15)
MIX16,1.0,12800.0,0.862844295207058,MMMM (15)
MIX16,1.0,17600.0,0.8648765412800573,MMMM (15)
MIX17,1.0,3200.0,0.9669497150370147,MMMM (15)
MIX17,1.0,6400.0,0.9225455940383761,MMMM (15)
MIX17,1.0,8800.0,0.9042544805083831,MMMM (15)
MIX17,1.0,12800.0,0.8943502722074317,MMMM (15)
MIX17,1.0,17600.0,0.8930419492176201,MMMM (15)
MIX18,1.0,3200.0,0.9573265348947905,MMMM (15)
MIX18,1.0,6400.0,0.9243108350441165,MMMM (15)
MIX18,1.0,8800.0,0.9133088506869227,MMMM (15)
MIX18,1.0,12800.0,0.9094596283716022,MMMM (15)
MIX18,1.0,17600.0,0.9108734896958905,MMMM (15)
MIX19,1.0,3200.0,0.9581785115361404,MMMM (15)
MIX19,1.0,6400.0,0.9028197369173742,MMMM (15)
MIX19,1.0,8800.0,0.8873739209027114,MMMM (15)
MIX19,1.0,12800.0,0.8808153956805379,MMMM (15)
MIX19,1.0,17600.0,0.8821730041328394,MMMM (15)
MIX2,1.0,3200.0,0.9501681822298285,HHHH (15)
MIX2,1.0,6400.0,0.8607633676161811,HHHH (15)
MIX2,1.0,8800.0,0.8372792868164074,HHHH (15)
MIX2,1.0,12800.0,0.8233110306641652,HHHH (15)
MIX2,1.0,17600.0,0.8174259872845943,HHHH (15)
MIX20,1.0,3200.0,0.9445645481284279,MMMM (15)
MIX20,1.0,6400.0,0.8893831557480404,MMMM (15)
MIX20,1.0,8800.0,0.8750243499425531,MMMM (15)
MIX20,1.0,12800.0,0.8688258621683096,MMMM (15)
MIX20,1.0,17600.0,0.8682848118218917,MMMM (15)
MIX21,1.0,3200.0,0.936122468344442,MMMM (15)
MIX21,1.0,6400.0,0.8807648655392479,MMMM (15)
MIX21,1.0,8800.0,0.8702584752391452,MMMM (15)
MIX21,1.0,12800.0,0.8660084121708049,MMMM (15)
MIX21,1.0,17600.0,0.8644236622303166,MMMM (15)
MIX22,1.0,3200.0,0.9515834093044221,MMMM (15)
MIX22,1.0,6400.0,0.8968483713160953,MMMM (15)
MIX22,1.0,8800.0,0.8758138467430545,MMMM (15)
MIX22,1.0,12800.0,0.8653717100684557,MMMM (15)
MIX22,1.0,17600.0,0.872024974493404,MMMM (15)
MIX23,1.0,3200.0,0.9444834801753618,MMMM (15)
MIX23,1.0,6400.0,0.8999209320332193,MMMM (15)
MIX23,1.0,8800.0,0.8897459200858697,MMMM (15)
MIX23,1.0,12800.0,0.8885721509389223,MMMM (15)
MIX23,1.0,17600.0,0.8874990764202371,MMMM (15)
MIX24,1.0,3200.0,0.9430431351748949,MMMM (15)
MIX24,1.0,6400.0,0.8976144822716607,MMMM (15)
MIX24,1.0,8800.0,0.8910437679097478,MMMM (15)
MIX24,1.0,12800.0,0.8903779402969152,MMMM (15)
MIX24,1.0,17600.0,0.8892318271500521,MMMM (15)
MIX25,1.0,3200.0,0.9416943444008885,MMMM (15)
MIX25,1.0,6400.0,0.9015223188455251,MMMM (15)
MIX25,1.0,8800.0,0.8913565278291535,MMMM (15)
MIX25,1.0,12800.0,0.8857893186647333,MMMM (15)
MIX25,1.0,17600.0,0.8848358944563576,MMMM (15)
MIX26,1.0,3200.0,0.9254232151666649,MMMM (15)
MIX26,1.0,6400.0,0.8823408709774141,MMMM (15)
MIX26,1.0,8800.0,0.8765829543934578,MMMM (15)
MIX26,1.0,12800.0,0.873761832945711,MMMM (15)
MIX26,1.0,17600.0,0.8720849052301879,MMMM (15)
MIX27,1.0,3200.0,0.954794420257377,MMMM (15)
MIX27,1.0,6400.0,0.8947714466438655,MMMM (15)
MIX27,1.0,8800.0,0.8791648178613055,MMMM (15)
MIX27,1.0,12800.0,0.8739530053552599,MMMM (15)
MIX27,1.0,17600.0,0.8745281594921532,MMMM (15)
MIX28,1.0,3200.0,0.9488828565921186,MMMM (15)
MIX28,1.0,6400.0,0.9026506212354244,MMMM (15)
MIX28,1.0,8800.0,0.8937543696909834,MMMM (15)
MIX28,1.0,12800.0,0.8935926142380531,MMMM (15)
MIX28,1.0,17600.0,0.8919887818167586,MMMM (15)
MIX29,1.0,3200.0,0.9491305146709768,MMMM (15)
MIX29,1.0,6400.0,0.8983641110219663,MMMM (15)
MIX29,1.0,8800.0,0.8836964688806338,MMMM (15)
MIX29,1.0,12800.0,0.8780924420988494,MMMM (15)
MIX29,1.0,17600.0,0.8794320061409324,MMMM (15)
MIX3,1.0,3200.0,0.9787410019887568,HHHH (15)
MIX3,1.0,6400.0,0.9101566144069231,HHHH (15)
MIX3,1.0,8800.0,0.8536419528524554,HHHH (15)
MIX3,1.0,12800.0,0.8211971715647219,HHHH (15)
MIX3,1.0,17600.0,0.8160535216399492,HHHH (15)
MIX30,1.0,3200.0,0.9872854169339484,LLLL (15)
MIX30,1.0,6400.0,0.9859449468610815,LLLL (15)
MIX30,1.0,8800.0,0.9853550445539231,LLLL (15)
MIX30,1.0,12800.0,0.9851014342184351,LLLL (15)
MIX30,1.0,17600.0,0.9847642043709001,LLLL (15)
MIX31,1.0,3200.0,0.9890457543395444,LLLL (15)
MIX31,1.0,6400.0,0.9882959096000913,LLLL (15)
MIX31,1.0,8800.0,0.9901437740304441,LLLL (15)
MIX31,1.0,12800.0,0.9897871200290861,LLLL (15)
MIX31,1.0,17600.0,0.9897011234814884,LLLL (15)
MIX32,1.0,3200.0,0.9827929603093484,LLLL (15)
MIX32,1.0,6400.0,0.9801455325688343,LLLL (15)
MIX32,1.0,8800.0,0.9808122626883921,LLLL (15)
MIX32,1.0,12800.0,0.9797338807902995,LLLL (15)
MIX32,1.0,17600.0,0.978643016896715,LLLL (15)
MIX33,1.0,3200.0,0.978582498450179,LLLL (15)
MIX33,1.0,6400.0,0.9782674184501514,LLLL (15)
MIX33,1.0,8800.0,0.9783186340639983,LLLL (15)
MIX33,1.0,12800.0,0.9785131577501697,LLLL (15)
MIX33,1.0,17600.0,0.9781935500738476,LLLL (15)
MIX34,1.0,3200.0,0.9721907656153702,LLLL (15)
MIX34,1.0,6400.0,0.9685971723679836,LLLL (15)
MIX34,1.0,8800.0,0.9679806585291606,LLLL (15)
MIX34,1.0,12800.0,0.9670164627149669,LLLL (15)
MIX34,1.0,17600.0,0.9665373993408043,LLLL (15)
MIX35,1.0,3200.0,0.9877131628601846,LLLL (15)
MIX35,1.0,6400.0,0.9850301775279564,LLLL (15)
MIX35,1.0,8800.0,0.9855057952872317,LLLL (15)
MIX35,1.0,12800.0,0.9846394033487632,LLLL (15)
MIX35,1.0,17600.0,0.9843283937346098,LLLL (15)
MIX36,1.0,3200.0,0.9937702814695994,LLLL (15)
MIX36,1.0,6400.0,0.9929502150409989,LLLL (15)
MIX36,1.0,8800.0,0.9930177744502029,LLLL (15)
MIX36,1.0,12800.0,0.9925074477429853,LLLL (15)
MIX36,1.0,17600.0,0.9925971367935608,LLLL (15)
MIX37,1.0,3200.0,0.982663530759735,LLLL (15)
MIX37,1.0,6400.0,0.981199570030956,LLLL (15)
MIX37,1.0,8800.0,0.9811322025408563,LLLL (15)
MIX37,1.0,12800.0,0.9801479726618487,LLLL (15)
MIX37,1.0,17600.0,0.97991946123461,LLLL (15)
MIX38,1.0,3200.0,0.9674908352269833,LLLL (15)
MIX38,1.0,6400.0,0.9661852516744432,LLLL (15)
MIX38,1.0,8800.0,0.9661907140822561,LLLL (15)
MIX38,1.0,12800.0,0.9644136481831228,LLLL (15)
MIX38,1.0,17600.0,0.9634615899730752,LLLL (15)
MIX39,1.0,3200.0,0.9831274129882119,LLLL (15)
MIX39,1.0,6400.0,0.9784596804059578,LLLL (15)
MIX39,1.0,8800.0,0.9786338049541733,LLLL (15)
MIX39,1.0,12800.0,0.9764114057779559,LLLL (15)
MIX39,1.0,17600.0,0.9760511845864541,LLLL (15)
MIX4,1.0,3200.0,0.9678455479073205,HHHH (15)
MIX4,1.0,6400.0,0.8880830255616491,HHHH (15)
MIX4,1.0,8800.0,0.8660421839346356,HHHH (15)
MIX4,1.0,12800.0,0.8589660354463686,HHHH (15)
MIX4,1.0,17600.0,0.848866365093243,HHHH (15)
MIX40,1.0,3200.0,0.9626198000148118,LLLL (15)
MIX40,1.0,6400.0,0.9604131027002869,LLLL (15)
MIX40,1.0,8800.0,0.960473504831745,LLLL (15)
MIX40,1.0,12800.0,0.9594053546591117,LLLL (15)
MIX40,1.0,17600.0,0.9593054160004947,LLLL (15)
MIX41,1.0,3200.0,0.9817972781867671,LLLL (15)
MIX41,1.0,6400.0,0.9809911188664625,LLLL (15)
MIX41,1.0,8800.0,0.9852447979586552,LLLL (15)
MIX41,1.0,12800.0,0.9818529029884014,LLLL (15)
MIX41,1.0,17600.0,0.9809023672165343,LLLL (15)
MIX42,1.0,3200.0,0.9765815438002252,LLLL (15)
MIX42,1.0,6400.0,0.9748328008560933,LLLL (15)
MIX42,1.0,8800.0,0.9743406286168277,LLLL (15)
MIX42,1.0,12800.0,0.9729802172915817,LLLL (15)
MIX42,1.0,17600.0,0.9732146937956347,LLLL (15)
MIX43,1.0,3200.0,0.996881216418454,LLLL (15)
MIX43,1.0,6400.0,0.9972672852436173,LLLL (15)
MIX43,1.0,8800.0,0.9974010617031478,LLLL (15)
MIX43,1.0,12800.0,0.9973240255611117,LLLL (15)
MIX43,1.0,17600.0,0.9973152715752543,LLLL (15)
MIX44,1.0,3200.0,0.9861232100308908,LLLL (15)
MIX44,1.0,6400.0,0.9868475832666144,LLLL (15)
MIX44,1.0,8800.0,0.9861977917411118,LLLL (15)
MIX44,1.0,12800.0,0.9862873922180938,LLLL (15)
MIX44,1.0,17600.0,0.9865482763931995,LLLL (15)
MIX45,1.0,3200.0,0.9755647332637963,HHMM (15)
MIX45,1.0,6400.0,0.9044878739075581,HHMM (15)
MIX45,1.0,8800.0,0.8668066013386166,HHMM (15)
MIX45,1.0,12800.0,0.8447990706375572,HHMM (15)
MIX45,1.0,17600.0,0.8407119502160612,HHMM (15)
MIX46,1.0,3200.0,0.9887481131163551,HHMM (15)
MIX46,1.0,6400.0,0.8867080116261984,HHMM (15)
MIX46,1.0,8800.0,0.8696996121402104,HHMM (15)
MIX46,1.0,12800.0,0.8624618394127072,HHMM (15)
MIX46,1.0,17600.0,0.8602200155428449,HHMM (15)
MIX47,1.0,3200.0,0.9563085305294813,HHMM (15)
MIX47,1.0,6400.0,0.8843425721876229,HHMM (15)
MIX47,1.0,8800.0,0.8682640640044782,HHMM (15)
MIX47,1.0,12800.0,0.8570629172366067,HHMM (15)
MIX47,1.0,17600.0,0.8577287968386981,HHMM (15)
MIX48,1.0,3200.0,0.9727614503669961,HHMM (15)
MIX48,1.0,6400.0,0.9269855656529989,HHMM (15)
MIX48,1.0,8800.0,0.886840901467418,HHMM (15)
MIX48,1.0,12800.0,0.8648995178375763,HHMM (15)
MIX48,1.0,17600.0,0.8549526132220424,HHMM (15)
MIX49,1.0,3200.0,0.966000306331355,HHMM (15)
MIX49,1.0,6400.0,0.8846720187801081,HHMM (15)
MIX49,1.0,8800.0,0.8607415470839612,HHMM (15)
MIX49,1.0,12800.0,0.8509895939226834,HHMM (15)
MIX49,1.0,17600.0,0.8517495397105321,HHMM (15)
MIX5,1.0,3200.0,0.9537594738375547,HHHH (15)
MIX5,1.0,6400.0,0.90698246618752,HHHH (15)
MIX5,1.0,8800.0,0.866881413329693,HHHH (15)
MIX5,1.0,12800.0,0.8583872516854333,HHHH (15)
MIX5,1.0,17600.0,0.855757581569649,HHHH (15)
MIX50,1.0,3200.0,0.9764774249708883,HHMM (15)
MIX50,1.0,6400.0,0.9263036696850954,HHMM (15)
MIX50,1.0,8800.0,0.9050409529854222,HHMM (15)
MIX50,1.0,12800.0,0.8946465707249537,HHMM (15)
MIX50,1.0,17600.0,0.8939467073195774,HHMM (15)
MIX51,1.0,3200.0,0.9861795668379731,HHMM (15)
MIX51,1.0,6400.0,0.908211010378231,HHMM (15)
MIX51,1.0,8800.0,0.8687763267354394,HHMM (15)
MIX51,1.0,12800.0,0.8463177956076883,HHMM (15)
MIX51,1.0,17600.0,0.8524745566042284,HHMM (15)
MIX52,1.0,3200.0,0.9778023684207606,HHMM (15)
MIX52,1.0,6400.0,0.9116098811823944,HHMM (15)
MIX52,1.0,8800.0,0.8659408466761296,HHMM (15)
MIX52,1.0,12800.0,0.8407975561373834,HHMM (15)
MIX52,1.0,17600.0,0.8390237559711551,HHMM (15)
MIX53,1.0,3200.0,0.9414376364134031,HHMM (15)
MIX53,1.0,6400.0,0.8943026530082626,HHMM (15)
MIX53,1.0,8800.0,0.884670146903951,HHMM (15)
MIX53,1.0,12800.0,0.8794747274227571,HHMM (15)
MIX53,1.0,17600.0,0.8759329242849472,HHMM (15)
MIX54,1.0,3200.0,0.946384293366427,HHMM (15)
MIX54,1.0,6400.0,0.881346408311885,HHMM (15)
MIX54,1.0,8800.0,0.867320475306134,HHMM (15)
MIX54,1.0,12800.0,0.8633360378075445,HHMM (15)
MIX54,1.0,17600.0,0.8630089499885267,HHMM (15)
MIX55,1.0,3200.0,0.9674955917926387,HHMM (15)
MIX55,1.0,6400.0,0.8777942937982677,HHMM (15)
MIX55,1.0,8800.0,0.8508699184250089,HHMM (15)
MIX55,1.0,12800.0,0.8496315274339713,HHMM (15)
MIX55,1.0,17600.0,0.8461554550453084,HHMM (15)
MIX56,1.0,3200.0,0.9807960480143147,HHMM (15)
MIX56,1.0,6400.0,0.9332970271649206,HHMM (15)
MIX56,1.0,8800.0,0.9082686705053132,HHMM (15)
MIX56,1.0,12800.0,0.8931863943109686,HHMM (15)
MIX56,1.0,17600.0,0.8953430330738531,HHMM (15)
MIX57,1.0,3200.0,0.9585803922447758,HHMM (15)
MIX57,1.0,6400.0,0.8829835275842252,HHMM (15)
MIX57,1.0,8800.0,0.8635536743811273,HHMM (15)
MIX57,1.0,12800.0,0.856863808277375,HHMM (15)
MIX57,1.0,17600.0,0.8548689084828135,HHMM (15)
MIX59,1.0,3200.0,0.957317029425933,HHMM (15)
MIX59,1.0,6400.0,0.8938319064193694,HHMM (15)
MIX59,1.0,8800.0,0.8783738983805096,HHMM (15)
MIX59,1.0,12800.0,0.8735100795915578,HHMM (15)
MIX59,1.0,17600.0,0.8714157320690062,HHMM (15)
MIX6,1.0,3200.0,0.9663826673224177,HHHH (15)
MIX6,1.0,6400.0,0.8859982276811927,HHHH (15)
MIX6,1.0,8800.0,0.8548950978620914,HHHH (15)
MIX6,1.0,12800.0,0.8511385301889016,HHHH (15)
MIX6,1.0,17600.0,0.8464045849769206,HHHH (15)
MIX60,1.0,3200.0,0.9643701396825083,HHLL (15)
MIX60,1.0,6400.0,0.9318110224106061,HHLL (15)
MIX60,1.0,8800.0,0.92385101387472,HHLL (15)
MIX60,1.0,12800.0,0.9203263824912196,HHLL (15)
MIX60,1.0,17600.0,0.9188453699489447,HHLL (15)
MIX61,1.0,3200.0,0.9755466425011433,HHLL (15)
MIX61,1.0,6400.0,0.9489368801118013,HHLL (15)
MIX61,1.0,8800.0,0.9463024330273877,HHLL (15)
MIX61,1.0,12800.0,0.9458724033923358,HHLL (15)
MIX61,1.0,17600.0,0.9434490805508803,HHLL (15)
MIX62,1.0,3200.0,0.9528954026556177,HHLL (15)
MIX62,1.0,6400.0,0.91437540233064,HHLL (15)
MIX62,1.0,8800.0,0.9094383641997679,HHLL (15)
MIX62,1.0,12800.0,0.9052170900583929,HHLL (15)
MIX62,1.0,17600.0,0.9045593345325085,HHLL (15)
MIX63,1.0,3200.0,0.9738622033457753,HHLL (15)
MIX63,1.0,6400.0,0.9511381341796773,HHLL (15)
MIX63,1.0,8800.0,0.9465789794150236,HHLL (15)
MIX63,1.0,12800.0,0.9442062794683787,HHLL (15)
MIX63,1.0,17600.0,0.9461512338722304,HHLL (15)
MIX64,1.0,3200.0,0.9606318944328798,HHLL (15)
MIX64,1.0,6400.0,0.9432304165719706,HHLL (15)
MIX64,1.0,8800.0,0.9438580124782372,HHLL (15)
MIX64,1.0,12800.0,0.9399668966400461,HHLL (15)
MIX64,1.0,17600.0,0.9411913815667535,HHLL (15)
MIX65,1.0,3200.0,0.9738107004760419,HHLL (15)
MIX65,1.0,6400.0,0.9530998368407054,HHLL (15)
MIX65,1.0,8800.0,0.9501900061927292,HHLL (15)
MIX65,1.0,12800.0,0.9474837071340486,HHLL (15)
MIX65,1.0,17600.0,0.9473494423117038,HHLL (15)
MIX66,1.0,3200.0,0.9724375150518142,HHLL (15)
MIX66,1.0,6400.0,0.9447469777652925,HHLL (15)
MIX66,1.0,8800.0,0.9355209760327843,HHLL (15)
MIX66,1.0,12800.0,0.9340566444359079,HHLL (15)
MIX66,1.0,17600.0,0.9327644678302379,HHLL (15)
MIX67,1.0,3200.0,0.9391430691196825,HHLL (15)
MIX67,1.0,6400.0,0.8946620306470561,HHLL (15)
MIX67,1.0,8800.0,0.8934671064154303,HHLL (15)
MIX67,1.0,12800.0,0.8894573013436486,HHLL (15)
MIX67,1.0,17600.0,0.8918768113993327,HHLL (15)
MIX68,1.0,3200.0,0.9875582251131152,HHLL (15)
MIX68,1.0,6400.0,0.9618836259315473,HHLL (15)
MIX68,1.0,8800.0,0.9551325998736889,HHLL (15)
MIX68,1.0,12800.0,0.9528536009780998,HHLL (15)
MIX68,1.0,17600.0,0.9508390156830832,HHLL (15)
MIX69,1.0,3200.0,0.9494811064142927,HHLL (15)
MIX69,1.0,6400.0,0.9346674976655966,HHLL (15)
MIX69,1.0,8800.0,0.9407617788959154,HHLL (15)
MIX69,1.0,12800.0,0.9330978948043851,HHLL (15)
MIX69,1.0,17600.0,0.9390871672912451,HHLL (15)
MIX7,1.0,3200.0,0.976671148863939,HHHH (15)
MIX7,1.0,6400.0,0.9105222187710471,HHHH (15)
MIX7,1.0,8800.0,0.8615989053109966,HHHH (15)
MIX7,1.0,12800.0,0.8349553293498121,HHHH (15)
MIX7,1.0,17600.0,0.8277015827909221,HHHH (15)
MIX70,1.0,3200.0,0.9849279695255658,HHLL (15)
MIX70,1.0,6400.0,0.9630842622953993,HHLL (15)
MIX70,1.0,8800.0,0.9507124175738753,HHLL (15)
MIX70,1.0,12800.0,0.9459276153092322,HHLL (15)
MIX70,1.0,17600.0,0.9436766905333667,HHLL (15)
MIX71,1.0,3200.0,0.9830377399880597,HHLL (15)
MIX71,1.0,6400.0,0.9562420911014451,HHLL (15)
MIX71,1.0,8800.0,0.9448141081652474,HHLL (15)
MIX71,1.0,12800.0,0.9415890152842088,HHLL (15)
MIX71,1.0,17600.0,0.9404118364271037,HHLL (15)
MIX72,1.0,3200.0,0.9789631226891037,HHLL (15)
MIX72,1.0,6400.0,0.9385219493456609,HHLL (15)
MIX72,1.0,8800.0,0.9321638923154326,HHLL (15)
MIX72,1.0,12800.0,0.9300287568604134,HHLL (15)
MIX72,1.0,17600.0,0.9263289145449441,HHLL (15)
MIX73,1.0,3200.0,0.9614573222580531,HHLL (15)
MIX73,1.0,6400.0,0.928857910541341,HHLL (15)
MIX73,1.0,8800.0,0.9299723185713897,HHLL (15)
MIX73,1.0,12800.0,0.9205445915706936,HHLL (15)
MIX73,1.0,17600.0,0.9217345278180729,HHLL (15)
MIX74,1.0,3200.0,0.9790138213445913,HHLL (15)
MIX74,1.0,6400.0,0.9463916835068152,HHLL (15)
MIX74,1.0,8800.0,0.9393456549315744,HHLL (15)
MIX74,1.0,12800.0,0.9393651866457203,HHLL (15)
MIX74,1.0,17600.0,0.9372871984043465,HHLL (15)
MIX75,1.0,3200.0,0.9592437966141516,MMLL (15)
MIX75,1.0,6400.0,0.9466165636946542,MMLL (15)
MIX75,1.0,8800.0,0.9429661009336461,MMLL (15)
MIX75,1.0,12800.0,0.9420604147422785,MMLL (15)
MIX75,1.0,17600.0,0.9415786191757755,MMLL (15)
MIX76,1.0,3200.0,0.961382622776733,MMLL (15)
MIX76,1.0,6400.0,0.9429988392066985,MMLL (15)
MIX76,1.0,8800.0,0.9374512950477195,MMLL (15)
MIX76,1.0,12800.0,0.9360864396652061,MMLL (15)
MIX76,1.0,17600.0,0.9359625831191004,MMLL (15)
MIX77,1.0,3200.0,0.966999903547938,MMLL (15)
MIX77,1.0,6400.0,0.9525063107285852,MMLL (15)
MIX77,1.0,8800.0,0.941210765044064,MMLL (15)
MIX77,1.0,12800.0,0.9457401434641289,MMLL (15)
MIX77,1.0,17600.0,0.9478775995488345,MMLL (15)
MIX78,1.0,3200.0,0.9749369987065251,MMLL (15)
MIX78,1.0,6400.0,0.9515632872143438,MMLL (15)
MIX78,1.0,8800.0,0.9447586219717715,MMLL (15)
MIX78,1.0,12800.0,0.9582186638837661,MMLL (15)
MIX78,1.0,17600.0,0.9513447864330138,MMLL (15)
MIX79,1.0,3200.0,0.9684209259491122,MMLL (15)
MIX79,1.0,6400.0,0.9572521227006496,MMLL (15)
MIX79,1.0,8800.0,0.9559173198335466,MMLL (15)
MIX79,1.0,12800.0,0.9557943573186195,MMLL (15)
MIX79,1.0,17600.0,0.953618441112017,MMLL (15)
MIX8,1.0,3200.0,0.9781062688100083,HHHH (15)
MIX8,1.0,6400.0,0.8869103798030016,HHHH (15)
MIX8,1.0,8800.0,0.8511627617502869,HHHH (15)
MIX8,1.0,12800.0,0.8406786882317041,HHHH (15)
MIX8,1.0,17600.0,0.8374851429462381,HHHH (15)
MIX80,1.0,3200.0,0.9635423572205616,MMLL (15)
MIX80,1.0,6400.0,0.9521387604927988,MMLL (15)
MIX80,1.0,8800.0,0.9517125842613687,MMLL (15)
MIX80,1.0,12800.0,0.9504812919197618,MMLL (15)
MIX80,1.0,17600.0,0.9504568808935807,MMLL (15)
MIX81,1.0,3200.0,0.9441104117009054,MMLL (15)
MIX81,1.0,6400.0,0.9270299368236748,MMLL (15)
MIX81,1.0,8800.0,0.9246948443026038,MMLL (15)
MIX81,1.0,12800.0,0.923398000434489,MMLL (15)
MIX81,1.0,17600.0,0.9219736743641651,MMLL (15)
MIX82,1.0,3200.0,0.9704941212273623,MMLL (15)
MIX82,1.0,6400.0,0.9616510742173577,MMLL (15)
MIX82,1.0,8800.0,0.9601748960545038,MMLL (15)
MIX82,1.0,12800.0,0.9615806959049776,MMLL (15)
MIX82,1.0,17600.0,0.9609052940504635,MMLL (15)
MIX83,1.0,3200.0,0.922855642656352,MMLL (15)
MIX83,1.0,6400.0,0.8903438348872385,MMLL (15)
MIX83,1.0,8800.0,0.886734416517091,MMLL (15)
MIX83,1.0,12800.0,0.8832682731371225,MMLL (15)
MIX83,1.0,17600.0,0.881742481438363,MMLL (15)
MIX84,1.0,3200.0,0.9228761314176157,MMLL (15)
MIX84,1.0,6400.0,0.9002758010125759,MMLL (15)
MIX84,1.0,8800.0,0.896783940207851,MMLL (15)
MIX84,1.0,12800.0,0.8944125364726032,MMLL (15)
MIX84,1.0,17600.0,0.891877878611982,MMLL (15)
MIX85,1.0,3200.0,0.9556867047638526,MMLL (15)
MIX85,1.0,6400.0,0.932590791346571,MMLL (15)
MIX85,1.0,8800.0,0.9274132757301881,MMLL (15)
MIX85,1.0,12800.0,0.9263728446203786,MMLL (15)
MIX85,1.0,17600.0,0.9239815322370019,MMLL (15)
MIX86,1.0,3200.0,0.9681669407777193,MMLL (15)
MIX86,1.0,6400.0,0.9412724217172095,MMLL (15)
MIX86,1.0,8800.0,0.946069311262002,MMLL (15)
MIX86,1.0,12800.0,0.9401263913779806,MMLL (15)
MIX86,1.0,17600.0,0.9462050886398495,MMLL (15)
MIX87,1.0,3200.0,0.9551822642326083,MMLL (15)
MIX87,1.0,6400.0,0.9493414017854253,MMLL (15)
MIX87,1.0,8800.0,0.9492889452357193,MMLL (15)
MIX87,1.0,12800.0,0.9606109905380235,MMLL (15)
MIX87,1.0,17600.0,0.9573285146453829,MMLL (15)
MIX88,1.0,3200.0,0.9660154354236429,MMLL (15)
MIX88,1.0,6400.0,0.9424939494299214,MMLL (15)
MIX88,1.0,8800.0,0.9375798533720502,MMLL (15)
MIX88,1.0,12800.0,0.937680210644934,MMLL (15)
MIX88,1.0,17600.0,0.9384565440769097,MMLL (15)
MIX89,1.0,3200.0,0.9426133934360017,MMLL (15)
MIX89,1.0,6400.0,0.9427411349065322,MMLL (15)
MIX89,1.0,8800.0,0.915029267878267,MMLL (15)
MIX89,1.0,12800.0,0.9228730312208541,MMLL (15)
MIX89,1.0,17600.0,0.9144174296173487,MMLL (15)
MIX9,1.0,3200.0,0.9721883799283346,HHHH (15)
MIX9,1.0,6400.0,0.8837857650823764,HHHH (15)
MIX9,1.0,8800.0,0.867989663347896,HHHH (15)
MIX9,1.0,12800.0,0.8575149546194709,HHHH (15)
MIX9,1.0,17600.0,0.8522919307012449,HHHH (15)
HHHH (15),1.0,3200.0,0.9696840095858821,
MMMM (15),1.0,3200.0,0.9499131679820143,
LLLL (15),1.0,3200.0,0.9818697417774469,
HHMM (15),1.0,3200.0,0.9678899627108218,
HHLL (15),1.0,3200.0,0.9690463733814332,
MMLL (15),1.0,3200.0,0.9560377803440037,
HHHH (15),1.0,6400.0,0.8926001920691359,
MMMM (15),1.0,6400.0,0.9020321156821343,
LLLL (15),1.0,6400.0,0.9803148394879152,
HHMM (15),1.0,6400.0,0.8995953159684822,
HHLL (15),1.0,6400.0,0.9406095065019648,
MMLL (15),1.0,6400.0,0.9391842336018152,
HHHH (15),1.0,8800.0,0.8579428011565696,
MMMM (15),1.0,8800.0,0.888511511098894,
LLLL (15),1.0,8800.0,0.9806672242813914,
HHMM (15),1.0,8800.0,0.8745138178350262,
HHLL (15),1.0,8800.0,0.9360000162396117,
MMLL (15),1.0,8800.0,0.9342930531273997,
HHHH (15),1.0,12800.0,0.842910950736526,
MMMM (15),1.0,12800.0,0.8830884705378131,
LLLL (15),1.0,12800.0,0.979688864665167,
HHMM (15),1.0,12800.0,0.8625568236717651,
HHLL (15),1.0,12800.0,0.9325132298541128,
MMLL (15),1.0,12800.0,0.935644162516209,
HHHH (15),1.0,17600.0,0.837904400581812,
MMMM (15),1.0,17600.0,0.8833526723513924,
LLLL (15),1.0,17600.0,0.9793782217378446,
HHMM (15),1.0,17600.0,0.8610898675925062,
HHLL (15),1.0,17600.0,0.9322264772119446,
MMLL (15),1.0,17600.0,0.9342328239247608,
All (57),1.0,3200.0,0.9656620813318978,
All (57),1.0,6400.0,0.9254870557060866,
All (57),1.0,8800.0,0.9114127088972221,
All (57),1.0,12800.0,0.9052948006252005,
All (57),1.0,17600.0,0.9038645094393418,
