workload,Channel,interface,Baseline,Baseline-ClosedCap4
401.bzip2,1.0,3200.0,3.2831453979934544,3.2784448214495687
401.bzip2,1.0,6400.0,3.3691519532601055,3.364250320354006
401.bzip2,1.0,8800.0,3.3929349607894115,3.3871895543410373
401.bzip2,1.0,12800.0,3.4032062136446544,3.3973201110178977
401.bzip2,1.0,17600.0,3.4160123528471558,3.41182775043793
401.bzip2,2.0,8800.0,3.4790093070178103,3.4751597183396967
401.bzip2,4.0,8800.0,3.5185137896360135,3.515843756016927
401.bzip2,8.0,8800.0,3.544370664667604,3.544743359731557
401.bzip2,16.0,8800.0,3.5701368918287013,3.5685655581995532
403.gcc,1.0,3200.0,3.782310182249027,3.782310182249027
403.gcc,1.0,6400.0,3.8070168207936153,3.8070168207936153
403.gcc,1.0,8800.0,3.8116625086638134,3.8116625086638134
403.gcc,1.0,12800.0,3.8190623439698217,3.8190623439698217
403.gcc,1.0,17600.0,3.83051627974009,3.83051627974009
403.gcc,2.0,8800.0,3.822731748868116,3.822731748868116
403.gcc,4.0,8800.0,3.833125841121964,3.833125841121964
403.gcc,8.0,8800.0,3.838116402931139,3.838116402931139
403.gcc,16.0,8800.0,3.841470960688499,3.841470960688499
429.mcf,1.0,3200.0,0.5084191966328593,0.5019955991612224
429.mcf,1.0,6400.0,0.7008038431723947,0.6873365813460143
429.mcf,1.0,8800.0,0.7374617487256112,0.7214665304418575
429.mcf,1.0,12800.0,0.7528842608296992,0.7361459283392533
429.mcf,1.0,17600.0,0.7679410406078145,0.7510365269153368
429.mcf,2.0,8800.0,0.8257934223614946,0.8170074986925389
429.mcf,4.0,8800.0,0.8901186879451866,0.8862753943137163
429.mcf,8.0,8800.0,0.9498740648421004,0.9493735631670264
429.mcf,16.0,8800.0,0.9997082171620734,0.9997082171620734
433.milc,1.0,3200.0,1.0652257765300395,1.0223670705972143
433.milc,1.0,6400.0,1.245567580530627,1.1876090859020663
433.milc,1.0,8800.0,1.3026943251389222,1.237007801155015
433.milc,1.0,12800.0,1.3263103371096492,1.2563751155340563
433.milc,1.0,17600.0,1.3522827204268353,1.2807600012383413
433.milc,2.0,8800.0,1.4324801762221058,1.3865482420257211
433.milc,4.0,8800.0,1.5300514714820104,1.5064559046891628
433.milc,8.0,8800.0,1.6021595861493625,1.593500332061566
433.milc,16.0,8800.0,1.6772836012395247,1.6726987002963856
434.zeusmp,1.0,3200.0,0.7041161211513908,0.640442716734374
434.zeusmp,1.0,6400.0,0.8781878297063977,0.7683266318886077
434.zeusmp,1.0,8800.0,0.9181558893428025,0.8009534444019099
434.zeusmp,1.0,12800.0,0.9360554766229899,0.8160480373006808
434.zeusmp,1.0,17600.0,0.9555151241436391,0.833082792848798
434.zeusmp,2.0,8800.0,1.1873006071114405,1.025007604428871
434.zeusmp,4.0,8800.0,1.4103652150864487,1.2511807624252602
434.zeusmp,8.0,8800.0,1.5943309329363253,1.4151588606664764
434.zeusmp,16.0,8800.0,1.7664668261576584,1.5857600435903867
435.gromacs,1.0,3200.0,3.241798956971933,3.231045623359364
435.gromacs,1.0,6400.0,3.2715011973530808,3.2608648511410303
435.gromacs,1.0,8800.0,3.308521648705949,3.298091554045305
435.gromacs,1.0,12800.0,3.2882605540323127,3.2771804843246723
435.gromacs,1.0,17600.0,3.289208210484696,3.277741568930859
435.gromacs,2.0,8800.0,3.3495229398409134,3.342664604420881
435.gromacs,4.0,8800.0,3.3667674665623597,3.3613757675382234
435.gromacs,8.0,8800.0,3.3818651956472934,3.3769353089620586
435.gromacs,16.0,8800.0,3.390092499419667,3.3858454257956256
436.cactusADM,1.0,3200.0,1.9722096064357144,1.9695510676227235
436.cactusADM,1.0,6400.0,2.146638050779504,2.142427687720616
436.cactusADM,1.0,8800.0,2.1904180853602946,2.1867258342775577
436.cactusADM,1.0,12800.0,2.211223482195536,2.2071177906224873
436.cactusADM,1.0,17600.0,2.235827964182555,2.231613778818904
436.cactusADM,2.0,8800.0,2.2896401085084253,2.282401942090323
436.cactusADM,4.0,8800.0,2.377471064358555,2.3692472869666554
436.cactusADM,8.0,8800.0,2.4506545298753335,2.44461722401307
436.cactusADM,16.0,8800.0,2.493741981964969,2.4897994932112755
437.leslie3d,1.0,3200.0,1.2584269541320543,1.1897341495509193
437.leslie3d,1.0,6400.0,1.459200984327951,1.3638916139670543
437.leslie3d,1.0,8800.0,1.5119055744820094,1.4119833928726722
437.leslie3d,1.0,12800.0,1.5386920217424938,1.434581268209373
437.leslie3d,1.0,17600.0,1.5624477179605887,1.4579113418690581
437.leslie3d,2.0,8800.0,1.7612573475253102,1.6784762363097814
437.leslie3d,4.0,8800.0,1.9491660383984772,1.883531143970735
437.leslie3d,8.0,8800.0,2.0808709863364645,2.020144158294617
437.leslie3d,16.0,8800.0,2.192025655327878,2.141224981274345
444.namd,1.0,3200.0,3.9556166132225945,3.9551273950876955
444.namd,1.0,6400.0,3.9615360757795575,3.9610471497065403
444.namd,1.0,8800.0,3.9620039308625565,3.9615199740390508
444.namd,1.0,12800.0,3.9637003609654697,3.962658529521782
444.namd,1.0,17600.0,3.963788218380027,3.96231250446305
444.namd,2.0,8800.0,3.9629721993301135,3.9629721993301135
444.namd,4.0,8800.0,3.9644254268667303,3.9644254268667303
444.namd,8.0,8800.0,3.9649101253209755,3.965394910861373
444.namd,16.0,8800.0,3.9649101253209755,3.9649101253209755
445.gobmk,1.0,3200.0,3.4475782624398623,3.4486879208153662
445.gobmk,1.0,6400.0,3.486241172697901,3.486241172697901
445.gobmk,1.0,8800.0,3.5005243750508583,3.4997688787630152
445.gobmk,1.0,12800.0,3.506576738963302,3.506576738963302
445.gobmk,1.0,17600.0,3.5116371053426447,3.5116371053426447
445.gobmk,2.0,8800.0,3.5177634813993754,3.5173819625177787
445.gobmk,4.0,8800.0,3.5332714855359417,3.5332714855359417
445.gobmk,8.0,8800.0,3.547431086982904,3.547431086982904
445.gobmk,16.0,8800.0,3.556196366335452,3.556196366335452
447.dealII,1.0,3200.0,3.9463423334194845,3.9463423334194845
447.dealII,1.0,6400.0,3.950761899686869,3.950761899686869
447.dealII,1.0,8800.0,3.953275314274514,3.9537572586633702
447.dealII,1.0,12800.0,3.9541721181519276,3.9541721181519276
447.dealII,1.0,17600.0,3.9557355019624603,3.9557355019624603
447.dealII,2.0,8800.0,3.9550201493641826,3.9550201493641826
447.dealII,4.0,8800.0,3.9568350058848423,3.9568350058848423
447.dealII,8.0,8800.0,3.9574392528329407,3.9574392528329407
447.dealII,16.0,8800.0,3.958405385217324,3.958405385217324
450.soplex,1.0,3200.0,1.0356908275390695,1.0033564178419752
450.soplex,1.0,6400.0,1.2393396914152748,1.1836672788562244
450.soplex,1.0,8800.0,1.2904737460731206,1.2304990044807809
450.soplex,1.0,12800.0,1.3121846693954282,1.2540263953293316
450.soplex,1.0,17600.0,1.3356815630235346,1.2778317915854107
450.soplex,2.0,8800.0,1.5281701602551696,1.4836872137512997
450.soplex,4.0,8800.0,1.7059489979458633,1.6764293091221267
450.soplex,8.0,8800.0,1.8153808446431137,1.7966918490516104
450.soplex,16.0,8800.0,1.9138744116305106,1.8996378906468057
456.hmmer,1.0,3200.0,3.0526829954476256,3.04977166969509
456.hmmer,1.0,6400.0,3.123692955502013,3.1179272999627643
456.hmmer,1.0,8800.0,3.147832117929123,3.1417297762157825
456.hmmer,1.0,12800.0,3.1563032752428763,3.1519636169092586
456.hmmer,1.0,17600.0,3.169525560756106,3.1649654492116475
456.hmmer,2.0,8800.0,3.25832867745319,3.2547317420160065
456.hmmer,4.0,8800.0,3.3141838750968944,3.3111377023428794
456.hmmer,8.0,8800.0,3.341510528628502,3.3360110671232848
456.hmmer,16.0,8800.0,3.3685821612784026,3.364388779211684
458.sjeng,1.0,3200.0,3.4786070502528963,3.4786070502528963
458.sjeng,1.0,6400.0,3.513017888216755,3.513017888216755
458.sjeng,1.0,8800.0,3.519609327308194,3.519609327308194
458.sjeng,1.0,12800.0,3.523819891223204,3.523819891223204
458.sjeng,1.0,17600.0,3.528413520070431,3.528413520070431
458.sjeng,2.0,8800.0,3.5382794814628795,3.5382794814628795
458.sjeng,4.0,8800.0,3.550963848411314,3.550963848411314
458.sjeng,8.0,8800.0,3.5650968209703784,3.5650968209703784
458.sjeng,16.0,8800.0,3.5788975916066432,3.5788975916066432
459.GemsFDTD,1.0,3200.0,0.947466006061535,0.9375692602333111
459.GemsFDTD,1.0,6400.0,1.1136864119443848,1.0980309757173525
459.GemsFDTD,1.0,8800.0,1.1558853926409867,1.138501195645986
459.GemsFDTD,1.0,12800.0,1.1732897362646009,1.1556007540285675
459.GemsFDTD,1.0,17600.0,1.1944692462046953,1.1756988982074157
459.GemsFDTD,2.0,8800.0,1.3644423012512479,1.3449372953385395
459.GemsFDTD,4.0,8800.0,1.535347159971785,1.5134594536420485
459.GemsFDTD,8.0,8800.0,1.6821978838542755,1.6645090423904079
459.GemsFDTD,16.0,8800.0,1.8248338285330148,1.8099077623222755
462.libquantum,1.0,3200.0,1.1130267211113332,0.9233967254786165
462.libquantum,1.0,6400.0,1.501902930530108,1.2166586221604445
462.libquantum,1.0,8800.0,1.579525534287462,1.2642312955039983
462.libquantum,1.0,12800.0,1.610880293981271,1.279210743962051
462.libquantum,1.0,17600.0,1.643612909411729,1.2932569708548531
462.libquantum,2.0,8800.0,1.7494215432725015,1.5591501380719432
462.libquantum,4.0,8800.0,1.8855868161671012,1.7764970962888602
462.libquantum,8.0,8800.0,1.9617881108452966,1.9301768785517812
462.libquantum,16.0,8800.0,1.9992432704312226,1.9955668004768703
464.h264ref,1.0,3200.0,3.8181285476523215,3.8175883011991654
464.h264ref,1.0,6400.0,3.8294957458629595,3.8294818141278593
464.h264ref,1.0,8800.0,3.83529144521598,3.8343845567002446
464.h264ref,1.0,12800.0,3.835858225636627,3.8355589701235733
464.h264ref,1.0,17600.0,3.83683956394257,3.8373001026623594
464.h264ref,2.0,8800.0,3.8462060657977393,3.8466622565453226
464.h264ref,4.0,8800.0,3.8512459042384934,3.8512459042384934
464.h264ref,8.0,8800.0,3.8550944031662353,3.8550944031662353
464.h264ref,16.0,8800.0,3.856528620116474,3.856528620116474
470.lbm,1.0,3200.0,0.648584028153725,0.6029392817161695
470.lbm,1.0,6400.0,0.7791001286657367,0.7137101374458267
470.lbm,1.0,8800.0,0.8127554351137977,0.744811167630676
470.lbm,1.0,12800.0,0.8292347581867371,0.7592938862099955
470.lbm,1.0,17600.0,0.8469059272787697,0.775666241217872
470.lbm,2.0,8800.0,0.9918319976880634,0.9325802504096969
470.lbm,4.0,8800.0,1.1525565469826444,1.113431814268814
470.lbm,8.0,8800.0,1.2982278250342225,1.2460007270414242
470.lbm,16.0,8800.0,1.4384799579982266,1.3788145003115169
471.omnetpp,1.0,3200.0,1.942095426955694,1.941274403541987
471.omnetpp,1.0,6400.0,2.1984834509488995,2.1930082948564547
471.omnetpp,1.0,8800.0,2.249001526541263,2.2450140673703123
471.omnetpp,1.0,12800.0,2.267544298518396,2.264345215584412
471.omnetpp,1.0,17600.0,2.2894287418811192,2.2858389207541436
471.omnetpp,2.0,8800.0,2.3698653975234945,2.3677891562569027
471.omnetpp,4.0,8800.0,2.456365941024403,2.454878489161736
471.omnetpp,8.0,8800.0,2.527902906162101,2.529565231939604
471.omnetpp,16.0,8800.0,2.596457192342946,2.5968137095974417
473.astar,1.0,3200.0,1.6138746618395976,1.6128182439160827
473.astar,1.0,6400.0,1.7340827255052587,1.7336845281190714
473.astar,1.0,8800.0,1.775086705707545,1.7741941614570265
473.astar,1.0,12800.0,1.7959053594944925,1.7949625259930317
473.astar,1.0,17600.0,1.821569497282559,1.8201821291708553
473.astar,2.0,8800.0,1.896550200227149,1.8954523204864593
473.astar,4.0,8800.0,2.0026788031885756,2.001818383754341
473.astar,8.0,8800.0,2.07846247800332,2.0780397908876873
473.astar,16.0,8800.0,2.156472640973986,2.15617987456208
481.wrf,1.0,3200.0,3.9661799947024527,3.9661799947024527
481.wrf,1.0,6400.0,3.969014058255648,3.969014058255648
481.wrf,1.0,8800.0,3.967692878417456,3.967692878417456
481.wrf,1.0,12800.0,3.970622436834187,3.9708484688178087
481.wrf,1.0,17600.0,3.971920105844362,3.971920105844362
481.wrf,2.0,8800.0,3.9693008479085465,3.9693008479085465
481.wrf,4.0,8800.0,3.970369064383647,3.970424963713294
481.wrf,8.0,8800.0,3.970609414291041,3.970855185842732
481.wrf,16.0,8800.0,3.970855185842732,3.9709110988616447
482.sphinx3,1.0,3200.0,1.5045168786272172,1.5087168560479478
482.sphinx3,1.0,6400.0,1.6391929029845025,1.6410251670639107
482.sphinx3,1.0,8800.0,1.6858669718922077,1.6854968009574107
482.sphinx3,1.0,12800.0,1.7098714300821245,1.7084384830237576
482.sphinx3,1.0,17600.0,1.7374223401315785,1.7364227577065985
482.sphinx3,2.0,8800.0,1.8323796756067163,1.8343762049444048
482.sphinx3,4.0,8800.0,1.9230530920112983,1.9229583135289459
482.sphinx3,8.0,8800.0,2.0280174586831294,2.028719922523024
482.sphinx3,16.0,8800.0,2.10072096575487,2.105849107083758
483.xalancbmk,1.0,3200.0,1.5303631610539863,1.528905033595991
483.xalancbmk,1.0,6400.0,1.6844252339714652,1.6828354823316292
483.xalancbmk,1.0,8800.0,1.7310244751211832,1.7296333494175398
483.xalancbmk,1.0,12800.0,1.749791666305043,1.748072904331281
483.xalancbmk,1.0,17600.0,1.773763022458128,1.7719932205098874
483.xalancbmk,2.0,8800.0,1.8248644755275638,1.8254807710281657
483.xalancbmk,4.0,8800.0,1.913868737626767,1.9150075417975865
483.xalancbmk,8.0,8800.0,1.9953098605667097,1.996661115403023
483.xalancbmk,16.0,8800.0,2.0652654487741264,2.0655285161165504
500.perlbench,1.0,3200.0,2.3168585446426087,2.3168585446426087
500.perlbench,1.0,6400.0,2.4131879552982802,2.413368263588737
500.perlbench,1.0,8800.0,2.45227549682807,2.4526464030003123
500.perlbench,1.0,12800.0,2.471022152886439,2.4717208711342873
500.perlbench,1.0,17600.0,2.495840596811789,2.495840596811789
500.perlbench,2.0,8800.0,2.508509015548737,2.508897128720296
500.perlbench,4.0,8800.0,2.5430147406001136,2.543413605416189
500.perlbench,8.0,8800.0,2.5656800385188623,2.5656800385188623
500.perlbench,16.0,8800.0,2.582587389126683,2.582587389126683
502.gcc,1.0,3200.0,3.2477936860630403,3.2472100555756103
502.gcc,1.0,6400.0,3.3148533859576474,3.3158808202669445
502.gcc,1.0,8800.0,3.3361900082977716,3.333104177977417
502.gcc,1.0,12800.0,3.3446805701960587,3.34328692926866
502.gcc,1.0,17600.0,3.3561201428182157,3.354359336454323
502.gcc,2.0,8800.0,3.3967782970976237,3.3956436499912064
502.gcc,4.0,8800.0,3.430208511261107,3.4303319680429176
502.gcc,8.0,8800.0,3.451975601187957,3.451975601187957
502.gcc,16.0,8800.0,3.46900321099956,3.4693743065327918
505.mcf,1.0,3200.0,2.0133876101828383,1.9817201849623474
505.mcf,1.0,6400.0,2.4463173754701653,2.318672248137404
505.mcf,1.0,8800.0,2.5249801207052607,2.3865610152652033
505.mcf,1.0,12800.0,2.5573775137007027,2.4372621902349434
505.mcf,1.0,17600.0,2.5810432347558243,2.4653553596004554
505.mcf,2.0,8800.0,2.6319898563953172,2.627475908647119
505.mcf,4.0,8800.0,2.701335730016017,2.715948816228181
505.mcf,8.0,8800.0,2.7577505545022816,2.7837752570049514
505.mcf,16.0,8800.0,2.799890415649219,2.8166578168217127
507.cactuBSSN,1.0,3200.0,2.446752306031008,2.446752306031008
507.cactuBSSN,1.0,6400.0,2.5294882272660577,2.5294882272660577
507.cactuBSSN,1.0,8800.0,2.5576394616473803,2.5576394616473803
507.cactuBSSN,1.0,12800.0,2.535316759636394,2.535316759636394
507.cactuBSSN,1.0,17600.0,2.53505980099598,2.53505980099598
507.cactuBSSN,2.0,8800.0,2.588360693798488,2.588360693798488
507.cactuBSSN,4.0,8800.0,2.7067030157391967,2.7067030157391967
507.cactuBSSN,8.0,8800.0,2.7934659713804386,2.7934659713804386
507.cactuBSSN,16.0,8800.0,2.8514095523965066,2.8514095523965066
508.namd,1.0,3200.0,3.3995959199518637,3.399236411853358
508.namd,1.0,6400.0,3.442143837126125,3.442143837126125
508.namd,1.0,8800.0,3.458732585497707,3.4591045499123876
508.namd,1.0,12800.0,3.465933886909059,3.465933886909059
508.namd,1.0,17600.0,3.476941252446254,3.476941252446254
508.namd,2.0,8800.0,3.47751337957624,3.4797520916041678
508.namd,4.0,8800.0,3.491364769111544,3.491364769111544
508.namd,8.0,8800.0,3.504190858081868,3.504190858081868
508.namd,16.0,8800.0,3.5092627058751065,3.5092627058751065
510.parest,1.0,3200.0,1.5876759644686123,1.5491245327205279
510.parest,1.0,6400.0,1.841804620349588,1.8113829244547572
510.parest,1.0,8800.0,1.8936546178953042,1.8654482998522486
510.parest,1.0,12800.0,1.9172677678169412,1.8869837682751027
510.parest,1.0,17600.0,1.94450221517303,1.9135851984215815
510.parest,2.0,8800.0,2.010230541640818,2.035573300308409
510.parest,4.0,8800.0,2.0968113173897702,2.111540786198679
510.parest,8.0,8800.0,2.1556277294207966,2.1733877305620983
510.parest,16.0,8800.0,2.1970298327386253,2.213444110662484
511.povray,1.0,3200.0,3.866610342011814,3.866610342011814
511.povray,1.0,6400.0,3.867006934401881,3.867006934401881
511.povray,1.0,8800.0,3.868067325815765,3.868067325815765
511.povray,1.0,12800.0,3.867842640381221,3.867842640381221
511.povray,1.0,17600.0,3.868363445370577,3.868363445370577
511.povray,2.0,8800.0,3.868528717450277,3.868528717450277
511.povray,4.0,8800.0,3.8685288970364575,3.8685288970364575
511.povray,8.0,8800.0,3.8689904886131044,3.8689904886131044
511.povray,16.0,8800.0,3.8685289568985217,3.8685289568985217
519.lbm,1.0,3200.0,0.7129344031408353,0.6616171604107988
519.lbm,1.0,6400.0,0.8365803823239266,0.7696281384198183
519.lbm,1.0,8800.0,0.8680977203156659,0.7998584045860131
519.lbm,1.0,12800.0,0.8827205368505741,0.8139956258968247
519.lbm,1.0,17600.0,0.9015339128865706,0.830767208911911
519.lbm,2.0,8800.0,1.0396640376397972,0.9899865494290015
519.lbm,4.0,8800.0,1.1997555138213936,1.1585807922875964
519.lbm,8.0,8800.0,1.3505797267562751,1.292895462634831
519.lbm,16.0,8800.0,1.4919056035043405,1.42659052203615
520.omnetpp,1.0,3200.0,1.468275034318286,1.4681953130589696
520.omnetpp,1.0,6400.0,1.6451712983771791,1.6446569908492041
520.omnetpp,1.0,8800.0,1.6930415690429275,1.6933141033811265
520.omnetpp,1.0,12800.0,1.7159694264218464,1.7154850961760468
520.omnetpp,1.0,17600.0,1.7412759238285398,1.7404425235219065
520.omnetpp,2.0,8800.0,1.819735624587202,1.8197250780471894
520.omnetpp,4.0,8800.0,1.916785590752991,1.917012388347448
520.omnetpp,8.0,8800.0,1.9974408069405156,1.997580346916102
520.omnetpp,16.0,8800.0,2.0764618276673072,2.076516656612173
523.xalancbmk,1.0,3200.0,2.8207442314764997,2.8207444701744606
523.xalancbmk,1.0,6400.0,2.8822924398235994,2.880701414382336
523.xalancbmk,1.0,8800.0,2.9092962652060477,2.9069493478785295
523.xalancbmk,1.0,12800.0,2.920446880940828,2.9188533378065733
523.xalancbmk,1.0,17600.0,2.9354038607593997,2.9354038607593997
523.xalancbmk,2.0,8800.0,3.0225387510776787,3.021130949978434
523.xalancbmk,4.0,8800.0,3.0852184985061,3.084925030738039
523.xalancbmk,8.0,8800.0,3.1187476905673353,3.1187476905673353
523.xalancbmk,16.0,8800.0,3.1496477456008853,3.150259628332243
525.x264,1.0,3200.0,3.624578825752737,3.624578825752737
525.x264,1.0,6400.0,3.6648762011787457,3.6657132977312417
525.x264,1.0,8800.0,3.6764324993132975,3.6768493037135768
525.x264,1.0,12800.0,3.684282989568977,3.684282989568977
525.x264,1.0,17600.0,3.692111500319556,3.692111500319556
525.x264,2.0,8800.0,3.6974688001298195,3.6970473080752395
525.x264,4.0,8800.0,3.7051368380019998,3.7055601767184605
525.x264,8.0,8800.0,3.7153219430479787,3.715747612541133
525.x264,16.0,8800.0,3.7220849455265053,3.7220849455265053
526.blender,1.0,3200.0,3.8138074566205526,3.8138074566205526
526.blender,1.0,6400.0,3.8354696886628834,3.8354696886628834
526.blender,1.0,8800.0,3.8441696785735977,3.844625386355054
526.blender,1.0,12800.0,3.8434476604757384,3.8434476604757384
526.blender,1.0,17600.0,3.850609401677142,3.849681976618279
526.blender,2.0,8800.0,3.8535971657008705,3.8535971657008705
526.blender,4.0,8800.0,3.8588079912177853,3.8588079912177853
526.blender,8.0,8800.0,3.8614874641211823,3.8614874641211823
526.blender,16.0,8800.0,3.8639450099422397,3.8639450099422397
531.deepsjeng,1.0,3200.0,3.429267023051183,3.429267023051183
531.deepsjeng,1.0,6400.0,3.4615418650329186,3.4615418650329186
531.deepsjeng,1.0,8800.0,3.4812034751517373,3.4812034751517373
531.deepsjeng,1.0,12800.0,3.4822008938656444,3.4822008938656444
531.deepsjeng,1.0,17600.0,3.4919886377953517,3.4919886377953517
531.deepsjeng,2.0,8800.0,3.499987858542167,3.499987858542167
531.deepsjeng,4.0,8800.0,3.5067109821420743,3.5067109821420743
531.deepsjeng,8.0,8800.0,3.5132579181139123,3.5132579181139123
531.deepsjeng,16.0,8800.0,3.52165073179585,3.52165073179585
538.imagick,1.0,3200.0,3.9697094497416643,3.9697094497416643
538.imagick,1.0,6400.0,3.971808437455615,3.971808437455615
538.imagick,1.0,8800.0,3.971477657757517,3.971477657757517
538.imagick,1.0,12800.0,3.9731387690464426,3.9731387690464426
538.imagick,1.0,17600.0,3.9733503420275853,3.9733503420275853
538.imagick,2.0,8800.0,3.97245062599426,3.97245062599426
538.imagick,4.0,8800.0,3.9729371942040186,3.9729371942040186
538.imagick,8.0,8800.0,3.97245062599426,3.97245062599426
538.imagick,16.0,8800.0,3.9729371942040186,3.9729371942040186
541.leela,1.0,3200.0,3.9470248873811182,3.9470248873811182
541.leela,1.0,6400.0,3.9476871061955143,3.9476871061955143
541.leela,1.0,8800.0,3.9487030544126145,3.9487030544126145
541.leela,1.0,12800.0,3.9491445205225193,3.9491445205225193
541.leela,1.0,17600.0,3.950427531066557,3.950505718060705
541.leela,2.0,8800.0,3.949183915760685,3.949183915760685
541.leela,4.0,8800.0,3.9494500647532083,3.9494500647532083
541.leela,8.0,8800.0,3.9499310768630673,3.9499310768630673
541.leela,16.0,8800.0,3.950412206154219,3.950412206154219
544.nab,1.0,3200.0,3.330306040738222,3.3306511155812744
544.nab,1.0,6400.0,3.3705395282618493,3.3705395282618493
544.nab,1.0,8800.0,3.371103059643477,3.371103059643477
544.nab,1.0,12800.0,3.411743594012993,3.411743594012993
544.nab,1.0,17600.0,3.4357218528916667,3.4360911274732424
544.nab,2.0,8800.0,3.384142350238943,3.384142350238943
544.nab,4.0,8800.0,3.404777296138738,3.404777296138738
544.nab,8.0,8800.0,3.4173339068075275,3.4173339068075275
544.nab,16.0,8800.0,3.422436560449614,3.422436560449614
549.fotonik3d,1.0,3200.0,0.92580100320833,0.9190328106807228
549.fotonik3d,1.0,6400.0,1.0710003827241266,1.060201374352188
549.fotonik3d,1.0,8800.0,1.1097204580225568,1.0971688597689742
549.fotonik3d,1.0,12800.0,1.1264755026635558,1.113988124071158
549.fotonik3d,1.0,17600.0,1.1473835134212558,1.134121262114377
549.fotonik3d,2.0,8800.0,1.2592263730235391,1.2484648246072596
549.fotonik3d,4.0,8800.0,1.3974434013485988,1.391414259993556
549.fotonik3d,8.0,8800.0,1.5266534376447582,1.5245885146295823
549.fotonik3d,16.0,8800.0,1.6468087486477108,1.647926060511192
557.xz,1.0,3200.0,2.5289835396605387,2.5289835396605387
557.xz,1.0,6400.0,2.677113244384854,2.6755130364452446
557.xz,1.0,8800.0,2.7152842453208255,2.7146024207434367
557.xz,1.0,12800.0,2.7326950460944714,2.7320365605283765
557.xz,1.0,17600.0,2.7526483725362945,2.7521744324625534
557.xz,2.0,8800.0,2.794306765411208,2.794306765411208
557.xz,4.0,8800.0,2.8601956452754944,2.860447911815824
557.xz,8.0,8800.0,2.915524287477645,2.915524287477645
557.xz,16.0,8800.0,2.9576077796488986,2.9584171571248956
grep_map0,1.0,3200.0,2.3293461759629372,1.9473062550428903
grep_map0,1.0,6400.0,2.7141433946874853,2.212953492259686
grep_map0,1.0,8800.0,2.787068802343974,2.2408495625368676
grep_map0,1.0,12800.0,2.7800116307902365,2.2152912694861726
grep_map0,1.0,17600.0,2.803488514197292,2.2358927831994873
grep_map0,2.0,8800.0,3.0433125704956727,2.640970675247976
grep_map0,4.0,8800.0,3.236760365139195,3.029556828975234
grep_map0,8.0,8800.0,3.3249676106593276,3.2709776036163927
grep_map0,16.0,8800.0,3.3648305995217593,3.339379486923845
h264_encode,1.0,3200.0,3.966221862025819,3.9652433259264965
h264_encode,1.0,6400.0,3.9740670980850306,3.973083108983926
h264_encode,1.0,8800.0,3.9754554269792566,3.9730203788371856
h264_encode,1.0,12800.0,3.976040934072844,3.9740716465344965
h264_encode,1.0,17600.0,3.976415102742613,3.975426031299451
h264_encode,2.0,8800.0,3.9782374657672666,3.978869513253356
h264_encode,4.0,8800.0,3.979357750285067,3.9798460754738008
h264_encode,8.0,8800.0,3.9798460437954515,3.9803344888403522
h264_encode,16.0,8800.0,3.9808230537933316,3.9811676597490298
jp2_decode,1.0,3200.0,1.9909755965165954,1.81502185556748
jp2_decode,1.0,6400.0,2.200889212941947,1.9825604978136442
jp2_decode,1.0,8800.0,2.252261215075013,2.0283035192323537
jp2_decode,1.0,12800.0,2.281356830949712,2.0525036550369267
jp2_decode,1.0,17600.0,2.3079720775814843,2.0752358708935668
jp2_decode,2.0,8800.0,2.543495766534437,2.3643732317295956
jp2_decode,4.0,8800.0,2.718338089210789,2.621516028798339
jp2_decode,8.0,8800.0,2.8118351050368875,2.747623259175971
jp2_decode,16.0,8800.0,2.889516610686713,2.8497590069953205
jp2_encode,1.0,3200.0,2.534211556912938,2.3672130921996026
jp2_encode,1.0,6400.0,2.7193454550731064,2.528863376816043
jp2_encode,1.0,8800.0,2.766156024676192,2.5695062012411145
jp2_encode,1.0,12800.0,2.786941556832371,2.5888076267929367
jp2_encode,1.0,17600.0,2.811074112878141,2.6124958938748994
jp2_encode,2.0,8800.0,3.0193535064150754,2.874835322245983
jp2_encode,4.0,8800.0,3.1689601582675038,3.095312247422521
jp2_encode,8.0,8800.0,3.253604456886286,3.208133677540411
jp2_encode,16.0,8800.0,3.3140513716537137,3.2851869972456598
tpcc64,1.0,3200.0,2.522049718225257,2.5216455201557824
tpcc64,1.0,6400.0,2.732422887842987,2.696091643648919
tpcc64,1.0,8800.0,2.770840552989283,2.754834845337291
tpcc64,1.0,12800.0,2.7920895067502505,2.7828889608828447
tpcc64,1.0,17600.0,2.811570344075648,2.803851515112193
tpcc64,2.0,8800.0,2.8946815731883384,2.890033725653099
tpcc64,4.0,8800.0,2.9609311998323875,2.95175103774711
tpcc64,8.0,8800.0,2.9962165156176046,3.0000979771995433
tpcc64,16.0,8800.0,3.0406135727090824,3.046966489834342
tpch17,1.0,3200.0,1.7211760906335525,1.7082810546660698
tpch17,1.0,6400.0,1.9548245750598445,1.9087780686959146
tpch17,1.0,8800.0,2.008001516539123,1.9687514262373556
tpch17,1.0,12800.0,2.034464156322366,2.0017143161746582
tpch17,1.0,17600.0,2.0635032474175876,2.0321657782308877
tpch17,2.0,8800.0,2.2142747463502896,2.2002990576057564
tpch17,4.0,8800.0,2.320554274596709,2.315675966073958
tpch17,8.0,8800.0,2.3777960021573836,2.3814383399797374
tpch17,16.0,8800.0,2.438491583641434,2.443121860973213
tpch2,1.0,3200.0,1.6146164059919086,1.596798920855192
tpch2,1.0,6400.0,1.9039302607709323,1.8392161913881895
tpch2,1.0,8800.0,1.9626761950356555,1.9091095399173537
tpch2,1.0,12800.0,1.9872898703793767,1.9461861166742624
tpch2,1.0,17600.0,2.0165113888368897,1.9765774779172713
tpch2,2.0,8800.0,2.223273622147633,2.1990033553888386
tpch2,4.0,8800.0,2.3569135223873054,2.3458323974635023
tpch2,8.0,8800.0,2.4248121404679512,2.426627213461359
tpch2,16.0,8800.0,2.5084245588810017,2.5132594668615655
tpch6,1.0,3200.0,3.0881540941943815,3.083414394241662
tpch6,1.0,6400.0,3.2165269360198314,3.202086078374976
tpch6,1.0,8800.0,3.224853932338166,3.2123963534778555
tpch6,1.0,12800.0,3.2563433878166688,3.246790245909684
tpch6,1.0,17600.0,3.2766491792993233,3.2686084772210187
tpch6,2.0,8800.0,3.303444470476321,3.3007547934963646
tpch6,4.0,8800.0,3.3442406387665455,3.343206421384796
tpch6,8.0,8800.0,3.366190491870512,3.366190491870512
tpch6,16.0,8800.0,3.388136529460081,3.3888445933014757
wc_8443,1.0,3200.0,1.7590582767528427,1.5196532022525868
wc_8443,1.0,6400.0,2.046961413307641,1.727799931494115
wc_8443,1.0,8800.0,2.115445209871754,1.7626538132258458
wc_8443,1.0,12800.0,2.1308136320080595,1.759273906843491
wc_8443,1.0,17600.0,2.1606944503077288,1.7822503357875479
wc_8443,2.0,8800.0,2.3612657661479077,2.079132982252047
wc_8443,4.0,8800.0,2.540794229917283,2.388341477307092
wc_8443,8.0,8800.0,2.6291298713806532,2.580142090179403
wc_8443,16.0,8800.0,2.682848046453879,2.659351068449872
wc_map0,1.0,3200.0,1.7675360208904658,1.5266932311084789
wc_map0,1.0,6400.0,2.056356789615293,1.7346808160417315
wc_map0,1.0,8800.0,2.1250204389777965,1.7695723451517584
wc_map0,1.0,12800.0,2.1400949876878195,1.765581243820907
wc_map0,1.0,17600.0,2.1701037138134933,1.7893143962413605
wc_map0,2.0,8800.0,2.369591851500636,2.085412776259634
wc_map0,4.0,8800.0,2.5493426517449427,2.3965723474693026
wc_map0,8.0,8800.0,2.6377217815588545,2.588500023363801
wc_map0,16.0,8800.0,2.692592073939526,2.669682550078199
ycsb_abgsave,1.0,3200.0,2.738705844167649,2.7382388670683504
ycsb_abgsave,1.0,6400.0,2.8123561870027647,2.8120004909977796
ycsb_abgsave,1.0,8800.0,2.8400102067694415,2.8394756833209565
ycsb_abgsave,1.0,12800.0,2.8522153975489966,2.8519619781450047
ycsb_abgsave,1.0,17600.0,2.8657647100232144,2.8660216398389844
ycsb_abgsave,2.0,8800.0,2.890920800189529,2.890920800189529
ycsb_abgsave,4.0,8800.0,2.9188495268215098,2.919375013191926
ycsb_abgsave,8.0,8800.0,2.9361347245178067,2.9361347245178067
ycsb_abgsave,16.0,8800.0,2.949234467507255,2.949234467507255
ycsb_aserver,1.0,3200.0,2.2464401180344327,2.2462632523746966
ycsb_aserver,1.0,6400.0,2.3508076086652347,2.3509949650433852
ycsb_aserver,1.0,8800.0,2.389622057855522,2.3899737609084317
ycsb_aserver,1.0,12800.0,2.410139343362167,2.411225724599367
ycsb_aserver,1.0,17600.0,2.435513760299514,2.4356993188639966
ycsb_aserver,2.0,8800.0,2.489270041379335,2.4895415877147973
ycsb_aserver,4.0,8800.0,2.5573265035803643,2.557377895295088
ycsb_aserver,8.0,8800.0,2.599202611429245,2.5998276917410736
ycsb_aserver,16.0,8800.0,2.6300096917434566,2.630222986305502
ycsb_bserver,1.0,3200.0,2.3662548332647875,2.368346960517515
ycsb_bserver,1.0,6400.0,2.476244267055,2.4779670740323936
ycsb_bserver,1.0,8800.0,2.515423449652718,2.518037399351842
ycsb_bserver,1.0,12800.0,2.5361647506009644,2.5383719003490226
ycsb_bserver,1.0,17600.0,2.561248904509024,2.563168143281345
ycsb_bserver,2.0,8800.0,2.5869122099576023,2.5895974750927464
ycsb_bserver,4.0,8800.0,2.630553244541464,2.6314105977514406
ycsb_bserver,8.0,8800.0,2.658828968875339,2.6599193008148907
ycsb_bserver,16.0,8800.0,2.6777218645056564,2.6788277499080277
ycsb_cserver,1.0,3200.0,2.376825763460202,2.3794649368591134
ycsb_cserver,1.0,6400.0,2.485703790362703,2.488488902344867
ycsb_cserver,1.0,8800.0,2.525956583292519,2.52893844531466
ycsb_cserver,1.0,12800.0,2.5455847585943574,2.5488208978681404
ycsb_cserver,1.0,17600.0,2.5679125613448632,2.5708036656163906
ycsb_cserver,2.0,8800.0,2.5941921112983954,2.5952300647312145
ycsb_cserver,4.0,8800.0,2.630726015873527,2.6326488334053817
ycsb_cserver,8.0,8800.0,2.6569154380868296,2.657568588695918
ycsb_cserver,16.0,8800.0,2.675553404910059,2.6770993925832824
ycsb_dserver,1.0,3200.0,2.652985287063671,2.654299712819637
ycsb_dserver,1.0,6400.0,2.747622787002799,2.7492703051756004
ycsb_dserver,1.0,8800.0,2.781452278334276,2.7831231070692666
ycsb_dserver,1.0,12800.0,2.800691496327677,2.801424933578215
ycsb_dserver,1.0,17600.0,2.821336852992416,2.822333232239239
ycsb_dserver,2.0,8800.0,2.846944354998198,2.848194465739445
ycsb_dserver,4.0,8800.0,2.894920930735601,2.8956924669447006
ycsb_dserver,8.0,8800.0,2.920591438220829,2.9213806800250848
ycsb_dserver,16.0,8800.0,2.940449315119665,2.940449315119665
ycsb_eserver,1.0,3200.0,2.281516179928615,2.2830580839700816
ycsb_eserver,1.0,6400.0,2.388441240863245,2.390224121993597
ycsb_eserver,1.0,8800.0,2.4272778032401914,2.429277753570295
ycsb_eserver,1.0,12800.0,2.448087645493643,2.4503075954428866
ycsb_eserver,1.0,17600.0,2.4723036524874615,2.473451399907943
ycsb_eserver,2.0,8800.0,2.5016310309076863,2.502790629065361
ycsb_eserver,4.0,8800.0,2.5467769630943904,2.5473893307213964
ycsb_eserver,8.0,8800.0,2.5752363062582257,2.5756453436509976
ycsb_eserver,16.0,8800.0,2.5972114665202795,2.597785441949105
