workload,Channel,interface,Normalized_PRAC_WO_Mitigation,Normalized_PRAC_WO_Mitigation-ClosedCap4
401.bzip2,1.0,3200.0,0.9778161019260453,0.9778306928020382
401.bzip2,1.0,4800.0,0.9746074201757455,0.9753032635977412
401.bzip2,1.0,6400.0,0.9725359258902004,0.973856600051353
401.bzip2,1.0,8000.0,0.9730426524730041,0.9736992546394521
401.bzip2,1.0,8800.0,0.9742399641971616,0.9748025018148604
401.bzip2,1.0,12800.0,0.9738513196943501,0.9750574765179881
401.bzip2,1.0,17600.0,0.9720479452228175,0.9733583665195424
401.bzip2,2.0,8000.0,0.9813782152539662,0.9819656634780259
401.bzip2,2.0,8800.0,0.9808191582330227,0.981540073423515
401.bzip2,4.0,8000.0,0.9854338558684411,0.9862586370999546
401.bzip2,4.0,8800.0,0.9851309959128755,0.9851420197681294
401.bzip2,8.0,8000.0,0.9884442588100477,0.9887429450768469
401.bzip2,8.0,8800.0,0.9884315123870749,0.9882159772120765
401.bzip2,16.0,8000.0,0.9924938792670918,0.9922530186925018
401.bzip2,16.0,8800.0,0.9922459005704295,0.9919194427121035
403.gcc,1.0,3200.0,0.9963531170048551,0.9963531170048551
403.gcc,1.0,4800.0,0.9962139876253262,0.9962139876253262
403.gcc,1.0,6400.0,0.9957846378171763,0.9957846378171763
403.gcc,1.0,8000.0,0.995666133611528,0.995666133611528
403.gcc,1.0,8800.0,0.9953538884355948,0.9953538884355948
403.gcc,1.0,12800.0,0.996310540353107,0.996310540353107
403.gcc,1.0,17600.0,0.9963939161887454,0.9963939161887454
403.gcc,2.0,8000.0,0.9972471551848747,0.9972471551848747
403.gcc,2.0,8800.0,0.9968168881294668,0.9968168881294668
403.gcc,4.0,8000.0,0.9976171122402319,0.9976171122402319
403.gcc,4.0,8800.0,0.9969142053167231,0.9969142053167231
403.gcc,8.0,8000.0,0.9986619998372394,0.9986619998372394
403.gcc,8.0,8800.0,0.9979751759792084,0.9979751759792084
403.gcc,16.0,8000.0,0.9987807013263517,0.9987807013263517
403.gcc,16.0,8800.0,0.9978268808498203,0.9978268808498203
429.mcf,1.0,3200.0,0.9280726550699692,0.928195384780416
429.mcf,1.0,4800.0,0.8356790818737315,0.8381241675177799
429.mcf,1.0,6400.0,0.8168551927751646,0.8190203935724696
429.mcf,1.0,8000.0,0.8076858483784062,0.8100048408622512
429.mcf,1.0,8800.0,0.8063799449944726,0.8085121617396906
429.mcf,1.0,12800.0,0.7992425227668323,0.8015793962040106
429.mcf,1.0,17600.0,0.7935073013145265,0.7959805959785387
429.mcf,2.0,8000.0,0.8171202570346878,0.8192340551175844
429.mcf,2.0,8800.0,0.8178294563772747,0.8200404655897016
429.mcf,4.0,8000.0,0.8480833369743332,0.8499366842029754
429.mcf,4.0,8800.0,0.8491021153305865,0.8509689291958683
429.mcf,8.0,8000.0,0.8750864893541208,0.8764718632451318
429.mcf,8.0,8800.0,0.8764976302529246,0.8779786272023602
429.mcf,16.0,8000.0,0.898614054104206,0.8997519663234684
429.mcf,16.0,8800.0,0.899751764089668,0.9008601784178535
433.milc,1.0,3200.0,0.8761522165978897,0.877368569466287
433.milc,1.0,4800.0,0.854898491518769,0.8567837324424866
433.milc,1.0,6400.0,0.8433407384026831,0.8454377304613263
433.milc,1.0,8000.0,0.8365220480216324,0.8386930587862945
433.milc,1.0,8800.0,0.8362664086228937,0.8384858077541123
433.milc,1.0,12800.0,0.831339854564172,0.834136236998727
433.milc,1.0,17600.0,0.8258587644803305,0.8285175433240133
433.milc,2.0,8000.0,0.8527736360205479,0.855708879367146
433.milc,2.0,8800.0,0.8536317585816318,0.8566183381192827
433.milc,4.0,8000.0,0.8770880185449651,0.8801688073315181
433.milc,4.0,8800.0,0.8783845851093245,0.8811761741453052
433.milc,8.0,8000.0,0.9061384718437525,0.9083048059196102
433.milc,8.0,8800.0,0.9067398162715941,0.9091850040506264
433.milc,16.0,8000.0,0.9342009673345701,0.9361184446676442
433.milc,16.0,8800.0,0.9345375087409653,0.9366237192071242
434.zeusmp,1.0,3200.0,0.8922674330223718,0.8935676431119899
434.zeusmp,1.0,4800.0,0.855741470237574,0.8568292246302486
434.zeusmp,1.0,6400.0,0.8439385089757224,0.8459201867757958
434.zeusmp,1.0,8000.0,0.8401537611763064,0.8420122308947365
434.zeusmp,1.0,8800.0,0.839391282578988,0.8414674328750834
434.zeusmp,1.0,12800.0,0.8357573059972947,0.8368772941353758
434.zeusmp,1.0,17600.0,0.8321853316060785,0.8338278237438498
434.zeusmp,2.0,8000.0,0.8581668453456499,0.8634055584863123
434.zeusmp,2.0,8800.0,0.8566336688900802,0.8603515348166589
434.zeusmp,4.0,8000.0,0.8646382730341942,0.8735288481805071
434.zeusmp,4.0,8800.0,0.863501267144624,0.8720802654584716
434.zeusmp,8.0,8000.0,0.8832311519469572,0.899089095694513
434.zeusmp,8.0,8800.0,0.8835803930983601,0.8979593746322824
434.zeusmp,16.0,8000.0,0.9158786102044438,0.9305998824513164
434.zeusmp,16.0,8800.0,0.9166124427698717,0.9316060827013684
435.gromacs,1.0,3200.0,0.9867410652209982,0.9869300166895897
435.gromacs,1.0,4800.0,0.9866266512606606,0.986915736129689
435.gromacs,1.0,6400.0,0.9865145031215695,0.986891696143775
435.gromacs,1.0,8000.0,0.9864414575849862,0.9871196762691646
435.gromacs,1.0,8800.0,0.9862468847289839,0.9869782682029701
435.gromacs,1.0,12800.0,0.9864332705328549,0.987024952677247
435.gromacs,1.0,17600.0,0.9830869579330072,0.9838794544048481
435.gromacs,2.0,8000.0,0.9919936862796365,0.9927050908158338
435.gromacs,2.0,8800.0,0.9918183467197873,0.9925282573511068
435.gromacs,4.0,8000.0,0.9948592567315288,0.9949587186196588
435.gromacs,4.0,8800.0,0.9948274963466415,0.9951342916189406
435.gromacs,8.0,8000.0,0.9962349156028286,0.9967531569654385
435.gromacs,8.0,8800.0,0.9958559987026606,0.9964329043735848
435.gromacs,16.0,8000.0,0.9973843700640015,0.9979062934010453
435.gromacs,16.0,8800.0,0.9974050838233779,0.9974946448684086
436.cactusADM,1.0,3200.0,0.9212823759758448,0.9214081981326059
436.cactusADM,1.0,4800.0,0.9044723980021634,0.9045262665833709
436.cactusADM,1.0,6400.0,0.899404186600976,0.8995617565492028
436.cactusADM,1.0,8000.0,0.8964820791521275,0.8964757221207608
436.cactusADM,1.0,8800.0,0.8971475102989123,0.8972446531841917
436.cactusADM,1.0,12800.0,0.8946302426693079,0.8945418314940963
436.cactusADM,1.0,17600.0,0.8924392871917218,0.8923695674156693
436.cactusADM,2.0,8000.0,0.9154441778857737,0.9152172074869533
436.cactusADM,2.0,8800.0,0.9157297106234729,0.9159425711100165
436.cactusADM,4.0,8000.0,0.9323814763309871,0.9328353243156033
436.cactusADM,4.0,8800.0,0.933314705748701,0.9335660962052693
436.cactusADM,8.0,8000.0,0.9535033786319478,0.9534954742450751
436.cactusADM,8.0,8800.0,0.9529617266087256,0.952944677551527
436.cactusADM,16.0,8000.0,0.967182300796524,0.9675155997132237
436.cactusADM,16.0,8800.0,0.9686446233957243,0.9693347191319256
437.leslie3d,1.0,3200.0,0.923148303924527,0.9257119045617769
437.leslie3d,1.0,4800.0,0.9064044364510706,0.9129252525494721
437.leslie3d,1.0,6400.0,0.8985501107237952,0.9043728697408494
437.leslie3d,1.0,8000.0,0.8948947132579174,0.9004884557558664
437.leslie3d,1.0,8800.0,0.8942670220185606,0.9010655605042033
437.leslie3d,1.0,12800.0,0.8910423688816425,0.8976222160309278
437.leslie3d,1.0,17600.0,0.8900158643833622,0.8972790410643463
437.leslie3d,2.0,8000.0,0.9160900637027403,0.9261270246299076
437.leslie3d,2.0,8800.0,0.9160034700695862,0.9250872137016085
437.leslie3d,4.0,8000.0,0.9334439145283405,0.943682202267416
437.leslie3d,4.0,8800.0,0.9342688743204874,0.9444474680716318
437.leslie3d,8.0,8000.0,0.9495223517158334,0.9590536429817565
437.leslie3d,8.0,8800.0,0.9496871522503237,0.9591801359718326
437.leslie3d,16.0,8000.0,0.9669558846885498,0.9739830760614034
437.leslie3d,16.0,8800.0,0.9663863742547673,0.9738598876616185
444.namd,1.0,3200.0,0.9997532789008633,0.9997532393593086
444.namd,1.0,4800.0,0.9993026072140392,0.9993025370348939
444.namd,1.0,6400.0,0.9991364074422893,0.9993829925403598
444.namd,1.0,8000.0,0.9992600966362716,0.9997528133187281
444.namd,1.0,8800.0,0.9995114019754135,0.9997556412911155
444.namd,1.0,12800.0,0.9996295507558624,0.9997530139045895
444.namd,1.0,17600.0,0.999206266816476,0.9993301486171724
444.namd,2.0,8000.0,0.9994858895745791,0.9996091448033114
444.namd,2.0,8800.0,0.9996334619366732,0.999877775845753
444.namd,4.0,8000.0,0.9997533271651909,0.9998766483688472
444.namd,4.0,8800.0,0.9998777758476909,0.9998777609071214
444.namd,8.0,8000.0,0.9998766483698254,1.0
444.namd,8.0,8800.0,0.9996333275401659,0.9996333275401659
444.namd,16.0,8000.0,0.9998766331533022,0.9998766331533022
444.namd,16.0,8800.0,1.0,1.0
445.gobmk,1.0,3200.0,0.9889261912855807,0.9890303882546907
445.gobmk,1.0,4800.0,0.9868800996406678,0.9872005143537561
445.gobmk,1.0,6400.0,0.9868904698813588,0.9867826840597008
445.gobmk,1.0,8000.0,0.9860009794686907,0.9860009794686907
445.gobmk,1.0,8800.0,0.987099206182424,0.9870329783521538
445.gobmk,1.0,12800.0,0.9876119563690028,0.9880404031082338
445.gobmk,1.0,17600.0,0.9877772097158238,0.9877772097158238
445.gobmk,2.0,8000.0,0.9918098826212416,0.991808990489587
445.gobmk,2.0,8800.0,0.9913707798971845,0.9913707798971845
445.gobmk,4.0,8000.0,0.9933270807980444,0.9933270807980444
445.gobmk,4.0,8800.0,0.9928710536167011,0.9928710536167011
445.gobmk,8.0,8000.0,0.995317508359277,0.995317508359277
445.gobmk,8.0,8800.0,0.9951955903619985,0.9951955903619985
445.gobmk,16.0,8000.0,0.9969712868435059,0.9969712868435059
445.gobmk,16.0,8800.0,0.9970545751527353,0.9970545751527353
447.dealII,1.0,3200.0,0.9990186277528018,0.9990186277528018
447.dealII,1.0,4800.0,0.9990158619411468,0.9990158619411468
447.dealII,1.0,6400.0,0.9991388451617731,0.9991388451617731
447.dealII,1.0,8000.0,0.9990171102920944,0.9990171102920944
447.dealII,1.0,8800.0,0.9991008939652387,0.9991008939652387
447.dealII,1.0,12800.0,0.9989597556992371,0.9989595960462042
447.dealII,1.0,17600.0,0.9988866338756562,0.9988866338756562
447.dealII,2.0,8000.0,0.9993197557961814,0.9993197557961814
447.dealII,2.0,8800.0,0.9992545151537721,0.9992545151537721
447.dealII,4.0,8000.0,0.9995654983337233,0.9995654983337233
447.dealII,4.0,8800.0,0.9995121583580738,0.9995121583580738
447.dealII,8.0,8000.0,0.999630826720449,0.999630826720449
447.dealII,8.0,8800.0,0.9997253006903735,0.9996032956414995
447.dealII,16.0,8000.0,0.99963069037536,0.99963069037536
447.dealII,16.0,8800.0,0.9997559493982757,0.9998779598071467
450.soplex,1.0,3200.0,0.9255610506256747,0.9289888704873146
450.soplex,1.0,4800.0,0.9023974591672052,0.9098432545045911
450.soplex,1.0,6400.0,0.8919270305062004,0.8997526216134523
450.soplex,1.0,8000.0,0.8868878331146873,0.8947453226350593
450.soplex,1.0,8800.0,0.8877445686430159,0.8950796132910446
450.soplex,1.0,12800.0,0.8838646934103188,0.8913743780533694
450.soplex,1.0,17600.0,0.8814393368599862,0.8892110372928023
450.soplex,2.0,8000.0,0.9034035910194057,0.9112553949914629
450.soplex,2.0,8800.0,0.9039270107647035,0.911529473989119
450.soplex,4.0,8000.0,0.9147445716708315,0.9212910333486611
450.soplex,4.0,8800.0,0.9153864285278371,0.9215431071229
450.soplex,8.0,8000.0,0.9294247945621893,0.934645051243695
450.soplex,8.0,8800.0,0.9309259558060529,0.9353423180248048
450.soplex,16.0,8000.0,0.9479083398906427,0.9514098138558295
450.soplex,16.0,8800.0,0.9482737606266364,0.9520100700064984
456.hmmer,1.0,3200.0,0.96170500626272,0.9624014982621486
456.hmmer,1.0,4800.0,0.9611450608521469,0.9619498327013796
456.hmmer,1.0,6400.0,0.9609632462424482,0.9615773592931114
456.hmmer,1.0,8000.0,0.9602480875435185,0.9603047712812152
456.hmmer,1.0,8800.0,0.9612225124588166,0.9622936736365344
456.hmmer,1.0,12800.0,0.9597370885479756,0.9605422476304981
456.hmmer,1.0,17600.0,0.9593670174899273,0.9597340649864031
456.hmmer,2.0,8000.0,0.9785604831905125,0.9788403501046604
456.hmmer,2.0,8800.0,0.9766484254838198,0.9774251115431946
456.hmmer,4.0,8000.0,0.9843379677765892,0.9851349500622054
456.hmmer,4.0,8800.0,0.9854344368441526,0.9860293965192893
456.hmmer,8.0,8000.0,0.9874447362929067,0.9890693362332497
456.hmmer,8.0,8800.0,0.9885518511254162,0.9891596955370355
456.hmmer,16.0,8000.0,0.9918617500451469,0.9913384616962804
456.hmmer,16.0,8800.0,0.9924600094414607,0.9934848096044273
458.sjeng,1.0,3200.0,0.9878358982421606,0.9878358982421606
458.sjeng,1.0,4800.0,0.9878101935201334,0.9878101935201334
458.sjeng,1.0,6400.0,0.9883136696321574,0.9883136696321574
458.sjeng,1.0,8000.0,0.9876717494585002,0.9876717494585002
458.sjeng,1.0,8800.0,0.9870218577181975,0.9870218577181975
458.sjeng,1.0,12800.0,0.9872294450162491,0.9872294450162491
458.sjeng,1.0,17600.0,0.9867955113150837,0.9867955113150837
458.sjeng,2.0,8000.0,0.9909568267991516,0.9909568267991516
458.sjeng,2.0,8800.0,0.9907333107131766,0.9907333107131766
458.sjeng,4.0,8000.0,0.9934208985383868,0.9934208985383868
458.sjeng,4.0,8800.0,0.9938005027765195,0.9938005027765195
458.sjeng,8.0,8000.0,0.9952474292942449,0.9952474292942449
458.sjeng,8.0,8800.0,0.9943540677963206,0.9943540677963206
458.sjeng,16.0,8000.0,0.996851306434645,0.996851306434645
458.sjeng,16.0,8800.0,0.9962014381476139,0.9962014381476139
459.GemsFDTD,1.0,3200.0,0.881829913659865,0.8826924943313522
459.GemsFDTD,1.0,4800.0,0.8483074542524223,0.8500855248151706
459.GemsFDTD,1.0,6400.0,0.8367049229132766,0.838180978095758
459.GemsFDTD,1.0,8000.0,0.8325902735904303,0.8344394302182291
459.GemsFDTD,1.0,8800.0,0.8319052461536812,0.8336388303868929
459.GemsFDTD,1.0,12800.0,0.8284738539012543,0.8301975130186673
459.GemsFDTD,1.0,17600.0,0.8274456619404523,0.8293757872718669
459.GemsFDTD,2.0,8000.0,0.8495722047473325,0.851936723004267
459.GemsFDTD,2.0,8800.0,0.8494133749126931,0.8516804942834744
459.GemsFDTD,4.0,8000.0,0.865186451713754,0.8683698880148166
459.GemsFDTD,4.0,8800.0,0.8650118586502561,0.868352157523765
459.GemsFDTD,8.0,8000.0,0.8880685661078893,0.8918859911102182
459.GemsFDTD,8.0,8800.0,0.8885170443466398,0.8921123976626724
459.GemsFDTD,16.0,8000.0,0.91791352526361,0.9222104416411134
459.GemsFDTD,16.0,8800.0,0.9187309237760461,0.9220618072165289
462.libquantum,1.0,3200.0,0.9325846990721998,0.9714204004671954
462.libquantum,1.0,4800.0,0.913727509206084,0.97469882610668
462.libquantum,1.0,6400.0,0.9035086057236219,0.9752405135097364
462.libquantum,1.0,8000.0,0.8992567181279177,0.9785473359003558
462.libquantum,1.0,8800.0,0.9007566356310756,0.9767468342068639
462.libquantum,1.0,12800.0,0.8947447919922972,0.9763575856783548
462.libquantum,1.0,17600.0,0.8915495529667423,0.9751038426924826
462.libquantum,2.0,8000.0,0.926161854890491,0.9856824576189606
462.libquantum,2.0,8800.0,0.9272463477010446,0.985177932672585
462.libquantum,4.0,8000.0,0.9491255655997325,0.9927876597157844
462.libquantum,4.0,8800.0,0.9498650161096787,0.9920465986791197
462.libquantum,8.0,8000.0,0.9682474722127307,0.9928714304472208
462.libquantum,8.0,8800.0,0.9698681749581051,0.9921093730084137
462.libquantum,16.0,8000.0,0.9798667007619375,0.9939277511920542
462.libquantum,16.0,8800.0,0.9806203209147887,0.9936542727358411
464.h264ref,1.0,3200.0,0.9973661106166639,0.997540262758002
464.h264ref,1.0,4800.0,0.9971274499413058,0.997245664794116
464.h264ref,1.0,6400.0,0.9966961541824159,0.9968147834032464
464.h264ref,1.0,8000.0,0.9966722925757524,0.9967905232661409
464.h264ref,1.0,8800.0,0.9967700014757802,0.9968872817477725
464.h264ref,1.0,12800.0,0.9964233163964556,0.9966609286698335
464.h264ref,1.0,17600.0,0.9960178587062855,0.996137172173958
464.h264ref,2.0,8000.0,0.9982083419839809,0.9983275452134812
464.h264ref,2.0,8800.0,0.9972612213744058,0.9973793221838196
464.h264ref,4.0,8000.0,0.9985777302481982,0.9985777302481982
464.h264ref,4.0,8800.0,0.9986280368285161,0.9987465809939231
464.h264ref,8.0,8000.0,0.9985622999518937,0.9984425942297178
464.h264ref,8.0,8800.0,0.9988819120842499,0.9988819120842499
464.h264ref,16.0,8000.0,0.999398289681763,0.99951813860339
464.h264ref,16.0,8800.0,0.9991649660542057,0.9992837364566208
470.lbm,1.0,3200.0,0.9082758185868821,0.9105066437856392
470.lbm,1.0,4800.0,0.8793867740925794,0.881432206784063
470.lbm,1.0,6400.0,0.8672212040027941,0.8697460885241829
470.lbm,1.0,8000.0,0.8622724014656924,0.8653690863885583
470.lbm,1.0,8800.0,0.862468504970308,0.8651138805715891
470.lbm,1.0,12800.0,0.8581708180754395,0.860916977027622
470.lbm,1.0,17600.0,0.853892359143025,0.857090568268171
470.lbm,2.0,8000.0,0.8795362343824664,0.883872997007545
470.lbm,2.0,8800.0,0.8831925619533464,0.8877325876970095
470.lbm,4.0,8000.0,0.8836577554655587,0.8911164006584227
470.lbm,4.0,8800.0,0.8912890082911067,0.8989216092670427
470.lbm,8.0,8000.0,0.8892687624190819,0.8980888448189815
470.lbm,8.0,8800.0,0.8972743162502639,0.9068555760901209
470.lbm,16.0,8000.0,0.9092762295047511,0.9195445276394307
470.lbm,16.0,8800.0,0.917737834568888,0.9275285479080468
471.omnetpp,1.0,3200.0,0.9119829857752919,0.9127331581979659
471.omnetpp,1.0,4800.0,0.8831104358748951,0.8839509785551499
471.omnetpp,1.0,6400.0,0.876820391286057,0.8772688142260011
471.omnetpp,1.0,8000.0,0.8744511979058617,0.8751892869746528
471.omnetpp,1.0,8800.0,0.8750410389687809,0.8754332921806189
471.omnetpp,1.0,12800.0,0.8737925867121926,0.874503482952189
471.omnetpp,1.0,17600.0,0.8717928443256896,0.8722176157975046
471.omnetpp,2.0,8000.0,0.8799018014707616,0.8805424885887033
471.omnetpp,2.0,8800.0,0.8802190432073634,0.8807375462484439
471.omnetpp,4.0,8000.0,0.8866179296945449,0.8869129221543538
471.omnetpp,4.0,8800.0,0.8868117851484949,0.8864441070470443
471.omnetpp,8.0,8000.0,0.8949603244016683,0.895299115841549
471.omnetpp,8.0,8800.0,0.8955477098056782,0.8958523785612518
471.omnetpp,16.0,8000.0,0.9072699879308568,0.9079194687795699
471.omnetpp,16.0,8800.0,0.9086676535738185,0.9084906027525265
473.astar,1.0,3200.0,0.8851584616838283,0.885058701866838
473.astar,1.0,4800.0,0.8767954895947814,0.876323995718331
473.astar,1.0,6400.0,0.8710082781004876,0.8709135426258183
473.astar,1.0,8000.0,0.868481470374099,0.8687268030262943
473.astar,1.0,8800.0,0.8690034794661382,0.8691620596758176
473.astar,1.0,12800.0,0.8660895435352642,0.8657390397096826
473.astar,1.0,17600.0,0.8620980488045545,0.8619338131289838
473.astar,2.0,8000.0,0.8868291576874103,0.8868641464923035
473.astar,2.0,8800.0,0.8875183639042159,0.8875820481415027
473.astar,4.0,8000.0,0.9095701607611577,0.9095712220611021
473.astar,4.0,8800.0,0.9102210561353847,0.9102159635439973
473.astar,8.0,8000.0,0.9308518929190889,0.931142687457062
473.astar,8.0,8800.0,0.9315798429878759,0.9318002125744017
473.astar,16.0,8000.0,0.9528394458750892,0.9528365983490781
473.astar,16.0,8800.0,0.9536277966879013,0.953855882771218
481.wrf,1.0,3200.0,0.9993820972789382,0.9994406952765067
481.wrf,1.0,4800.0,0.9993194316831826,0.9993821724750489
481.wrf,1.0,6400.0,0.9993820126862188,0.9994775686846418
481.wrf,1.0,8000.0,0.9993821737729711,0.9994576213083515
481.wrf,1.0,8800.0,0.9992961749922495,0.9993192031537151
481.wrf,1.0,12800.0,0.9993467227078567,0.9993200869231421
481.wrf,1.0,17600.0,0.9992266686483747,0.9991488695122643
481.wrf,2.0,8000.0,0.9995060634529834,0.9995344833767118
481.wrf,2.0,8800.0,0.9995488788868867,0.9995953151327137
481.wrf,4.0,8000.0,0.999694876221316,0.9997159616284985
481.wrf,4.0,8800.0,0.9997387306017891,0.9996711625723703
481.wrf,8.0,8000.0,0.9997813662043152,0.9998394272615425
481.wrf,8.0,8800.0,0.9998533063656534,0.9998916550442404
481.wrf,16.0,8000.0,0.9999714908221424,0.9999714908221424
481.wrf,16.0,8800.0,0.9999451558799972,0.9999451558799972
482.sphinx3,1.0,3200.0,0.8881225451188234,0.8972300969910147
482.sphinx3,1.0,4800.0,0.8787778391997192,0.8894280480310978
482.sphinx3,1.0,6400.0,0.8732437039262598,0.8844931655169839
482.sphinx3,1.0,8000.0,0.8703539195672937,0.8821331806947397
482.sphinx3,1.0,8800.0,0.8702580446068243,0.8823568678766297
482.sphinx3,1.0,12800.0,0.8674095142720335,0.8792403203292225
482.sphinx3,1.0,17600.0,0.8650170837590856,0.8773336586261644
482.sphinx3,2.0,8000.0,0.8960839291282504,0.906335400047413
482.sphinx3,2.0,8800.0,0.8962068997042385,0.9070690589104683
482.sphinx3,4.0,8000.0,0.9196525577974012,0.9300753722195587
482.sphinx3,4.0,8800.0,0.9203921653958276,0.9301329061448856
482.sphinx3,8.0,8000.0,0.9444944807174048,0.9513065866043708
482.sphinx3,8.0,8800.0,0.9450851812876564,0.9512539664286794
482.sphinx3,16.0,8000.0,0.9653695130181476,0.9698271707660828
482.sphinx3,16.0,8800.0,0.9648812956099023,0.9706268957165778
483.xalancbmk,1.0,3200.0,0.8616550568186743,0.8620709117934806
483.xalancbmk,1.0,4800.0,0.8461544616789306,0.8469016967863828
483.xalancbmk,1.0,6400.0,0.8402290350934942,0.840416116849021
483.xalancbmk,1.0,8000.0,0.8366753698846826,0.8369432935225907
483.xalancbmk,1.0,8800.0,0.8371744949331491,0.8376769645288721
483.xalancbmk,1.0,12800.0,0.8339658480775548,0.8342749877107822
483.xalancbmk,1.0,17600.0,0.831078255591106,0.8314471425250266
483.xalancbmk,2.0,8000.0,0.8492004932258339,0.8495991439610591
483.xalancbmk,2.0,8800.0,0.8498560154819942,0.8499802668021975
483.xalancbmk,4.0,8000.0,0.8669979363480924,0.8672653223967718
483.xalancbmk,4.0,8800.0,0.8681265754701802,0.8683608202943885
483.xalancbmk,8.0,8000.0,0.8905182486987963,0.8906981690511785
483.xalancbmk,8.0,8800.0,0.8910591894367245,0.8910668127170851
483.xalancbmk,16.0,8000.0,0.9146530062117301,0.9146814741149955
483.xalancbmk,16.0,8800.0,0.9160642182298582,0.9161406649226737
500.perlbench,1.0,3200.0,0.9553527277535961,0.9552771726514054
500.perlbench,1.0,4800.0,0.9521147537701048,0.9524484594348327
500.perlbench,1.0,6400.0,0.9504185921264924,0.9506923568190895
500.perlbench,1.0,8000.0,0.9498176449402479,0.9496719083717822
500.perlbench,1.0,8800.0,0.9504174312617593,0.9505572941658813
500.perlbench,1.0,12800.0,0.9488579949521642,0.949067611804521
500.perlbench,1.0,17600.0,0.9480681826688012,0.9479152354916973
500.perlbench,2.0,8000.0,0.9673808938896887,0.9673808938896887
500.perlbench,2.0,8800.0,0.9680713626832126,0.9680564589888029
500.perlbench,4.0,8000.0,0.9781783754523701,0.9781783754523701
500.perlbench,4.0,8800.0,0.9793423097048295,0.9794937946970923
500.perlbench,8.0,8000.0,0.9860432199620508,0.9860443941461546
500.perlbench,8.0,8800.0,0.9866119258293083,0.986297826254507
500.perlbench,16.0,8000.0,0.9906871932121334,0.9906871932121334
500.perlbench,16.0,8800.0,0.9909326861026427,0.9909326861026427
502.gcc,1.0,3200.0,0.9812705991598462,0.981657690219165
502.gcc,1.0,4800.0,0.9810009559878126,0.9813406709226059
502.gcc,1.0,6400.0,0.9801122071284843,0.9808358093158737
502.gcc,1.0,8000.0,0.9797969000086385,0.9804901524464038
502.gcc,1.0,8800.0,0.9795352403786931,0.9795290290113521
502.gcc,1.0,12800.0,0.97905850748614,0.9796582818772736
502.gcc,1.0,17600.0,0.9795259446155686,0.9801859066929153
502.gcc,2.0,8000.0,0.9856422305015796,0.986156875340677
502.gcc,2.0,8800.0,0.9852900485266771,0.9856703020447537
502.gcc,4.0,8000.0,0.9904936918819168,0.9911218575333799
502.gcc,4.0,8800.0,0.9893381157190361,0.98954585137607
502.gcc,8.0,8000.0,0.9924149199369675,0.9923072815890794
502.gcc,8.0,8800.0,0.9927316554287099,0.9927316554287099
502.gcc,16.0,8000.0,0.9948341729114555,0.99504726079082
502.gcc,16.0,8800.0,0.9954008740195246,0.9951875892002677
505.mcf,1.0,3200.0,0.9674676184017701,0.9754765092322893
505.mcf,1.0,4800.0,0.9179013641777521,0.94376273033916
505.mcf,1.0,6400.0,0.9022113487697178,0.918326429555524
505.mcf,1.0,8000.0,0.8988499476476063,0.9157700901268958
505.mcf,1.0,8800.0,0.8961989886901839,0.9123306412483008
505.mcf,1.0,12800.0,0.8930293348355952,0.9104952405179428
505.mcf,1.0,17600.0,0.8985475255642036,0.9151675477413035
505.mcf,2.0,8000.0,0.9139673231251554,0.9293043799938704
505.mcf,2.0,8800.0,0.914165070014353,0.9293915585302993
505.mcf,4.0,8000.0,0.9294866010496797,0.9430099292742027
505.mcf,4.0,8800.0,0.9302372259126883,0.9443081241236941
505.mcf,8.0,8000.0,0.9460169589016942,0.95728730998494
505.mcf,8.0,8800.0,0.9464421810623199,0.9581700480717765
505.mcf,16.0,8000.0,0.9606205353693286,0.9711783247041695
505.mcf,16.0,8800.0,0.9610652754868749,0.9715404241183748
507.cactuBSSN,1.0,3200.0,0.9712645422996002,0.9712645422996002
507.cactuBSSN,1.0,4800.0,0.9522085571784882,0.9522085571784882
507.cactuBSSN,1.0,6400.0,0.9558242699567766,0.9558242699567766
507.cactuBSSN,1.0,8000.0,0.9633382532760622,0.9633382532760622
507.cactuBSSN,1.0,8800.0,0.9604217522454899,0.9604217522454899
507.cactuBSSN,1.0,12800.0,0.9697530913691227,0.9697530913691227
507.cactuBSSN,1.0,17600.0,0.9708769223176951,0.9708769223176951
507.cactuBSSN,2.0,8000.0,0.9623156878669469,0.9623156878669469
507.cactuBSSN,2.0,8800.0,0.9756568603507113,0.9756568603507113
507.cactuBSSN,4.0,8000.0,0.9369552412768636,0.9369552412768636
507.cactuBSSN,4.0,8800.0,0.9400013649103577,0.9400013649103577
507.cactuBSSN,8.0,8000.0,0.9602681352121325,0.9602681352121325
507.cactuBSSN,8.0,8800.0,0.9578571442765257,0.9578571442765257
507.cactuBSSN,16.0,8000.0,0.9774699647273455,0.9774699647273455
507.cactuBSSN,16.0,8800.0,0.9761990694226323,0.9761990694226323
508.namd,1.0,3200.0,0.9908181194611368,0.990922391303308
508.namd,1.0,4800.0,0.9903433962768196,0.9905526122670864
508.namd,1.0,6400.0,0.9904414023197214,0.9903357369420389
508.namd,1.0,8000.0,0.9899212772122759,0.9898960827181025
508.namd,1.0,8800.0,0.9891895171822288,0.9891889038600904
508.namd,1.0,12800.0,0.9900228319577273,0.9899141948934391
508.namd,1.0,17600.0,0.9897103594808753,0.9904727788009722
508.namd,2.0,8000.0,0.9925846587258395,0.9925846587258395
508.namd,2.0,8800.0,0.9924577376153735,0.9926697615738224
508.namd,4.0,8000.0,0.9939774120825703,0.9940850510249394
508.namd,4.0,8800.0,0.9945646172780882,0.994349881022596
508.namd,8.0,8000.0,0.995154305028132,0.995154305028132
508.namd,8.0,8800.0,0.9955442232107066,0.9955614871006657
508.namd,16.0,8000.0,0.9972097678179233,0.9972097678179233
508.namd,16.0,8800.0,0.9970450035297239,0.9970450035297239
510.parest,1.0,3200.0,0.9149184952769381,0.9339324265338387
510.parest,1.0,4800.0,0.8917654410433806,0.9172268890167101
510.parest,1.0,6400.0,0.8837377696220448,0.9121089238203092
510.parest,1.0,8000.0,0.8807917020652055,0.9094231455263744
510.parest,1.0,8800.0,0.881269238740417,0.9100045742222227
510.parest,1.0,12800.0,0.8781558450797735,0.9074730601763261
510.parest,1.0,17600.0,0.8779653319755312,0.9091072849949093
510.parest,2.0,8000.0,0.9094202583523979,0.9348732343468606
510.parest,2.0,8800.0,0.9112439764875492,0.9353964228754493
510.parest,4.0,8000.0,0.9372629552491286,0.954833500248594
510.parest,4.0,8800.0,0.9386288262951855,0.9554918730476171
510.parest,8.0,8000.0,0.9587347402243128,0.9704986609597704
510.parest,8.0,8800.0,0.9597532931971275,0.970749902911214
510.parest,16.0,8000.0,0.9740728032351227,0.9815580561465669
510.parest,16.0,8800.0,0.9741901002804083,0.9820459060386667
511.povray,1.0,3200.0,0.9998797242207443,0.9998797242207443
511.povray,1.0,4800.0,0.9998795173595341,0.9998795173595341
511.povray,1.0,6400.0,0.9998795417783788,0.9998795417783788
511.povray,1.0,8000.0,0.9998796999450258,0.9998796999450258
511.povray,1.0,8800.0,0.9997527833241819,0.999872006564848
511.povray,1.0,12800.0,0.999879492547604,0.999879492547604
511.povray,1.0,17600.0,0.9998790122317243,0.9998790122317243
511.povray,2.0,8000.0,1.0,1.0
511.povray,2.0,8800.0,0.9997614924714187,0.9997614924714187
511.povray,4.0,8000.0,1.0,1.0
511.povray,4.0,8800.0,1.0,1.0
511.povray,8.0,8000.0,1.0,1.0
511.povray,8.0,8800.0,0.9998807177776973,0.9998807177776973
511.povray,16.0,8000.0,1.0,1.0
511.povray,16.0,8800.0,1.0,1.0
519.lbm,1.0,3200.0,0.9020332443744594,0.9043422594203314
519.lbm,1.0,4800.0,0.8764413556957116,0.8784357194939024
519.lbm,1.0,6400.0,0.8694239517147831,0.8717797506372409
519.lbm,1.0,8000.0,0.8663402893282582,
519.lbm,1.0,8800.0,0.8669068348264846,0.869356829845459
519.lbm,1.0,12800.0,0.8642301094907775,0.8666694519629577
519.lbm,1.0,17600.0,0.8598164891903459,0.861941046179497
519.lbm,2.0,8000.0,0.8889503986716505,0.8937082416284959
519.lbm,2.0,8800.0,,0.8944447770842084
519.lbm,4.0,8000.0,0.8948040771052014,0.9027966476859725
519.lbm,4.0,8800.0,0.8947645250502109,0.9026673810354247
519.lbm,8.0,8000.0,0.9003411173289821,0.9102397942773627
519.lbm,8.0,8800.0,0.900195552330407,0.9102761939216327
519.lbm,16.0,8000.0,0.9214768748472572,0.9318733461055969
519.lbm,16.0,8800.0,0.9218026729908015,0.9323133331879615
520.omnetpp,1.0,3200.0,0.9027517768547434,0.9032801144637065
520.omnetpp,1.0,4800.0,0.8804939638652811,0.8808368422458291
520.omnetpp,1.0,6400.0,0.8702628755490456,0.8708716872315866
520.omnetpp,1.0,8000.0,0.8668234375071568,0.866877531576902
520.omnetpp,1.0,8800.0,0.8662836198032507,0.8668393028786604
520.omnetpp,1.0,12800.0,0.862022017217346,0.8622949795182111
520.omnetpp,1.0,17600.0,0.8582926420564087,0.8584832358475196
520.omnetpp,2.0,8000.0,0.8808322208193642,0.8811531086934921
520.omnetpp,2.0,8800.0,0.8808628670852744,0.8814013592912934
520.omnetpp,4.0,8000.0,0.8946796420211702,0.8945956097261901
520.omnetpp,4.0,8800.0,0.8952825290747418,0.8955997718178454
520.omnetpp,8.0,8000.0,0.9145145240786621,0.9144003072249695
520.omnetpp,8.0,8800.0,0.9146825291323769,0.9147719397827725
520.omnetpp,16.0,8000.0,0.9338556356622222,0.9342293801263868
520.omnetpp,16.0,8800.0,0.934588674210009,0.9344520286376438
523.xalancbmk,1.0,3200.0,0.9661038867271162,0.9665062767128442
523.xalancbmk,1.0,4800.0,0.9650592639501393,0.9648060699867407
523.xalancbmk,1.0,6400.0,0.9664364183935437,0.9666052383628526
523.xalancbmk,1.0,8000.0,0.9670128422824704,0.9674375458681533
523.xalancbmk,1.0,8800.0,0.9664375713176004,0.9664375713176004
523.xalancbmk,1.0,12800.0,0.9669359541785254,0.9671040340139256
523.xalancbmk,1.0,17600.0,0.9664427162195552,0.9664427162195552
523.xalancbmk,2.0,8000.0,0.9769556514983186,0.9766747835191324
523.xalancbmk,2.0,8800.0,0.9762709278282378,0.9765689526591943
523.xalancbmk,4.0,8000.0,0.9817286738268013,0.9817217528503661
523.xalancbmk,4.0,8800.0,0.9824216842418637,0.9825089693096197
523.xalancbmk,8.0,8000.0,0.9862265976939862,0.9860804925158759
523.xalancbmk,8.0,8800.0,0.9863849174648197,0.986284492363768
523.xalancbmk,16.0,8000.0,0.990306336390195,0.9904990605693553
523.xalancbmk,16.0,8800.0,0.9912699981346612,0.991172652956075
525.x264,1.0,3200.0,0.9918670567157544,0.992200917451548
525.x264,1.0,4800.0,0.9916580871957026,0.9916580871957026
525.x264,1.0,6400.0,0.9915074769817294,0.9915074769817294
525.x264,1.0,8000.0,0.9913606924596027,0.9916987188251438
525.x264,1.0,8800.0,0.9920014619404638,0.9920005601229117
525.x264,1.0,12800.0,0.9911043379277014,0.9909913499099923
525.x264,1.0,17600.0,0.9916112070433691,0.9913807739463798
525.x264,2.0,8000.0,0.9947130294474648,0.9947130294474648
525.x264,2.0,8800.0,0.9946586130536165,0.9946586130536165
525.x264,4.0,8000.0,0.9959907671666731,0.9959907671666731
525.x264,4.0,8800.0,0.9958961144009021,0.9958961144009021
525.x264,8.0,8000.0,0.9979390448762675,0.998266983961584
525.x264,8.0,8800.0,0.9978611999845252,0.9978611999845252
525.x264,16.0,8000.0,0.9980332496787666,0.9980332496787666
525.x264,16.0,8800.0,0.9985086498331989,0.9985086498331989
526.blender,1.0,3200.0,0.9942983022661452,0.9944157401025374
526.blender,1.0,4800.0,0.9946371915138211,0.9946371915138211
526.blender,1.0,6400.0,0.994205699071862,0.9944421488003892
526.blender,1.0,8000.0,0.994410581818822,0.994410581818822
526.blender,1.0,8800.0,0.9937938118914342,0.9937938118914342
526.blender,1.0,12800.0,0.9942004974425945,0.994319024167837
526.blender,1.0,17600.0,0.9942795702385112,0.9942795702385112
526.blender,2.0,8000.0,0.996032835027568,0.996032835027568
526.blender,2.0,8800.0,0.9960894109958573,0.9960894109958573
526.blender,4.0,8000.0,0.9977448148395394,0.9977448148395394
526.blender,4.0,8800.0,0.9980506818841158,0.9980506818841158
526.blender,8.0,8000.0,0.9987215440165375,0.9987215440165375
526.blender,8.0,8800.0,0.9987689504762266,0.9987689504762266
526.blender,16.0,8000.0,0.9989175605586598,0.9989175605586598
526.blender,16.0,8800.0,0.9990803293283056,0.9990803293283056
531.deepsjeng,1.0,3200.0,0.9915487663139824,0.9915487663139824
531.deepsjeng,1.0,4800.0,0.9908749556112603,0.9908749556112603
531.deepsjeng,1.0,6400.0,0.989661640446217,0.989661640446217
531.deepsjeng,1.0,8000.0,0.9908220892395866,0.9908220892395866
531.deepsjeng,1.0,8800.0,0.9908311795955198,0.9908311795955198
531.deepsjeng,1.0,12800.0,0.9907534995660091,0.9907534995660091
531.deepsjeng,1.0,17600.0,0.9875603158920019,0.9875603158920019
531.deepsjeng,2.0,8000.0,0.9918220795113206,0.9918220795113206
531.deepsjeng,2.0,8800.0,0.9950162310192869,0.9950162310192869
531.deepsjeng,4.0,8000.0,0.994043364612864,0.994043364612864
531.deepsjeng,4.0,8800.0,0.9954654602964953,0.9954654602964953
531.deepsjeng,8.0,8000.0,0.9954739851296611,0.9954739851296611
531.deepsjeng,8.0,8800.0,0.9971858328704263,0.9971858328704263
531.deepsjeng,16.0,8000.0,0.9980289583639628,0.9980289583639628
531.deepsjeng,16.0,8800.0,0.998556343164012,0.998556343164012
538.imagick,1.0,3200.0,0.9995909246744218,0.9995909246744218
538.imagick,1.0,4800.0,0.9997199388744162,0.9997199388744162
538.imagick,1.0,6400.0,0.9997194516208843,0.9997194516208843
538.imagick,1.0,8000.0,0.9998439944626616,0.9998439944626616
538.imagick,1.0,8800.0,0.999755086916781,0.999755086916781
538.imagick,1.0,12800.0,0.999818914713367,0.999818914713367
538.imagick,1.0,17600.0,0.9997507597183743,0.9997507597183743
538.imagick,2.0,8000.0,0.9998763809731132,0.9998763809731132
538.imagick,2.0,8800.0,0.9998775134578881,0.9998775134578881
538.imagick,4.0,8000.0,0.9999675504618531,0.9999675504618531
538.imagick,4.0,8800.0,1.0,1.0
538.imagick,8.0,8000.0,1.0,1.0
538.imagick,8.0,8800.0,1.0,1.0
538.imagick,16.0,8000.0,1.0,1.0
538.imagick,16.0,8800.0,1.0,1.0
541.leela,1.0,3200.0,0.9997784753709683,0.9997784753709683
541.leela,1.0,4800.0,0.9996311153124929,0.9996311153124929
541.leela,1.0,6400.0,0.999876990730867,0.999876990730867
541.leela,1.0,8000.0,0.999717805115943,0.999855230150256
541.leela,1.0,8800.0,0.9997564913815016,0.9997564913815016
541.leela,1.0,12800.0,0.9998769525557679,0.9997539051115357
541.leela,1.0,17600.0,0.9997528917901457,0.9997528631998706
541.leela,2.0,8000.0,0.9998551886670013,0.999877130433005
541.leela,2.0,8800.0,0.9998782308638722,0.99981083409157
541.leela,4.0,8000.0,1.0,1.0
541.leela,4.0,8800.0,0.99981081105569,0.9998782078259069
541.leela,8.0,8000.0,1.0,1.0
541.leela,8.0,8800.0,0.9998782078259069,0.9998782078259069
541.leela,16.0,8000.0,1.0,1.0
541.leela,16.0,8800.0,0.9996890349878689,0.9998107959115009
544.nab,1.0,3200.0,0.9968225537318891,0.9968225537318891
544.nab,1.0,4800.0,0.9853446394963502,0.9852408697585341
544.nab,1.0,6400.0,0.9852950068201218,0.9852950068201218
544.nab,1.0,8000.0,0.9864409103671644,0.9864409103671644
544.nab,1.0,8800.0,0.9908740968330514,0.9908740968330514
544.nab,1.0,12800.0,0.9879165816722578,0.9881267254903816
544.nab,1.0,17600.0,0.9851541618724334,0.9851541618724334
544.nab,2.0,8000.0,0.9902529630284804,0.9902529630284804
544.nab,2.0,8800.0,0.9953733207161862,0.9953733207161862
544.nab,4.0,8000.0,0.9904661905996285,0.9904661905996285
544.nab,4.0,8800.0,0.9962005249746365,0.9962005249746365
544.nab,8.0,8000.0,0.9909743754121974,0.9909667165553624
544.nab,8.0,8800.0,0.9970379414877873,0.9970379414877873
544.nab,16.0,8000.0,0.9913979372860771,0.9913979372860771
544.nab,16.0,8800.0,0.9968413052599677,0.9968413052599677
549.fotonik3d,1.0,3200.0,0.8752507731161113,0.8768046831359263
549.fotonik3d,1.0,4800.0,0.8443800318910807,0.8461050262371707
549.fotonik3d,1.0,6400.0,0.8334733396907749,0.8347591284065146
549.fotonik3d,1.0,8000.0,0.828954140403813,0.8301728113565188
549.fotonik3d,1.0,8800.0,0.8290809641117529,0.83033382713225
549.fotonik3d,1.0,12800.0,0.8254074507417161,0.8264726209276733
549.fotonik3d,1.0,17600.0,0.8207356240348532,0.8218413126660259
549.fotonik3d,2.0,8000.0,0.8325349967138806,0.8341420590918223
549.fotonik3d,2.0,8800.0,0.8335518315856294,0.8352600111478184
549.fotonik3d,4.0,8000.0,0.8435848769420079,0.8466806950617758
549.fotonik3d,4.0,8800.0,0.8450411261549422,0.8486725828879798
549.fotonik3d,8.0,8000.0,0.8656018300186045,0.870244846568998
549.fotonik3d,8.0,8800.0,0.8675580215049816,0.8713279179160907
549.fotonik3d,16.0,8000.0,0.9007035502898496,0.9062614665257027
549.fotonik3d,16.0,8800.0,0.9020122727913017,0.9071814600264656
557.xz,1.0,3200.0,0.9492224841967632,0.9491511622640132
557.xz,1.0,4800.0,0.9384150837299455,0.938487541554447
557.xz,1.0,6400.0,0.9337368247575901,0.9338972634787166
557.xz,1.0,8000.0,0.9319528592556188,0.932100095348599
557.xz,1.0,8800.0,0.9316122635897639,0.931465962608795
557.xz,1.0,12800.0,0.9287414379757145,0.9287414379757145
557.xz,1.0,17600.0,0.9268683938973014,0.9267880078006174
557.xz,2.0,8000.0,0.9447982979286157,0.9447982979286157
557.xz,2.0,8800.0,0.9433731297742343,0.9432093809097284
557.xz,4.0,8000.0,0.9565386477792343,0.9565386477792343
557.xz,4.0,8800.0,0.9559805550616415,0.9559805550616415
557.xz,8.0,8000.0,0.9656956518582613,0.9659509022440544
557.xz,8.0,8800.0,0.9671634103292563,0.9671634103292563
557.xz,16.0,8000.0,0.9754876900239112,0.9754876900239112
557.xz,16.0,8800.0,0.9751980085179379,0.9751980085179379
grep_map0,1.0,3200.0,0.9776043984173032,0.9824368188171556
grep_map0,1.0,4800.0,0.9684595659631834,0.9789829129699184
grep_map0,1.0,6400.0,0.9613882736609475,0.975287208990449
grep_map0,1.0,8000.0,0.9624111133019976,0.9759137430992295
grep_map0,1.0,8800.0,0.9615622296226046,0.974404532912682
grep_map0,1.0,12800.0,0.9655337088729875,0.983252944028432
grep_map0,1.0,17600.0,0.9629341249540767,0.9789584733745779
grep_map0,2.0,8000.0,0.9660141121794091,0.9835468984182055
grep_map0,2.0,8800.0,0.9662397060266021,0.98343720606869
grep_map0,4.0,8000.0,0.9761010001035303,0.9913131197077671
grep_map0,4.0,8800.0,0.9767139157269473,0.9915477259289409
grep_map0,8.0,8000.0,0.9853109317002311,0.9958870483751803
grep_map0,8.0,8800.0,0.9855468526288079,0.9959549893913442
grep_map0,16.0,8000.0,0.9908057100410252,0.9976945767542584
grep_map0,16.0,8800.0,0.9907160183626276,0.9976759534084934
h264_encode,1.0,3200.0,0.999366504131069,0.999366426004429
h264_encode,1.0,4800.0,0.9989381471888135,0.9994322827513783
h264_encode,1.0,6400.0,0.99888669492206,0.9993809567465868
h264_encode,1.0,8000.0,0.9988600699417299,0.9992581334819971
h264_encode,1.0,8800.0,0.998897868058238,0.999387179158358
h264_encode,1.0,12800.0,0.9988861822352355,0.9993806493188419
h264_encode,1.0,17600.0,0.9988816010013274,0.9992959917219428
h264_encode,2.0,8000.0,0.9992303662396917,0.9996010988932749
h264_encode,2.0,8800.0,0.999264524847129,0.9996320369004672
h264_encode,4.0,8000.0,0.9995313579808635,0.9996763306220741
h264_encode,4.0,8800.0,0.9995455813606986,0.999754600967237
h264_encode,8.0,8000.0,0.9997047715135317,0.999752404575953
h264_encode,8.0,8800.0,0.9996319466137573,0.9998772854275765
h264_encode,16.0,8000.0,0.9997523739144976,0.999800038750304
h264_encode,16.0,8800.0,0.9997907219740828,0.9998772553024504
jp2_decode,1.0,3200.0,0.9607242860990907,0.9638965245833456
jp2_decode,1.0,4800.0,0.9570384469244214,0.9614727550824484
jp2_decode,1.0,6400.0,0.9516038903194064,0.957428910908403
jp2_decode,1.0,8000.0,0.9484362199337822,0.9546232689526043
jp2_decode,1.0,8800.0,0.9501629500450745,0.9557415801840751
jp2_decode,1.0,12800.0,0.9461160680510288,0.9543853030447945
jp2_decode,1.0,17600.0,0.9449782737921348,0.9524024080216155
jp2_decode,2.0,8000.0,0.9688879761463385,0.9785029598774747
jp2_decode,2.0,8800.0,0.9704767562453303,0.9795733144654538
jp2_decode,4.0,8000.0,0.9889427019891712,0.9970199663538822
jp2_decode,4.0,8800.0,0.9888987622557949,0.996723802856492
jp2_decode,8.0,8000.0,0.9908261858411793,0.9970673208916596
jp2_decode,8.0,8800.0,0.9912152764338391,0.9973527792103823
jp2_decode,16.0,8000.0,0.9923592573853572,0.9961213049347809
jp2_decode,16.0,8800.0,0.9927878227826922,0.99660821925561
jp2_encode,1.0,3200.0,0.9680384226779539,0.9701953018250933
jp2_encode,1.0,4800.0,0.9618980711786789,0.9664932602758319
jp2_encode,1.0,6400.0,0.9573817794961805,0.9622641625795348
jp2_encode,1.0,8000.0,0.9551279377461326,0.9597801838767241
jp2_encode,1.0,8800.0,0.9544538152723704,0.9589434508951192
jp2_encode,1.0,12800.0,0.9535645844825739,0.958443601829158
jp2_encode,1.0,17600.0,0.9522116389430484,0.9572032094321191
jp2_encode,2.0,8000.0,0.9741548017419108,0.9798905186076639
jp2_encode,2.0,8800.0,0.9737152254364037,0.9796974976397628
jp2_encode,4.0,8000.0,0.9854017632565901,0.990202175668061
jp2_encode,4.0,8800.0,0.9852780073736658,0.9901527839664979
jp2_encode,8.0,8000.0,0.9897556420213177,0.9931244093306285
jp2_encode,8.0,8800.0,0.989611654755245,0.9935764228346353
jp2_encode,16.0,8000.0,0.9942389403910098,0.9965357922730984
jp2_encode,16.0,8800.0,0.9943264220098994,0.9966238922420984
tpcc64,1.0,3200.0,0.9587610546566958,0.9621674714427088
tpcc64,1.0,4800.0,0.9464680698073145,0.9492728672924576
tpcc64,1.0,6400.0,0.9444188978612947,0.9489882208247823
tpcc64,1.0,8000.0,0.9448128715437741,0.9487816118618008
tpcc64,1.0,8800.0,0.9439260301980683,0.9482356241533724
tpcc64,1.0,12800.0,0.9428557564082105,0.9467309694677015
tpcc64,1.0,17600.0,0.9418721109085134,0.9454756551521459
tpcc64,2.0,8000.0,0.9556891346526952,0.9570286594238342
tpcc64,2.0,8800.0,0.9543799910894942,0.9564849255512211
tpcc64,4.0,8000.0,0.9664092660700188,0.9674067486020004
tpcc64,4.0,8800.0,0.9647518717951985,0.9672152939172187
tpcc64,8.0,8000.0,0.9749391581095497,0.9769609737618681
tpcc64,8.0,8800.0,0.9752614112741104,0.9762330734131289
tpcc64,16.0,8000.0,0.9840866249438018,0.9856316080782104
tpcc64,16.0,8800.0,0.9836958342187315,0.9857506343429926
tpch17,1.0,3200.0,0.9461525977615578,0.9520886709794865
tpch17,1.0,4800.0,0.9298078073129642,0.9392529428988025
tpch17,1.0,6400.0,0.9305030069954543,0.9395122339921309
tpch17,1.0,8000.0,0.9279853248271654,0.9368697664791
tpch17,1.0,8800.0,0.9280818067407414,0.9375712070106726
tpch17,1.0,12800.0,0.9255196356335572,0.9343255801811448
tpch17,1.0,17600.0,0.9238547862301073,0.9327354782039082
tpch17,2.0,8000.0,0.9408206905919829,0.949358992967989
tpch17,2.0,8800.0,0.9414429086102171,0.9493441951337983
tpch17,4.0,8000.0,0.9538240352817833,0.9590286163202917
tpch17,4.0,8800.0,0.9543198539437288,0.9595761837785292
tpch17,8.0,8000.0,0.965327326539188,0.9699121578578292
tpch17,8.0,8800.0,0.9662618465797573,0.9699960645758746
tpch17,16.0,8000.0,0.9771014742354355,0.9793779361585173
tpch17,16.0,8800.0,0.976525971229582,0.9795029780190889
tpch2,1.0,3200.0,0.9458882833423378,0.9530051760301166
tpch2,1.0,4800.0,0.9250778493781308,0.9361828485568978
tpch2,1.0,6400.0,0.9183015099033598,0.9287457471113094
tpch2,1.0,8000.0,0.9156105220854978,0.9249615661179492
tpch2,1.0,8800.0,0.9143704760658546,0.923714998006635
tpch2,1.0,12800.0,0.9113688175909562,0.9208915793466645
tpch2,1.0,17600.0,0.90818766380898,0.9190434016231455
tpch2,2.0,8000.0,0.923316687046181,0.9338728540882738
tpch2,2.0,8800.0,0.9248608625376384,0.9339620823253342
tpch2,4.0,8000.0,0.9426846073045861,0.9504500816032442
tpch2,4.0,8800.0,0.9444522613915655,0.9508347039698902
tpch2,8.0,8000.0,0.9592129222897169,0.9629944156925244
tpch2,8.0,8800.0,0.958730665367412,0.9632114874997234
tpch2,16.0,8000.0,0.9707441521078145,0.9741987486830382
tpch2,16.0,8800.0,0.9709944748809762,0.9740998939606753
tpch6,1.0,3200.0,0.979089265016549,0.980472274620191
tpch6,1.0,4800.0,0.9743288645327739,0.9764618374903358
tpch6,1.0,6400.0,0.974833214047634,0.9758410672228071
tpch6,1.0,8000.0,0.9741531581083608,0.9755297446865219
tpch6,1.0,8800.0,0.9725424939158053,0.9733578859466543
tpch6,1.0,12800.0,0.9754977942095212,0.9762230603262241
tpch6,1.0,17600.0,0.9746011324573743,0.9757360498690496
tpch6,2.0,8000.0,0.980408266248937,0.9818898821884541
tpch6,2.0,8800.0,0.9797522213550195,0.9810652339109434
tpch6,4.0,8000.0,0.9856959788840247,0.98684860521979
tpch6,4.0,8800.0,0.9854835500806141,0.986777137714682
tpch6,8.0,8000.0,0.9897034165512983,0.99021361484194
tpch6,8.0,8800.0,0.9884992847837519,0.9900288692458606
tpch6,16.0,8000.0,0.9927462943126675,0.993473257790047
tpch6,16.0,8800.0,0.9911781289090422,0.9914841860948992
wc_8443,1.0,3200.0,0.9440769538875049,0.9481651653893935
wc_8443,1.0,4800.0,0.9335225722525656,0.9419129094006208
wc_8443,1.0,6400.0,0.9259882539028401,0.9368422028220462
wc_8443,1.0,8000.0,0.9257617961770833,0.9362562246079448
wc_8443,1.0,8800.0,0.9253223450769839,0.9351146195961225
wc_8443,1.0,12800.0,0.9266524252615007,0.9404371824940561
wc_8443,1.0,17600.0,0.9231699619824254,0.9352486018021435
wc_8443,2.0,8000.0,0.9417963353890608,0.9558365286763844
wc_8443,2.0,8800.0,0.9420627746403222,0.955877996862993
wc_8443,4.0,8000.0,0.9580995347019973,0.9701942891349183
wc_8443,4.0,8800.0,0.9584677001257512,0.9713613665919001
wc_8443,8.0,8000.0,0.9709137493719466,0.980847103141647
wc_8443,8.0,8800.0,0.9714027982556261,0.9807290850954661
wc_8443,16.0,8000.0,0.9812140922343012,0.9877737953895753
wc_8443,16.0,8800.0,0.9814767329760523,0.9876897301440126
wc_map0,1.0,3200.0,0.9444726827329506,0.9489027742619744
wc_map0,1.0,4800.0,0.9339276260288404,0.9422297989913084
wc_map0,1.0,6400.0,0.9262078426393191,0.9373084736755753
wc_map0,1.0,8000.0,0.9259432757028855,0.936452293535342
wc_map0,1.0,8800.0,0.9256857377328743,0.9347720036589179
wc_map0,1.0,12800.0,0.9270192136944252,0.940474307386707
wc_map0,1.0,17600.0,0.9239459467256915,0.9360653566444213
wc_map0,2.0,8000.0,0.9414826767169846,0.9558713752207482
wc_map0,2.0,8800.0,0.9419808423601337,0.9560565149347482
wc_map0,4.0,8000.0,0.9576061813849935,0.9706351088069225
wc_map0,4.0,8800.0,0.9583822888872754,0.9710590034984314
wc_map0,8.0,8000.0,0.9712282374141854,0.9810636139396443
wc_map0,8.0,8800.0,0.9714497243749269,0.9808733023313727
wc_map0,16.0,8000.0,,0.9878598952747834
wc_map0,16.0,8800.0,0.9816476660668854,0.9882792717994118
ycsb_abgsave,1.0,3200.0,0.9654550981041248,0.9655016484701441
ycsb_abgsave,1.0,4800.0,0.963808668985644,0.9637275429006255
ycsb_abgsave,1.0,6400.0,0.9641837894420076,0.9641183679781538
ycsb_abgsave,1.0,8000.0,0.9639159918821821,0.9639033105928375
ycsb_abgsave,1.0,8800.0,0.9639184941099828,0.9639974499159631
ycsb_abgsave,1.0,12800.0,0.9644449802141722,0.9644449802141722
ycsb_abgsave,1.0,17600.0,0.9648173894970242,0.964730282679945
ycsb_abgsave,2.0,8000.0,0.9785922540150862,0.9785922540150862
ycsb_abgsave,2.0,8800.0,0.9775067231707676,0.9776541608757756
ycsb_abgsave,4.0,8000.0,0.9861895371772788,0.9860995844431205
ycsb_abgsave,4.0,8800.0,0.9868051599822765,0.9868051599822765
ycsb_abgsave,8.0,8000.0,0.9890947237287044,0.9890947237287044
ycsb_abgsave,8.0,8800.0,0.9909035212031957,0.9909928092179786
ycsb_abgsave,16.0,8000.0,0.9913378405675805,0.9914284347837888
ycsb_abgsave,16.0,8800.0,0.9930956745439632,0.9930956745439632
ycsb_aserver,1.0,3200.0,0.9296376110502509,0.930228322779799
ycsb_aserver,1.0,4800.0,0.9266567121103164,0.9270241935237131
ycsb_aserver,1.0,6400.0,0.9241938290914236,0.9244151174602611
ycsb_aserver,1.0,8000.0,0.9233674285427221,0.9236012626863469
ycsb_aserver,1.0,8800.0,0.9235445882630723,0.9238987060962435
ycsb_aserver,1.0,12800.0,0.921213894837579,0.9212090849411794
ycsb_aserver,1.0,17600.0,0.9185884096708159,0.9189066603841196
ycsb_aserver,2.0,8000.0,0.9435657609007816,0.9441820883721668
ycsb_aserver,2.0,8800.0,0.9446643883169799,0.9448512975150073
ycsb_aserver,4.0,8000.0,0.9620012364917886,0.9623688911649529
ycsb_aserver,4.0,8800.0,0.9618752290193484,0.9622965684733019
ycsb_aserver,8.0,8000.0,0.9747336042614609,0.9750635394599438
ycsb_aserver,8.0,8800.0,0.9744374942996257,0.9744334710577951
ycsb_aserver,16.0,8000.0,0.9838771466772398,0.9840364719562688
ycsb_aserver,16.0,8800.0,0.9845655481420766,0.9845643081775656
ycsb_bserver,1.0,3200.0,0.9443680523987292,0.9451197220871825
ycsb_bserver,1.0,4800.0,0.9416286435626844,0.9419850229282404
ycsb_bserver,1.0,6400.0,0.9389357366151379,0.9407205603684718
ycsb_bserver,1.0,8000.0,0.9380391184729966,0.9389014665526578
ycsb_bserver,1.0,8800.0,0.9388094071666658,0.9397941603819837
ycsb_bserver,1.0,12800.0,0.9380699211429304,0.9387440777696143
ycsb_bserver,1.0,17600.0,0.9369315743010912,0.9383075119787394
ycsb_bserver,2.0,8000.0,0.9614768092577779,0.9621989661074745
ycsb_bserver,2.0,8800.0,0.96131493333565,0.9618113689018121
ycsb_bserver,4.0,8000.0,0.9760497965382682,0.9765898326113697
ycsb_bserver,4.0,8800.0,0.975914704595157,0.9759772095492857
ycsb_bserver,8.0,8000.0,0.9838728072036901,0.9846866434625337
ycsb_bserver,8.0,8800.0,0.9836963880617003,0.9836924150249001
ycsb_bserver,16.0,8000.0,0.9884084277399073,0.9884045899897284
ycsb_bserver,16.0,8800.0,0.9893225206584546,0.989890605782205
ycsb_cserver,1.0,3200.0,0.9463167878897043,0.9471720215633668
ycsb_cserver,1.0,4800.0,0.9429460096280281,0.943006154639043
ycsb_cserver,1.0,6400.0,0.9407845052081032,0.9421634766430496
ycsb_cserver,1.0,8000.0,0.9407823686239348,0.9417532199288533
ycsb_cserver,1.0,8800.0,0.9405082998931807,0.9419253695049131
ycsb_cserver,1.0,12800.0,0.9405511802845045,0.9411464535253158
ycsb_cserver,1.0,17600.0,0.9403250040480239,0.9408898439626263
ycsb_cserver,2.0,8000.0,0.9640427115987166,0.9644767238312266
ycsb_cserver,2.0,8800.0,0.9634539891715465,0.9638735501361094
ycsb_cserver,4.0,8000.0,0.9771902511812313,0.9769353261840654
ycsb_cserver,4.0,8800.0,0.9760458190202034,0.9772136774207151
ycsb_cserver,8.0,8000.0,0.9848452685939015,0.9852233375398131
ycsb_cserver,8.0,8800.0,0.9848758885067261,0.985271011640634
ycsb_cserver,16.0,8000.0,0.9897594154779021,0.9899216076423402
ycsb_cserver,16.0,8800.0,0.9898974724027403,0.990205095908074
ycsb_dserver,1.0,3200.0,0.9545838176441789,0.9548686482974275
ycsb_dserver,1.0,4800.0,0.9533202013960004,0.9533051101635206
ycsb_dserver,1.0,6400.0,0.9515700635279394,0.9520774304488304
ycsb_dserver,1.0,8000.0,0.9508849623685112,0.9516483336671865
ycsb_dserver,1.0,8800.0,0.9516356978601693,0.9517564669420294
ycsb_dserver,1.0,12800.0,0.9513260360257614,0.9520027570478586
ycsb_dserver,1.0,17600.0,0.9493054973333352,0.949507349628546
ycsb_dserver,2.0,8000.0,0.9665347917966677,0.9667676288287887
ycsb_dserver,2.0,8800.0,0.9678859365461295,0.9686235436036925
ycsb_dserver,4.0,8000.0,0.9793530783556721,0.9796969875670811
ycsb_dserver,4.0,8800.0,0.9796026599833664,0.9795110600332683
ycsb_dserver,8.0,8000.0,0.986516293832989,0.9866039109268321
ycsb_dserver,8.0,8800.0,0.9853542204970699,0.9857035926066865
ycsb_dserver,16.0,8000.0,0.9911159426599471,0.9913857115539653
ycsb_dserver,16.0,8800.0,0.9911226631825474,0.9912961883944411
ycsb_eserver,1.0,3200.0,0.9381242657489975,0.9390581559814338
ycsb_eserver,1.0,4800.0,0.9345159876250688,0.9355357789543173
ycsb_eserver,1.0,6400.0,0.9333035832369108,0.9340143880155523
ycsb_eserver,1.0,8000.0,0.9323208235815358,0.9335132193272601
ycsb_eserver,1.0,8800.0,0.9326373685137773,0.9335941321098756
ycsb_eserver,1.0,12800.0,0.932250745013405,0.9331214452941883
ycsb_eserver,1.0,17600.0,0.9313062667302251,0.9319273894269541
ycsb_eserver,2.0,8000.0,0.9560726033584149,0.9566328942583592
ycsb_eserver,2.0,8800.0,0.9557941316690504,0.9571112058240016
ycsb_eserver,4.0,8000.0,0.9731506187142732,0.9739137138608464
ycsb_eserver,4.0,8800.0,0.9732682901624286,0.9743021174216508
ycsb_eserver,8.0,8000.0,0.980865247664019,0.9815322667408374
ycsb_eserver,8.0,8800.0,0.9809643441980583,0.9815008172599147
ycsb_eserver,16.0,8000.0,0.9871540946179426,0.9877043690680644
ycsb_eserver,16.0,8800.0,0.9872094589865409,0.9875235413167021
SPEC2K6 (23),1.0,3200.0,0.9393139425794499,0.9420327234512231
SPEC2K17 (18),1.0,3200.0,0.9631134480002829,0.9649850479225863
TPC (4),1.0,3200.0,0.9573779623530138,0.9618661939592758
Hadoop (3),1.0,3200.0,0.955256455746736,0.9597028416976201
MediaBench (3),1.0,3200.0,0.9759001496213083,0.9776981173370959
YCSB (6),1.0,3200.0,0.9463453935631827,0.9469253242411148
SPEC2K6 (23),1.0,4800.0,0.9230324488651961,0.9273182288909471
SPEC2K17 (18),1.0,4800.0,0.9515974541032092,0.9548414197080692
TPC (4),1.0,4800.0,0.9437256336736024,0.9501614294137419
Hadoop (3),1.0,4800.0,0.9451625666829403,0.9542179136236154
MediaBench (3),1.0,4800.0,0.9724464136581824,0.9756552711165539
YCSB (6),1.0,4800.0,0.9437354897972209,0.9440232659800764
SPEC2K6 (23),1.0,6400.0,0.9172278258958095,0.9220286685498976
SPEC2K17 (18),1.0,6400.0,0.9482727011177229,0.9512144516452238
TPC (4),1.0,6400.0,0.9417801151833433,0.9481123368241585
Hadoop (3),1.0,6400.0,0.9377151171930742,0.949643294686067
MediaBench (3),1.0,6400.0,0.9690641596780998,0.9728457208811583
YCSB (6),1.0,6400.0,0.942074907678481,0.9428335370547359
SPEC2K6 (23),1.0,8000.0,0.9145430215794496,0.9197274037082751
SPEC2K17 (18),1.0,8000.0,0.947607599430694,0.9580489764130514
TPC (4),1.0,8000.0,0.9403861664440832,0.9463513840932691
Hadoop (3),1.0,8000.0,0.9378817577007255,0.9493592870543737
MediaBench (3),1.0,8000.0,0.9672189065497082,0.9710177355628948
YCSB (6),1.0,8000.0,0.9414621616258978,0.9421325619912728
SPEC2K6 (23),1.0,8800.0,0.9146838600436543,0.9197723198757468
SPEC2K17 (18),1.0,8800.0,0.9474889423602643,0.9503885443545063
TPC (4),1.0,8800.0,0.9394826210102761,0.9455462334042999
Hadoop (3),1.0,8800.0,0.9373706244637413,0.9479162020717569
MediaBench (3),1.0,8800.0,0.967589986997461,0.9711561929634327
YCSB (6),1.0,8800.0,0.9417528949804445,0.9424078716933028
SPEC2K6 (23),1.0,12800.0,0.9123778963233704,0.9176958563048855
SPEC2K17 (18),1.0,12800.0,0.9465951622150975,0.9496304945243468
TPC (4),1.0,12800.0,0.938507694740574,0.9443230637387671
Hadoop (3),1.0,12800.0,0.9395596287180996,0.9545103917700896
MediaBench (3),1.0,12800.0,0.9659104075632254,0.9705257900304216
YCSB (6),1.0,12800.0,0.94120946026163,0.9416786940170854
SPEC2K6 (23),1.0,17600.0,0.9102280024577927,0.9157200079901349
SPEC2K17 (18),1.0,17600.0,0.9457088909496901,0.9487707280339894
TPC (4),1.0,17600.0,0.9368057337536061,0.9430165285010017
Hadoop (3),1.0,17600.0,0.9365010510121639,0.9498736420005267
MediaBench (3),1.0,17600.0,0.9650647236020983,0.9694072396639717
YCSB (6),1.0,17600.0,0.9401022181216057,0.9406042755616824
SPEC2K6 (23),2.0,8000.0,0.9266093946895564,0.9312894679225089
SPEC2K17 (18),2.0,8000.0,0.9557893293211133,0.9585615295408777
TPC (4),2.0,8000.0,0.9498287027279181,0.9553807515539221
Hadoop (3),2.0,8000.0,0.949695252219607,0.9649971952227688
MediaBench (3),2.0,8000.0,0.9806688679316994,0.9859513243362473
YCSB (6),2.0,8000.0,0.9616556042883536,0.9620853386220286
SPEC2K6 (23),2.0,8800.0,0.926747718335498,0.9313081484390304
SPEC2K17 (18),2.0,8800.0,0.9633129913897398,0.9598104118768436
TPC (4),2.0,8800.0,0.9498980435012956,0.9550634826701909
Hadoop (3),2.0,8800.0,0.950026233600434,0.9650375708409596
MediaBench (3),2.0,8800.0,0.9810681789641204,0.9862561026954485
YCSB (6),2.0,8800.0,0.961716537242963,0.9622679430304546
SPEC2K6 (23),4.0,8000.0,0.9374593452282951,0.9417611781832824
SPEC2K17 (18),4.0,8000.0,0.9608983055350752,0.9633685543024759
TPC (4),4.0,8000.0,0.9620212981759843,0.9658398734313498
Hadoop (3),4.0,8000.0,0.9638973270175434,0.9773314056733475
MediaBench (3),4.0,8000.0,0.9912738042967862,0.9956248179795433
YCSB (6),4.0,8000.0,0.9756283529246561,0.9759077562864092
SPEC2K6 (23),4.0,8800.0,0.9381247335332995,0.9422225123728454
SPEC2K17 (18),4.0,8800.0,0.9617450758746673,0.9642360082524971
TPC (4),4.0,8800.0,0.9621321893825644,0.9660101279612114
Hadoop (3),4.0,8800.0,0.9644829297515856,0.9779425807593349
MediaBench (3),4.0,8800.0,0.9912223257410402,0.9955356531886917
YCSB (6),4.0,8800.0,0.9755565702974159,0.9759901293049379
SPEC2K6 (23),8.0,8000.0,0.9494214948047837,0.9530289044882849
SPEC2K17 (18),8.0,8000.0,0.9688779355852051,0.9710618426647639
TPC (4),8.0,8000.0,0.9722278358332068,0.9749684680604477
Hadoop (3),8.0,8000.0,0.9757946163024688,0.9859075421298565
MediaBench (3),8.0,8000.0,0.9934188786080039,0.9966443261115223
YCSB (6),8.0,8000.0,0.9833106262116358,0.9836905342083528
SPEC2K6 (23),8.0,8800.0,0.9501218805917151,0.953453193332858
SPEC2K17 (18),8.0,8800.0,0.9695127611948344,0.971608895985385
TPC (4),8.0,8800.0,0.9721252251376207,0.9748173502319476
Hadoop (3),8.0,8800.0,0.9761105010771646,0.9858266634559794
MediaBench (3),8.0,8800.0,0.9934765908908416,0.9969321321891569
YCSB (6),8.0,8800.0,0.9833593629041214,0.9835862635662578
SPEC2K6 (23),16.0,8000.0,0.9624059167241537,0.9651675947108299
SPEC2K17 (18),16.0,8000.0,0.9775027392401967,0.9795013592736944
TPC (4),16.0,8000.0,0.9811355541057449,0.9831440874025735
Hadoop (3),16.0,8000.0,0.9906435720717018,0.991098507638619
MediaBench (3),16.0,8000.0,0.9954452518330459,0.997484356234102
YCSB (6),16.0,8000.0,0.9886054690004905,0.9888102483038361
SPEC2K6 (23),16.0,8800.0,0.9631131712402536,0.965904702464126
SPEC2K17 (18),16.0,8800.0,0.9780205169902497,0.9799560499241302
TPC (4),16.0,8800.0,0.9805692611197006,0.982687718733957
Hadoop (3),16.0,8800.0,0.9846040336672558,0.9912044499496407
MediaBench (3),16.0,8800.0,0.9956304595111568,0.9977019386709874
YCSB (6),16.0,8800.0,0.9891984452970294,0.9894254383064746
