branch_predictor,prefetcher,workload,NRH,Prac Level,ABO_Only,ABO_RFM,TPRAC,TPRAC-TREFper4tREFI,TPRAC-TREFper3tREFI,TPRAC-TREFper2tREFI,TPRAC-TREFpertREFI
hashed_perceptron,spp_dev,401.bzip2,128.0,1.0,0.9953719545879802,1.0526642557909112,1.530930523033111,1.4576289161656424,1.5162842761365347,1.5151248814613298,1.4929228702885344
hashed_perceptron,spp_dev,401.bzip2,256.0,1.0,1.0,1.084305482841411,1.3039157182199235,1.2946619084762891,1.3464722476028999,1.2936874674497227,1.3058355632250853
hashed_perceptron,spp_dev,401.bzip2,512.0,1.0,1.0,1.0432745429758516,1.104313600625747,1.1579580304510624,1.1080973234533242,1.1590430103868044,1.1418308802500623
hashed_perceptron,spp_dev,401.bzip2,1024.0,1.0,1.0,0.9949305174167662,1.1066888384798839,1.0559931208675195,1.0489485387794921,1.0449844020353252,1.0488641950725432
hashed_perceptron,spp_dev,401.bzip2,1024.0,2.0,1.0,0.9949305174167662,1.1066888384798839,,,,
hashed_perceptron,spp_dev,401.bzip2,1024.0,4.0,1.0,0.9949305174167662,1.1066888384798839,,,,
hashed_perceptron,spp_dev,401.bzip2,2048.0,1.0,1.0,1.0312109869811101,1.0528418813551335,1.039588649179288,1.0162881386222626,1.0244321711343531,1.0488641950725432
hashed_perceptron,spp_dev,401.bzip2,4096.0,1.0,1.0,0.9873027244595145,1.0236838817224612,1.0122137488280876,1.0162881386222626,1.0244321711343531,1.0488641950725432
hashed_perceptron,spp_dev,403.gcc,128.0,1.0,1.0022134963263134,1.0111058401923265,1.3185096733052812,1.3160574649560055,1.3168415460809848,1.3201008179555151,1.316685543225054
hashed_perceptron,spp_dev,403.gcc,256.0,1.0,1.005738700203019,1.0045120271702963,1.2169742654697882,1.2093294370382877,1.2083979739916255,1.2155461687046418,1.2068325972644436
hashed_perceptron,spp_dev,403.gcc,512.0,1.0,0.9998901090428817,1.0048803812340776,1.1017907713617756,1.1064263070087488,1.1024718604462895,1.1114371124031857,1.1125166232321242
hashed_perceptron,spp_dev,403.gcc,1024.0,1.0,0.999981712709751,1.0042491831085605,1.0489616017505043,1.0530411159227968,1.051584812365733,1.0479645373731046,1.0563103126768396
hashed_perceptron,spp_dev,403.gcc,1024.0,2.0,1.000423954159271,1.0042491831085605,1.0489616017505043,,,,
hashed_perceptron,spp_dev,403.gcc,1024.0,4.0,1.000005981432761,1.0042491831085605,1.0489616017505043,,,,
hashed_perceptron,spp_dev,403.gcc,2048.0,1.0,1.0,1.0031659954726622,1.0188328820110772,1.0269925182996111,1.0187674701947087,1.02815515633842,1.0563103126768396
hashed_perceptron,spp_dev,403.gcc,4096.0,1.0,1.0,1.003684041227018,1.008653168596202,1.0140736271228532,1.0187674701947087,1.02815515633842,1.0563103126768396
hashed_perceptron,spp_dev,410.bwaves,128.0,1.0,1.0,1.2929182938538708,1.7606941105253817,1.7235907051605015,1.7063960350661347,1.6801169429818128,1.6143237983330745
hashed_perceptron,spp_dev,410.bwaves,256.0,1.0,1.0,1.1386172431699726,1.4104354519258648,1.3852234255130815,1.3875503983596416,1.3743746812555266,1.3240080181790421
hashed_perceptron,spp_dev,410.bwaves,512.0,1.0,1.0,1.0371134717472879,1.173322661799065,1.1567782451635182,1.1574167683139154,1.146379175635221,1.1233034916752709
hashed_perceptron,spp_dev,410.bwaves,1024.0,1.0,1.0,1.010134918340253,2.14756577566921,1.0619531298287843,1.0664477180781844,1.0598895007790776,1.035754995418982
hashed_perceptron,spp_dev,410.bwaves,1024.0,2.0,1.0,1.010134918340253,1.073782887834605,,,,
hashed_perceptron,spp_dev,410.bwaves,1024.0,4.0,1.0,1.010134918340253,1.073782887834605,,,,
hashed_perceptron,spp_dev,410.bwaves,2048.0,1.0,1.0,1.0040246204347496,1.039323496976637,1.0337469891531428,1.0119175385327028,1.0178769121980065,1.035754995418982
hashed_perceptron,spp_dev,410.bwaves,4096.0,1.0,1.0,1.0087723333899241,1.024110286556396,1.0089378517000513,1.0119175385327028,1.0178769121980065,1.035754995418982
hashed_perceptron,spp_dev,416.gamess,128.0,1.0,1.0,0.9995790381125654,1.2347073837784728,1.2385396914934665,1.2400045215633997,1.2425395269873263,1.250511806227239
hashed_perceptron,spp_dev,416.gamess,256.0,1.0,1.0,0.9994094536528443,1.158627640104307,1.1624533493284122,1.164414038771223,1.168557631658879,1.1764494590459293
hashed_perceptron,spp_dev,416.gamess,512.0,1.0,1.0,1.0001005139269843,1.079076713166707,1.0844596179690063,1.0840381022388015,1.088128961692803,1.095572603913109
hashed_perceptron,spp_dev,416.gamess,1024.0,1.0,1.0,0.9999823415957375,1.0376696483364607,1.0415130469802494,1.0427683604868843,1.0458925866862325,1.0563700471572122
hashed_perceptron,spp_dev,416.gamess,1024.0,2.0,1.0,0.9999823415957375,1.0376696483364607,,,,
hashed_perceptron,spp_dev,416.gamess,1024.0,4.0,1.0,0.9999823415957375,1.0376696483364607,,,,
hashed_perceptron,spp_dev,416.gamess,2048.0,1.0,1.0,1.0,1.016763427064627,1.0209532287606422,1.018784498655321,1.028180902007452,1.0563700471572122
hashed_perceptron,spp_dev,416.gamess,4096.0,1.0,1.0,1.0,1.0070467110374275,1.0140904510037259,1.018784498655321,1.028180902007452,1.0563700471572122
hashed_perceptron,spp_dev,429.mcf,128.0,1.0,0.9987389409662059,1.2011238490584168,1.6161111870527902,1.607391274399295,1.5761522962805683,1.5574963855888284,1.5011892402974842
hashed_perceptron,spp_dev,429.mcf,256.0,1.0,1.0000193097499392,1.099565188109511,1.3505354545259296,1.3159388483156318,1.3212444724432837,1.3074329647003424,1.271530636934618
hashed_perceptron,spp_dev,429.mcf,512.0,1.0,1.0,1.0315166174848158,1.13355058758405,1.132837345975757,1.1211282179367044,1.127244503135045,1.0972335462012626
hashed_perceptron,spp_dev,429.mcf,1024.0,1.0,1.0,1.0174054601392264,1.0701466821392118,1.0569437800397834,1.0455605516966555,1.0427750339145194,1.0339831631563718
hashed_perceptron,spp_dev,429.mcf,1024.0,2.0,1.0,1.0174054601392264,1.0701466821392118,,,,
hashed_perceptron,spp_dev,429.mcf,1024.0,4.0,1.0,1.0174054601392264,1.0701466821392118,,,,
hashed_perceptron,spp_dev,429.mcf,2048.0,1.0,1.0,1.0021679287676717,1.0244112748041097,1.0216730853297762,1.0113277286796076,1.0169908607809708,1.0339831631563718
hashed_perceptron,spp_dev,429.mcf,4096.0,1.0,1.0,0.9992078429338632,1.0106845495846153,1.0084954303904854,1.0113277286796076,1.0169908607809708,1.0339831631563718
hashed_perceptron,spp_dev,433.milc,128.0,1.0,1.0008135839060506,1.2841301924343334,1.7430034952519433,1.7109508084247431,1.6087623171492358,1.684145427024045,1.552051277345899
hashed_perceptron,spp_dev,433.milc,256.0,1.0,1.0,1.0991949717507377,1.4239797711377742,1.3446020953519084,1.335848631013603,1.3166777106805927,1.2790720995804155
hashed_perceptron,spp_dev,433.milc,512.0,1.0,1.0,0.9887309126486135,1.1351117138779314,1.135883029239276,1.1557563105517772,1.123526071187805,1.1349120352478483
hashed_perceptron,spp_dev,433.milc,1024.0,1.0,1.0,1.0071898989548564,1.085688845865373,1.084237192204458,1.0205892247313069,1.0215809456858438,1.0352551203508393
hashed_perceptron,spp_dev,433.milc,1024.0,2.0,1.0,1.0071898989548564,1.085688845865373,,,,
hashed_perceptron,spp_dev,433.milc,1024.0,4.0,1.0,1.0071898989548564,1.085688845865373,,,,
hashed_perceptron,spp_dev,433.milc,2048.0,1.0,1.0,1.020556625381176,1.0107422475802912,1.0188160309661878,1.0117513870458341,1.0176273232156032,1.0352551203508393
hashed_perceptron,spp_dev,433.milc,4096.0,1.0,1.0,0.9978132581905668,1.0263853442014994,1.0088134189609497,1.0117513870458341,1.0176273232156032,1.0352551203508393
hashed_perceptron,spp_dev,435.gromacs,128.0,1.0,1.0,1.002147656592616,1.279292451000114,1.2806642340147394,1.2813028392257477,1.284089152445765,1.287944541554567
hashed_perceptron,spp_dev,435.gromacs,256.0,1.0,1.0,1.0017608500468995,1.1894614111753306,1.1917421199007059,1.1929765722997265,1.2014780449432627,1.2020451549222033
hashed_perceptron,spp_dev,435.gromacs,512.0,1.0,1.0,1.0006006076175584,1.0956659190611442,1.0967317622667965,1.0983379032716938,1.0993541103426032,1.1041725554379895
hashed_perceptron,spp_dev,435.gromacs,1024.0,1.0,1.0,0.9986727079147996,1.0434860373482084,1.0499996049064513,1.0461699503790889,1.0491457564099391,1.0576823030073865
hashed_perceptron,spp_dev,435.gromacs,1024.0,2.0,1.0,0.9986727079147996,1.0434860373482084,,,,
hashed_perceptron,spp_dev,435.gromacs,1024.0,4.0,1.0,0.9986727079147996,1.0434860373482084,,,,
hashed_perceptron,spp_dev,435.gromacs,2048.0,1.0,1.0,0.9995147607094222,1.0198753787907084,1.0222555816765522,1.0192274343357954,1.0288368190489083,1.0576823030073865
hashed_perceptron,spp_dev,435.gromacs,4096.0,1.0,1.0,1.0000647855267082,1.008392271320603,1.0144184095244542,1.0192274343357954,1.0288368190489083,1.0576823030073865
hashed_perceptron,spp_dev,436.cactusADM,128.0,1.0,1.0137310493352159,1.2095085467347497,1.5946149606117002,1.5540756917431642,1.5476554077641358,1.5338361891051902,1.4800764924631313
hashed_perceptron,spp_dev,436.cactusADM,256.0,1.0,1.0,1.118466067140484,1.3478755940557539,1.3124841189632803,1.3185081743102576,1.3101037680521783,1.2725105487687616
hashed_perceptron,spp_dev,436.cactusADM,512.0,1.0,1.0,1.0417242136177265,1.1447708483987857,1.1470872037241449,1.129707418323964,1.121338124469562,1.120147042309356
hashed_perceptron,spp_dev,436.cactusADM,1024.0,1.0,1.0,1.0214857075009955,1.0700099047989151,1.066587144352712,1.060138883701733,1.0566885908775714,1.035034241456892
hashed_perceptron,spp_dev,436.cactusADM,1024.0,2.0,1.0,1.0214857075009955,1.0700099047989151,,,,
hashed_perceptron,spp_dev,436.cactusADM,1024.0,4.0,1.0,1.0214857075009955,1.0700099047989151,,,,
hashed_perceptron,spp_dev,436.cactusADM,2048.0,1.0,1.0,1.0205697563474514,1.040759638216653,1.0289643722813377,1.011677357399596,1.0175171379447803,1.035034241456892
hashed_perceptron,spp_dev,436.cactusADM,4096.0,1.0,1.0,1.0045967807388392,1.0222123708469206,1.0087574671270043,1.011677357399596,1.0175171379447803,1.035034241456892
hashed_perceptron,spp_dev,437.leslie3d,128.0,1.0,0.9958076295371897,1.2693375992939113,1.7325686624251542,1.697702959066235,1.7409079486588626,1.7043792549781733,1.6087368422884296
hashed_perceptron,spp_dev,437.leslie3d,256.0,1.0,1.0,1.1050799049407694,1.38082712412686,1.339085750717575,1.3843740851352826,1.357233899451395,1.3453116533486102
hashed_perceptron,spp_dev,437.leslie3d,512.0,1.0,1.0,1.0175909457116135,1.123490060278098,1.1519573732437554,1.1112472558444733,1.094105896953807,1.1112278635070962
hashed_perceptron,spp_dev,437.leslie3d,1024.0,1.0,1.0,1.0069044841505856,1.0542476141713517,1.0442040088513196,1.0194968504997624,1.0297460645022511,1.0375438871754288
hashed_perceptron,spp_dev,437.leslie3d,1024.0,2.0,1.0,1.0069044841505856,1.0542476141713517,,,,
hashed_perceptron,spp_dev,437.leslie3d,1024.0,4.0,1.0,1.0069044841505856,1.0542476141713517,,,,
hashed_perceptron,spp_dev,437.leslie3d,2048.0,1.0,1.0,0.9787681692599528,1.0070461063296638,0.9629659719093518,1.0125130685619688,1.0187719435877143,1.0375438871754288
hashed_perceptron,spp_dev,437.leslie3d,4096.0,1.0,1.0,0.9688124965758962,0.9443835037755559,1.0093848014214766,1.0125130685619688,1.0187719435877143,1.0375438871754288
hashed_perceptron,spp_dev,444.namd,128.0,1.0,1.0,1.0125076033706228,1.3137837593566997,1.3041275769264058,1.307047109942797,1.3195906723097883,1.2978040552291108
hashed_perceptron,spp_dev,444.namd,256.0,1.0,1.0,1.004245489096742,1.200166172514368,1.1941325661325226,1.1996778417746798,1.1998574354651061,1.2032590248372697
hashed_perceptron,spp_dev,444.namd,512.0,1.0,1.0,1.0020200526721625,1.096284374105444,1.0958376527797462,1.1003237360776446,1.1014012248392264,1.100514657170711
hashed_perceptron,spp_dev,444.namd,1024.0,1.0,1.0,1.004178187904679,1.0440721958033654,1.0489729115053419,1.0462543222193301,1.0480969626542698,1.0557419142400353
hashed_perceptron,spp_dev,444.namd,1024.0,2.0,1.0,1.004178187904679,1.0440721958033654,,,,
hashed_perceptron,spp_dev,444.namd,1024.0,4.0,1.0,1.004178187904679,1.0440721958033654,,,,
hashed_perceptron,spp_dev,444.namd,2048.0,1.0,1.0,0.9999572572770147,1.0225018479201315,1.0226805375526506,1.01857462506815,1.027872008722989,1.0557419142400353
hashed_perceptron,spp_dev,444.namd,4096.0,1.0,1.0,0.9989630193810702,1.0087225598497278,1.0139368132868571,1.01857462506815,1.027872008722989,1.0557419142400353
hashed_perceptron,spp_dev,445.gobmk,128.0,1.0,1.0,1.0015905496280604,1.2645348382029669,1.2681128007788014,1.266042916893761,1.2680777627720072,1.274318235009504
hashed_perceptron,spp_dev,445.gobmk,256.0,1.0,1.0,1.002236035205059,1.1780290506086415,1.1778175882539992,1.1815766127880722,1.1834494852413808,1.1900812194086636
hashed_perceptron,spp_dev,445.gobmk,512.0,1.0,1.0,1.0022125030701312,1.0856481817169563,1.0903650341263809,1.0916099132578403,1.0929000870230858,1.098948535471261
hashed_perceptron,spp_dev,445.gobmk,1024.0,1.0,1.0,0.9993800697384718,1.041938935488122,1.0432733231065279,1.0445017878073821,1.0475138457640158,1.0564417460145352
hashed_perceptron,spp_dev,445.gobmk,1024.0,2.0,1.0,0.9993800697384718,1.041938935488122,,,,
hashed_perceptron,spp_dev,445.gobmk,1024.0,4.0,1.0,0.9993800697384718,1.041938935488122,,,,
hashed_perceptron,spp_dev,445.gobmk,2048.0,1.0,1.0,0.9981370940492221,1.0190743279327856,1.0218140527391042,1.0188139375680463,1.0282209063520695,1.0564417460145352
hashed_perceptron,spp_dev,445.gobmk,4096.0,1.0,1.0,1.0,1.0086482046181033,1.0141104531760348,1.0188139375680463,1.0282209063520695,1.0564417460145352
hashed_perceptron,spp_dev,447.dealII,128.0,1.0,1.0,1.0138234130687904,1.2635046465566844,1.2608366929150134,1.2602373233993691,1.2628473016274757,1.2662019851624586
hashed_perceptron,spp_dev,447.dealII,256.0,1.0,1.0,1.0053341650565366,1.1701977830601782,1.1744846112536775,1.1744758763672534,1.1756393995620282,1.183713350148469
hashed_perceptron,spp_dev,447.dealII,512.0,1.0,1.0,1.0026588261427731,1.08426458458178,1.0864547965820832,1.0881211796535717,1.0905640661674414,1.0980200878754611
hashed_perceptron,spp_dev,447.dealII,1024.0,1.0,1.0,1.0014951351855874,1.04007966317399,1.043953059374406,1.0451390881844567,1.046175877767177,1.0556055623672704
hashed_perceptron,spp_dev,447.dealII,1024.0,2.0,1.0,1.0014951351855874,1.04007966317399,,,,
hashed_perceptron,spp_dev,447.dealII,1024.0,4.0,1.0,1.0014951351855874,1.04007966317399,,,,
hashed_perceptron,spp_dev,447.dealII,2048.0,1.0,1.0,1.0014307025117113,1.0199458189484403,1.023519984761335,1.0185327361732788,1.027803579006706,1.0556055623672704
hashed_perceptron,spp_dev,447.dealII,4096.0,1.0,1.0,1.0000037155557984,1.0082012277601033,1.0138973841324843,1.0185327361732788,1.027803579006706,1.0556055623672704
hashed_perceptron,spp_dev,450.soplex,128.0,1.0,1.044980560081056,1.2113383205626416,1.6760213428510073,1.6504631411566288,1.6295768999501097,1.6272740944214872,1.542111441768377
hashed_perceptron,spp_dev,450.soplex,256.0,1.0,0.9991279462261637,1.089767689682542,1.364225037205834,1.3364232844953867,1.3295868871624648,1.358512574373831,1.3055284364527528
hashed_perceptron,spp_dev,450.soplex,512.0,1.0,0.9999182708959358,1.0274461195057054,1.1363476372256482,1.1446344555691217,1.1518581851863703,1.1324619408847987,1.1203803572365474
hashed_perceptron,spp_dev,450.soplex,1024.0,1.0,1.0,1.0250607581724092,1.074594336155932,1.0743103253943196,1.0544427260491984,1.0447577607664242,1.0378602398900167
hashed_perceptron,spp_dev,450.soplex,1024.0,2.0,1.0,1.0250607581724092,1.074594336155932,,,,
hashed_perceptron,spp_dev,450.soplex,1024.0,4.0,1.0,1.0250607581724092,1.074594336155932,,,,
hashed_perceptron,spp_dev,450.soplex,2048.0,1.0,1.0,1.005858680129833,1.0339653734063947,1.0404101677305517,1.0126197309567029,1.0189301199450085,1.0378602398900167
hashed_perceptron,spp_dev,450.soplex,4096.0,1.0,1.0,0.9844281578072538,1.0117075209063928,1.0094650599725041,1.0126197309567029,1.0189301199450085,1.0378602398900167
hashed_perceptron,spp_dev,453.povray,128.0,1.0,1.0,1.0002778501303373,1.2334291385397584,1.2376583149903495,1.2388131499867563,1.241676492377741,1.2495076826990632
hashed_perceptron,spp_dev,453.povray,256.0,1.0,1.0,1.0001785295933148,1.158429993011423,1.162977409829011,1.1635984466247067,1.1682881189086198,1.1764634476221205
hashed_perceptron,spp_dev,453.povray,512.0,1.0,1.0,0.999867844445895,1.0787867653881626,1.0834127534126494,1.0841494572946488,1.0881188751931647,1.0967406293997475
hashed_perceptron,spp_dev,453.povray,1024.0,1.0,1.0,0.9996561133527279,1.0374714688364466,1.04230676800023,1.0426449328260912,1.046102176741514,1.056337757611286
hashed_perceptron,spp_dev,453.povray,1024.0,2.0,1.0,0.9996561133527279,1.0374714688364466,,,,
hashed_perceptron,spp_dev,453.povray,1024.0,4.0,1.0,0.9996561133527279,1.0374714688364466,,,,
hashed_perceptron,spp_dev,453.povray,2048.0,1.0,1.0,1.0,1.0178601866468455,1.0221013190165948,1.0187792728462135,1.02816890926932,1.056337757611286
hashed_perceptron,spp_dev,453.povray,4096.0,1.0,1.0,1.0,1.007895386821731,1.01408445463466,1.0187792728462135,1.02816890926932,1.056337757611286
hashed_perceptron,spp_dev,454.calculix,128.0,1.0,1.0,1.0006570026834243,1.232557446168146,1.236598279429569,1.2374255739305566,1.2401056140576665,1.2479521109833822
hashed_perceptron,spp_dev,454.calculix,256.0,1.0,1.0,1.0005450143330568,1.1566332111128415,1.161131638397286,1.1620122883534505,1.1668805489697895,1.174589723431479
hashed_perceptron,spp_dev,454.calculix,512.0,1.0,1.0,1.0002405186772536,1.0778055858258029,1.0824584867507068,1.0829128008284112,1.086700342330968,1.0959660806928913
hashed_perceptron,spp_dev,454.calculix,1024.0,1.0,1.0,1.0000721559535153,1.0370170748976355,1.0416743538173838,1.0427923304652729,1.0449063500081726,1.0561290828082168
hashed_perceptron,spp_dev,454.calculix,1024.0,2.0,1.0,1.0000721559535153,1.0370170748976355,,,,
hashed_perceptron,spp_dev,454.calculix,1024.0,4.0,1.0,1.0000721559535153,1.0370170748976355,,,,
hashed_perceptron,spp_dev,454.calculix,2048.0,1.0,1.0,1.0,1.0175696518251969,1.0222201677045952,1.0187106106872375,1.028060336663468,1.0561290828082168
hashed_perceptron,spp_dev,454.calculix,4096.0,1.0,1.0,1.0,1.0083354811713543,1.0140254784287122,1.0187106106872375,1.028060336663468,1.0561290828082168
hashed_perceptron,spp_dev,456.hmmer,128.0,1.0,1.0001779489734497,1.0197131036566363,1.3051075440935456,1.30407876150891,1.3049164638989295,1.3033515018571018,1.3026676358951041
hashed_perceptron,spp_dev,456.hmmer,256.0,1.0,1.0,1.0077365400448652,1.1990312745257607,1.2004798636023943,1.2004840135508588,1.2026743232293948,1.2044947919383069
hashed_perceptron,spp_dev,456.hmmer,512.0,1.0,1.0,1.0019983792402818,1.0979649213950997,1.0993103176797678,1.098207456629021,1.101097171205036,1.1033567646423348
hashed_perceptron,spp_dev,456.hmmer,1024.0,1.0,1.0,1.000875197750313,1.044701869652435,1.0461760994413414,1.047482175143732,1.047411715766269,1.0543309732026414
hashed_perceptron,spp_dev,456.hmmer,1024.0,2.0,1.0,1.000875197750313,1.044701869652435,,,,
hashed_perceptron,spp_dev,456.hmmer,1024.0,4.0,1.0,1.000875197750313,1.044701869652435,,,,
hashed_perceptron,spp_dev,456.hmmer,2048.0,1.0,1.0,1.0008812064904402,1.0199456752095075,1.0243958117391065,1.0181055249348279,1.0271655729917097,1.0543309732026414
hashed_perceptron,spp_dev,456.hmmer,4096.0,1.0,1.0,0.9991106865006433,1.0097074085237172,1.0135791868963153,1.0181055249348279,1.0271655729917097,1.0543309732026414
hashed_perceptron,spp_dev,458.sjeng,128.0,1.0,1.0,1.024675611957917,1.459617473527651,1.4517157759975146,1.4553122301729076,1.441152710017693,1.4235022202969274
hashed_perceptron,spp_dev,458.sjeng,256.0,1.0,1.0,1.0078776570417833,1.3035220514218577,1.3014344883357276,1.2941870678191982,1.2982585985198738,1.2788057895265417
hashed_perceptron,spp_dev,458.sjeng,512.0,1.0,1.0,1.0108338266858745,1.1391077592402046,1.137699813508276,1.1345921653860118,1.1353576950349675,1.13360513125193
hashed_perceptron,spp_dev,458.sjeng,1024.0,1.0,1.0,1.0012869019331583,1.0651799442020127,1.0627494179101626,1.0604339013712127,1.0580074599157054,1.0561849794282538
hashed_perceptron,spp_dev,458.sjeng,1024.0,2.0,1.0,1.0012869019331583,1.0651799442020127,,,,
hashed_perceptron,spp_dev,458.sjeng,1024.0,4.0,1.0,1.0012869019331583,1.0651799442020127,,,,
hashed_perceptron,spp_dev,458.sjeng,2048.0,1.0,1.0,1.000878018834885,1.0304531136791255,1.028016903915911,1.0187283264760847,1.0280894931818907,1.0561849794282538
hashed_perceptron,spp_dev,458.sjeng,4096.0,1.0,1.0,1.0002998933639418,1.0223420092356177,1.0140417500587093,1.0187283264760847,1.0280894931818907,1.0561849794282538
hashed_perceptron,spp_dev,459.GemsFDTD,128.0,1.0,1.0031107283935707,1.0751114808846172,1.6497070572668513,1.633060578405874,1.6151628413078147,1.5766158692183383,1.549443576855557
hashed_perceptron,spp_dev,459.GemsFDTD,256.0,1.0,1.0,1.0633977108045174,1.3632024921562151,1.3522641549606493,1.331428057971071,1.334852808236559,1.2884145393765112
hashed_perceptron,spp_dev,459.GemsFDTD,512.0,1.0,1.0,1.0131905513499786,1.1430603917997506,1.1451109429680075,1.142125560882989,1.1432600795724486,1.1213485456522896
hashed_perceptron,spp_dev,459.GemsFDTD,1024.0,1.0,1.0,1.0114710242400342,1.0655067735377657,1.0617311155590055,1.047247570715487,1.058723067782263,1.0456965924721977
hashed_perceptron,spp_dev,459.GemsFDTD,1024.0,2.0,1.0,1.0114710242400342,1.0655067735377657,,,,
hashed_perceptron,spp_dev,459.GemsFDTD,1024.0,4.0,1.0,1.0114710242400342,1.0655067735377657,,,,
hashed_perceptron,spp_dev,459.GemsFDTD,2048.0,1.0,1.0,0.9933037639152704,1.02735621663954,1.0234900477289235,1.0152313509622657,1.022847642587536,1.0456965924721977
hashed_perceptron,spp_dev,459.GemsFDTD,4096.0,1.0,1.0,1.0033207039148953,1.0178738680976491,1.0114238695137439,1.0152313509622657,1.022847642587536,1.0456965924721977
hashed_perceptron,spp_dev,464.h264ref,128.0,1.0,1.0035412645195754,1.1003710905175332,1.4535660417247602,1.4496582480787197,1.4548622856388032,1.411620918638085,1.4034013699298535
hashed_perceptron,spp_dev,464.h264ref,256.0,1.0,1.0,1.0398879394848242,1.272489603407381,1.2690460564118378,1.2602149044515387,1.2488835411788575,1.271087166850314
hashed_perceptron,spp_dev,464.h264ref,512.0,1.0,1.0,1.0096843790727452,1.1321730951480968,1.1360540938385884,1.14557259467703,1.1130392183479947,1.117836805541042
hashed_perceptron,spp_dev,464.h264ref,1024.0,1.0,1.0,1.0110956535045243,1.074081897520127,1.0558300781789927,1.0665523813590994,1.0556843386648564,1.0526363011599786
hashed_perceptron,spp_dev,464.h264ref,1024.0,2.0,1.0,1.0110956535045243,1.074081897520127,,,,
hashed_perceptron,spp_dev,464.h264ref,1024.0,4.0,1.0,1.0110956535045243,1.074081897520127,,,,
hashed_perceptron,spp_dev,464.h264ref,2048.0,1.0,1.0,0.9964164868596582,1.0526059036918882,1.0380661294675195,1.0175454692222965,1.0263181772067171,1.0526363011599786
hashed_perceptron,spp_dev,464.h264ref,4096.0,1.0,1.0,1.024155153224596,1.0385179563801534,1.0131556803822095,1.0175454692222965,1.0263181772067171,1.0526363011599786
hashed_perceptron,spp_dev,465.tonto,128.0,1.0,1.0000097858003372,1.003186309205119,1.2837899201718896,1.285433095642157,1.28615396832963,1.288716439814191,1.2931122827860324
hashed_perceptron,spp_dev,465.tonto,256.0,1.0,1.0,1.0041049084021192,1.191911588472084,1.1928462564220712,1.196312820203466,1.1982117964131402,1.2025606562602542
hashed_perceptron,spp_dev,465.tonto,512.0,1.0,1.0,1.0004926021440308,1.0960659016645027,1.0985212421054742,1.097699733394085,1.0996575341789065,1.1046092521059598
hashed_perceptron,spp_dev,465.tonto,1024.0,1.0,1.0,1.0004667006007668,1.0446753981144346,1.046209504809746,1.0481785546061537,1.049861314505315,1.0570913165071432
hashed_perceptron,spp_dev,465.tonto,1024.0,2.0,1.0,1.0004667006007668,1.0446753981144346,,,,
hashed_perceptron,spp_dev,465.tonto,1024.0,4.0,1.0,1.0004667006007668,1.0446753981144346,,,,
hashed_perceptron,spp_dev,465.tonto,2048.0,1.0,1.0,0.9994462901297868,1.0199039750376786,1.0248405101101712,1.0190275133262854,1.028541269989428,1.0570913165071432
hashed_perceptron,spp_dev,465.tonto,4096.0,1.0,1.0,1.0006555832957806,1.009481197380672,1.014270634994714,1.0190275133262854,1.028541269989428,1.0570913165071432
hashed_perceptron,spp_dev,470.lbm,128.0,1.0,1.0,1.2823805551522593,1.620128331181776,1.5984800420567928,1.5774762341045017,1.5595538859596434,1.5008593720285142
hashed_perceptron,spp_dev,470.lbm,256.0,1.0,1.0,1.1327786771674886,1.3299691145935209,1.3166680376174082,1.3150128963006906,1.3004325622767967,1.2731934698191294
hashed_perceptron,spp_dev,470.lbm,512.0,1.0,1.0,1.0464091789917542,1.1386549703721254,1.1311034252503795,1.1228450802250678,1.1226507314912866,1.0974158701976828
hashed_perceptron,spp_dev,470.lbm,1024.0,1.0,1.0,1.0200170502964523,1.060401954725507,1.0551592603235567,1.0514058337898502,1.0428684427525956,1.030395429902958
hashed_perceptron,spp_dev,470.lbm,1024.0,2.0,1.0,1.0200170502964523,1.060401954725507,,,,
hashed_perceptron,spp_dev,470.lbm,1024.0,4.0,1.0,1.0200170502964523,1.060401954725507,,,,
hashed_perceptron,spp_dev,470.lbm,2048.0,1.0,1.0,1.0030499383212872,1.0286689573060877,1.0213898643670245,1.0101308046283028,1.015197714951479,1.030395429902958
hashed_perceptron,spp_dev,470.lbm,4096.0,1.0,1.0,1.0057086766761683,1.014253467118094,1.0075988574757393,1.0101308046283028,1.015197714951479,1.030395429902958
hashed_perceptron,spp_dev,471.omnetpp,128.0,1.0,1.0094301556621907,1.140563165055992,1.6385726321879912,1.6132134787068801,1.589022651810871,1.5692683032980614,1.5225650141844667
hashed_perceptron,spp_dev,471.omnetpp,256.0,1.0,0.9992629826820053,1.0698257041065689,1.348219054800807,1.329822658982109,1.3212036819946875,1.3183873702101523,1.2916364592535514
hashed_perceptron,spp_dev,471.omnetpp,512.0,1.0,1.000786211927228,1.026663766525891,1.1437748993435435,1.13850074580062,1.1360304091363926,1.1291592066795548,1.1167928237424312
hashed_perceptron,spp_dev,471.omnetpp,1024.0,1.0,1.0,1.012911480978267,1.0689417315629688,1.0629644962116875,1.060038149414238,1.0562211352439728,1.0406082952273232
hashed_perceptron,spp_dev,471.omnetpp,1024.0,2.0,1.0,1.012911480978267,1.0689417315629688,,,,
hashed_perceptron,spp_dev,471.omnetpp,1024.0,4.0,1.0,1.012911480978267,1.0689417315629688,,,,
hashed_perceptron,spp_dev,471.omnetpp,2048.0,1.0,1.0,1.0072551098691358,1.0369090925124884,1.0225558937742074,1.0135356561974642,1.0203041476136616,1.0406082952273232
hashed_perceptron,spp_dev,471.omnetpp,4096.0,1.0,1.0,1.0027169153703717,1.0193931558692881,1.0101514104893654,1.0135356561974642,1.0203041476136616,1.0406082952273232
hashed_perceptron,spp_dev,473.astar,128.0,1.0,1.0,1.044402974509693,1.49006907653675,1.4470989655850457,1.4810907882370246,1.4588145600110627,1.4283360558203073
hashed_perceptron,spp_dev,473.astar,256.0,1.0,1.0,1.013640151880894,1.29118495428237,1.2863829058215916,1.2961288746152453,1.2756842029836275,1.27468430818438
hashed_perceptron,spp_dev,473.astar,512.0,1.0,1.0,1.00360368355833,1.1250533799284381,1.131024538906562,1.1264302769103247,1.1244084568303743,1.115391627124705
hashed_perceptron,spp_dev,473.astar,1024.0,1.0,1.0,1.0095262835450385,1.073015489222184,1.0599347095314722,1.0617739804683344,1.058473852740684,1.0497344195161278
hashed_perceptron,spp_dev,473.astar,1024.0,2.0,1.0,1.0095262835450385,1.073015489222184,,,,
hashed_perceptron,spp_dev,473.astar,1024.0,4.0,1.0,1.0095262835450385,1.073015489222184,,,,
hashed_perceptron,spp_dev,473.astar,2048.0,1.0,1.0,0.9871652187660078,1.0232157237381838,1.0248970442223528,1.0165782064628028,1.0248673096942045,1.0497344195161278
hashed_perceptron,spp_dev,473.astar,4096.0,1.0,1.0,0.9981281197572855,1.0078663116906523,1.0124336548471022,1.0165782064628028,1.0248673096942045,1.0497344195161278
hashed_perceptron,spp_dev,481.wrf,128.0,1.0,1.0,1.0332433914001418,1.3075456906545675,1.3235665766387612,1.3215178892379746,1.3234752297011523,1.311563994424145
hashed_perceptron,spp_dev,481.wrf,256.0,1.0,1.0,1.018069556435741,1.2071404840320668,1.2015039613841556,1.213537000277053,1.2124978230596661,1.2033412886274417
hashed_perceptron,spp_dev,481.wrf,512.0,1.0,1.0,1.0018146091189934,1.107113192286818,1.1054069325531317,1.099352075135172,1.104142769895003,1.0994293011734866
hashed_perceptron,spp_dev,481.wrf,1024.0,1.0,1.0,0.9992874110428223,1.0489578590752198,1.0502414019393318,1.0451225200945273,1.0497573218156913,1.0516473546392349
hashed_perceptron,spp_dev,481.wrf,1024.0,2.0,1.0,0.9992874110428223,1.0489578590752198,,,,
hashed_perceptron,spp_dev,481.wrf,1024.0,4.0,1.0,0.9992874110428223,1.0489578590752198,,,,
hashed_perceptron,spp_dev,481.wrf,2048.0,1.0,1.0,1.001091132023025,1.0157608157907678,1.025053188325873,1.0172158237297226,1.0258236773196174,1.0516473546392349
hashed_perceptron,spp_dev,481.wrf,4096.0,1.0,1.0,0.9965341919438899,1.0150794400740701,1.012911867797292,1.0172158237297226,1.0258236773196174,1.0516473546392349
hashed_perceptron,spp_dev,482.sphinx3,128.0,1.0,1.0102342570502647,1.3202168913075167,1.839818455301276,1.7534030663620404,1.746020822283047,1.680975888143643,1.635004646446341
hashed_perceptron,spp_dev,482.sphinx3,256.0,1.0,0.9985583643276836,1.0963093389103324,1.4193149154979534,1.392850334815074,1.4335248836895587,1.4001797994705283,1.292562701916822
hashed_perceptron,spp_dev,482.sphinx3,512.0,1.0,0.997907010739266,1.045339560500657,1.1828893508730032,1.1835188919033988,1.1573041933510166,1.1509805309675802,1.1397639408076392
hashed_perceptron,spp_dev,482.sphinx3,1024.0,1.0,1.0,1.001418014948705,1.0822252268643866,1.083679445664797,1.0924456766415127,1.0639890901762572,1.0368819504575901
hashed_perceptron,spp_dev,482.sphinx3,1024.0,2.0,1.0,1.001418014948705,1.0822252268643866,,,,
hashed_perceptron,spp_dev,482.sphinx3,1024.0,4.0,1.0,1.001418014948705,1.0822252268643866,,,,
hashed_perceptron,spp_dev,482.sphinx3,2048.0,1.0,1.0,0.9978482969039674,1.063452424236625,1.034119193147179,1.0122937104404455,1.0184410198352247,1.0368819504575901
hashed_perceptron,spp_dev,482.sphinx3,4096.0,1.0,1.0,1.0109215870236699,1.0320792399709213,1.0092200841289656,1.0122937104404455,1.0184410198352247,1.0368819504575901
hashed_perceptron,spp_dev,483.xalancbmk,128.0,1.0,0.9996561714762624,1.1215267360731969,1.7412061662546885,1.700174796382049,1.6916518516520076,1.6647930280995498,1.6016002386194084
hashed_perceptron,spp_dev,483.xalancbmk,256.0,1.0,0.9998223433192669,1.0537354446913418,1.3972840641343802,1.3765986982733636,1.36851453905805,1.363878111341619,1.3265419353905201
hashed_perceptron,spp_dev,483.xalancbmk,512.0,1.0,1.0002209177479466,1.0197425881096924,1.161646837549545,1.1558390214230199,1.1486799967567394,1.1449726699141654,1.1295178295692314
hashed_perceptron,spp_dev,483.xalancbmk,1024.0,1.0,1.0,1.0062089660520424,1.0723830383632114,1.0653488127231499,1.0639723604120386,1.0537460922876993,1.0437649917661729
hashed_perceptron,spp_dev,483.xalancbmk,1024.0,2.0,1.0,1.0062089660520424,1.0723830383632114,,,,
hashed_perceptron,spp_dev,483.xalancbmk,1024.0,4.0,1.0,1.0062089660520424,1.0723830383632114,,,,
hashed_perceptron,spp_dev,483.xalancbmk,2048.0,1.0,1.0,1.0050171550334286,1.0342029552169971,1.0263022035376157,1.0145878063189555,1.0218824958830866,1.0437649917661729
hashed_perceptron,spp_dev,483.xalancbmk,4096.0,1.0,1.0,1.0017762258943574,1.016491393046571,1.0109412479415432,1.0145878063189555,1.0218824958830866,1.0437649917661729
hashed_perceptron,spp_dev,600.perlbench,128.0,1.0,1.0,1.0031356273018968,1.2578279528045593,1.2615735379931465,1.2605075893175275,1.262966245496638,1.2684419547601595
hashed_perceptron,spp_dev,600.perlbench,256.0,1.0,1.0,1.001474385815304,1.1712784757121748,1.1750838508440036,1.1760777374881577,1.179260126879711,1.1850930450739823
hashed_perceptron,spp_dev,600.perlbench,512.0,1.0,1.0,1.0007466030725762,1.084783938674347,1.0875932429720285,1.087051838634177,1.092414931370737,1.1000389384095457
hashed_perceptron,spp_dev,600.perlbench,1024.0,1.0,1.0,0.999467874819832,1.0383832401157789,1.0443409688025118,1.0443090326922568,1.045593514302701,1.0561437093729593
hashed_perceptron,spp_dev,600.perlbench,1024.0,2.0,1.0,0.999467874819832,1.0383832401157789,,,,
hashed_perceptron,spp_dev,600.perlbench,1024.0,4.0,1.0,0.999467874819832,1.0383832401157789,,,,
hashed_perceptron,spp_dev,600.perlbench,2048.0,1.0,1.0,1.00076269076071,1.0180633855019474,1.0222044509421355,1.0187085391286517,1.028071925914775,1.0561437093729593
hashed_perceptron,spp_dev,600.perlbench,4096.0,1.0,1.0,1.0000913315864537,1.0079775727923206,1.0140314043464886,1.0187085391286517,1.028071925914775,1.0561437093729593
hashed_perceptron,spp_dev,602.gcc,128.0,1.0,1.000784729696726,1.026971097915918,1.4859231189227855,1.4738239879233423,1.4647825242305286,1.4609259566350528,1.4337017983179903
hashed_perceptron,spp_dev,602.gcc,256.0,1.0,1.0,1.0142343247601746,1.2909068476162335,1.2858290000625874,1.288323709047118,1.284500467025334,1.2749511794202868
hashed_perceptron,spp_dev,602.gcc,512.0,1.0,1.0,1.0073235573265884,1.1319826999131568,1.131435226836608,1.1273095764695673,1.1324534846508458,1.1286004019369202
hashed_perceptron,spp_dev,602.gcc,1024.0,1.0,1.0,1.00021121975981,1.0618175721591516,1.061079159396522,1.0587277985228607,1.059931928865162,1.0538513141550099
hashed_perceptron,spp_dev,602.gcc,1024.0,2.0,1.0,1.00021121975981,1.0618175721591516,,,,
hashed_perceptron,spp_dev,602.gcc,1024.0,4.0,1.0,1.00021121975981,1.0618175721591516,,,,
hashed_perceptron,spp_dev,602.gcc,2048.0,1.0,1.0,0.9993087046983514,1.0330184407266498,1.0238665087021297,1.0179490070510007,1.026925708593529,1.0538513141550099
hashed_perceptron,spp_dev,602.gcc,4096.0,1.0,1.0,1.0010699348704715,1.0136487795974167,1.0134606562797364,1.0179490070510007,1.026925708593529,1.0538513141550099
hashed_perceptron,spp_dev,603.bwaves,128.0,1.0,1.0,1.021285620300443,1.2841404678625312,1.2790311143521862,1.280150343548496,1.2807469762834516,1.280770477252277
hashed_perceptron,spp_dev,603.bwaves,256.0,1.0,1.0,1.006481131072502,1.1773141414823198,1.183133780043898,1.1823998242613263,1.1852295009564986,1.1879188922785358
hashed_perceptron,spp_dev,603.bwaves,512.0,1.0,1.0,1.000390166195665,1.0870728300862649,1.0909123760204102,1.0877550391066482,1.0921806222672008,1.0986678198584683
hashed_perceptron,spp_dev,603.bwaves,1024.0,1.0,1.0,1.0003171093595342,1.0417100920226743,1.0438377797258016,1.0419537477789,1.0418468376044407,1.053863179238544
hashed_perceptron,spp_dev,603.bwaves,1024.0,2.0,1.0,1.0003171093595342,1.0417100920226743,,,,
hashed_perceptron,spp_dev,603.bwaves,1024.0,4.0,1.0,1.0003171093595342,1.0417100920226743,,,,
hashed_perceptron,spp_dev,603.bwaves,2048.0,1.0,1.0,0.9992393406734835,1.018550937482437,1.022258038783785,1.0179497109821192,1.0269291849551203,1.053863179238544
hashed_perceptron,spp_dev,603.bwaves,4096.0,1.0,1.0,1.0009636703330667,1.0075004589362189,1.0134647451546492,1.0179497109821192,1.0269291849551203,1.053863179238544
hashed_perceptron,spp_dev,605.mcf,128.0,1.0,1.0120552462649015,1.0959424154929014,1.683671450924728,1.6533741762093013,1.6505436107903166,1.6238695766720157,1.5525227736081642
hashed_perceptron,spp_dev,605.mcf,256.0,1.0,1.004097986847895,1.0467913771559174,1.3783352621414007,1.369962049114294,1.3454729379233503,1.3410559461649045,1.3213385905271147
hashed_perceptron,spp_dev,605.mcf,512.0,1.0,1.0000022747399706,1.029140570693478,1.159959848921924,1.156934868769147,1.1538765900418244,1.154090020553198,1.1430832850401387
hashed_perceptron,spp_dev,605.mcf,1024.0,1.0,1.0,1.0120516632028653,1.077867991847602,1.0737025090712256,1.071532763067371,1.0669025028925991,1.0445584649349167
hashed_perceptron,spp_dev,605.mcf,1024.0,2.0,1.0,1.0120516632028653,1.077867991847602,,,,
hashed_perceptron,spp_dev,605.mcf,1024.0,4.0,1.0,1.0120516632028653,1.077867991847602,,,,
hashed_perceptron,spp_dev,605.mcf,2048.0,1.0,1.0,1.004450853811379,1.038600115454732,1.0315744827308333,1.0148517362297687,1.0222792324674583,1.0445584649349167
hashed_perceptron,spp_dev,605.mcf,4096.0,1.0,1.0,1.0106831891687724,1.0097254710583032,1.0111396162337292,1.0148517362297687,1.0222792324674583,1.0445584649349167
hashed_perceptron,spp_dev,607.cactuBSSN,128.0,1.0,1.0086704538906728,1.1881449439066476,1.552432929361225,1.5341279710164561,1.5167660901634963,1.4668544038721913,1.4505768672902575
hashed_perceptron,spp_dev,607.cactuBSSN,256.0,1.0,1.00080062267707,1.0984673926994941,1.2821320507817087,1.2903941737056612,1.28562226891364,1.2494277309669306,1.2803042562853368
hashed_perceptron,spp_dev,607.cactuBSSN,512.0,1.0,1.0,1.0435755957767037,1.1406942164732388,1.1510411240192044,1.1467675967849968,1.1167096958938505,1.1302127557129102
hashed_perceptron,spp_dev,607.cactuBSSN,1024.0,1.0,1.0,1.0084612132270818,1.0740458625861538,1.0509881764373799,1.0564508069084348,1.0638375770182458,1.0366615437099511
hashed_perceptron,spp_dev,607.cactuBSSN,1024.0,2.0,1.0,1.0084612132270818,1.0740458625861538,,,,
hashed_perceptron,spp_dev,607.cactuBSSN,1024.0,4.0,1.0,1.0084612132270818,1.0740458625861538,,,,
hashed_perceptron,spp_dev,607.cactuBSSN,2048.0,1.0,1.0,0.9887473883491203,1.0023911511302332,1.0336837905482854,1.0122194158244284,1.0183308490009402,1.0366615437099511
hashed_perceptron,spp_dev,607.cactuBSSN,4096.0,1.0,1.0,1.0285855628933482,1.0151628911780592,1.0091654876198954,1.0122194158244284,1.0183308490009402,1.0366615437099511
hashed_perceptron,spp_dev,619.lbm,128.0,1.0,1.0,1.2741469037956636,1.6037171032776296,1.5660796763595806,1.5582672069006547,1.5372118037047389,1.4871303791920363
hashed_perceptron,spp_dev,619.lbm,256.0,1.0,1.0,1.129325226281031,1.3218041097077295,1.3030894890961768,1.296571129731729,1.2888218788402424,1.2593778489451242
hashed_perceptron,spp_dev,619.lbm,512.0,1.0,1.0,1.0423242253329403,1.1307451563455708,1.1212894076622433,1.1173713411574284,1.1091031295726603,1.0903430585820624
hashed_perceptron,spp_dev,619.lbm,1024.0,1.0,1.0,1.0150188377488765,1.0588886866552434,1.046208057645268,1.0456798952027957,1.0389611957621532,1.0305426544880851
hashed_perceptron,spp_dev,619.lbm,1024.0,2.0,1.0,1.0150188377488765,1.0588886866552434,,,,
hashed_perceptron,spp_dev,619.lbm,1024.0,4.0,1.0,1.0150188377488765,1.0588886866552434,,,,
hashed_perceptron,spp_dev,619.lbm,2048.0,1.0,1.0,1.0049285291030496,1.022977873555891,1.015015572726948,1.0101801185885475,1.0152713362941308,1.0305426544880851
hashed_perceptron,spp_dev,619.lbm,4096.0,1.0,1.0,0.9992237537450519,1.009861758841285,1.0076350889414107,1.0101801185885475,1.0152713362941308,1.0305426544880851
hashed_perceptron,spp_dev,620.omnetpp,128.0,1.0,1.001706127508919,1.1071140563389148,1.63284536253689,1.598029372689392,1.5883028994286086,1.5708455184070294,1.5145355406779168
hashed_perceptron,spp_dev,620.omnetpp,256.0,1.0,1.0002239470406602,1.0509825826141985,1.3330702137696677,1.3218000987861358,1.3143335706206385,1.311399183490577,1.280941056173023
hashed_perceptron,spp_dev,620.omnetpp,512.0,1.0,1.0,1.0138482187418234,1.1407903877783543,1.1368220670601523,1.132722424846738,1.1265829476334432,1.1170276458652877
hashed_perceptron,spp_dev,620.omnetpp,1024.0,1.0,1.0,1.0086053851889414,1.068387035623496,1.057174898982618,1.0601841411103494,1.0473998812378131,1.0435158911182734
hashed_perceptron,spp_dev,620.omnetpp,1024.0,2.0,1.0,1.0086053851889414,1.068387035623496,,,,
hashed_perceptron,spp_dev,620.omnetpp,1024.0,4.0,1.0,1.0086053851889414,1.068387035623496,,,,
hashed_perceptron,spp_dev,620.omnetpp,2048.0,1.0,1.0,0.9993543450788445,1.027540258467049,1.0261966020266808,1.0145052970394246,1.021757184605562,1.0435158911182734
hashed_perceptron,spp_dev,620.omnetpp,4096.0,1.0,1.0,0.997957435711781,1.0096529566834913,1.010878592302781,1.0145052970394246,1.021757184605562,1.0435158911182734
hashed_perceptron,spp_dev,621.wrf,128.0,1.0,1.0,1.0019194140546677,1.232803072010391,1.2356255512267742,1.2367242301301848,1.2395376975140404,1.2477378415909754
hashed_perceptron,spp_dev,621.wrf,256.0,1.0,1.0,1.0011179965114683,1.1558854668830782,1.1605183075191259,1.1621442204734895,1.1666477119343335,1.1747077734685265
hashed_perceptron,spp_dev,621.wrf,512.0,1.0,1.0,1.00035029648214,1.07839161026055,1.0831842732712453,1.083686645512106,1.0878191537087938,1.0961242287698376
hashed_perceptron,spp_dev,621.wrf,1024.0,1.0,1.0,1.0005054439243408,1.0370425885691292,1.041603201897504,1.0431207256832522,1.0454881875271997,1.0561244734907043
hashed_perceptron,spp_dev,621.wrf,1024.0,2.0,1.0,1.0005054439243408,1.0370425885691292,,,,
hashed_perceptron,spp_dev,621.wrf,1024.0,4.0,1.0,1.0005054439243408,1.0370425885691292,,,,
hashed_perceptron,spp_dev,621.wrf,2048.0,1.0,1.0,0.9999185156854195,1.0169507836452558,1.0219962209585869,1.0187062904601942,1.028062258975948,1.0561244734907043
hashed_perceptron,spp_dev,621.wrf,4096.0,1.0,1.0,1.0,1.0080936173884005,1.0140283062023172,1.0187062904601942,1.028062258975948,1.0561244734907043
hashed_perceptron,spp_dev,623.xalancbmk,128.0,1.0,1.0006833494915643,1.0236775842768553,1.3648700078642326,1.363201496464176,1.3578790539034733,1.3532315905933363,1.346668198682603
hashed_perceptron,spp_dev,623.xalancbmk,256.0,1.0,1.0004661224547176,1.012417231015012,1.2422059892063333,1.237298227720197,1.2381155574203466,1.2428154597035674,1.233648141903969
hashed_perceptron,spp_dev,623.xalancbmk,512.0,1.0,1.0001359573676412,1.0038520278290441,1.1155176221344834,1.1151310452467686,1.1117454718500255,1.1160724042058312,1.1153455780493684
hashed_perceptron,spp_dev,623.xalancbmk,1024.0,1.0,1.0,1.0030623786197082,1.051893238372238,1.052245226718125,1.0513231754957408,1.0530132752308234,1.0528901718353816
hashed_perceptron,spp_dev,623.xalancbmk,1024.0,2.0,1.0,1.0030623786197082,1.051893238372238,,,,
hashed_perceptron,spp_dev,623.xalancbmk,1024.0,4.0,1.0,1.0030623786197082,1.051893238372238,,,,
hashed_perceptron,spp_dev,623.xalancbmk,2048.0,1.0,1.0,1.0027870661868261,1.0262974267891605,1.0236199156732446,1.017626777572893,1.0264426261385151,1.0528901718353816
hashed_perceptron,spp_dev,623.xalancbmk,4096.0,1.0,1.0,1.0021228172046448,1.011770231897645,1.0132188532900819,1.017626777572893,1.0264426261385151,1.0528901718353816
hashed_perceptron,spp_dev,625.x264,128.0,1.0,1.0,1.0263066410309665,1.361720811181723,1.355978061324006,1.3477555715671001,1.353114591706225,1.3458177318043933
hashed_perceptron,spp_dev,625.x264,256.0,1.0,1.0,1.0077487290576956,1.2326749730548363,1.2309306450318067,1.231000608046861,1.2349306223660714,1.2308722251547293
hashed_perceptron,spp_dev,625.x264,512.0,1.0,1.0,1.0046635061981997,1.1135981793137169,1.114877066590418,1.1133071535799863,1.1147450977117934,1.1136641028994831
hashed_perceptron,spp_dev,625.x264,1024.0,1.0,1.0,1.0010328141247276,1.0538773548736011,1.0527463741069292,1.0536255880772105,1.0544257477274466,1.0545357562624451
hashed_perceptron,spp_dev,625.x264,1024.0,2.0,1.0,1.0010328141247276,1.0538773548736011,,,,
hashed_perceptron,spp_dev,625.x264,1024.0,4.0,1.0,1.0010328141247276,1.0538773548736011,,,,
hashed_perceptron,spp_dev,625.x264,2048.0,1.0,1.0,1.0013395049774816,1.026100292236848,1.0249988066310798,1.0181714746400972,1.0272625659597452,1.0545357562624451
hashed_perceptron,spp_dev,625.x264,4096.0,1.0,1.0,0.9997183878426132,1.0126352523968056,1.0136312829798726,1.0181714746400972,1.0272625659597452,1.0545357562624451
hashed_perceptron,spp_dev,627.cam4,128.0,1.0,0.9898600453309533,1.318332819772128,1.8587396562633494,1.7372972756827902,1.7792334712920361,1.7437020513278887,1.6782438335742669
hashed_perceptron,spp_dev,627.cam4,256.0,1.0,1.0012318166751157,1.1168664094724743,1.443621947839818,1.390168572192573,1.4234716321863716,1.4074902416650081,1.339006802080524
hashed_perceptron,spp_dev,627.cam4,512.0,1.0,0.9978113845498103,1.0125361012477958,1.1753205174793906,1.1784426622798956,1.1541566026934302,1.1656693196678518,1.1001810839360282
hashed_perceptron,spp_dev,627.cam4,1024.0,1.0,0.9985812257631884,0.9924571053183617,1.0823885847521204,1.0678248727409783,1.054477162548619,1.045895780666259,1.0397305926016587
hashed_perceptron,spp_dev,627.cam4,1024.0,2.0,0.9996260012780671,0.9924571053183617,1.0823885847521204,,,,
hashed_perceptron,spp_dev,627.cam4,1024.0,4.0,0.9974505823485388,0.9924571053183617,1.0823885847521204,,,,
hashed_perceptron,spp_dev,627.cam4,2048.0,1.0,1.0,0.9986315595464914,1.0225272419922649,1.0427624123173902,1.0132436527912005,1.019864821668189,1.0397305926016587
hashed_perceptron,spp_dev,627.cam4,4096.0,1.0,1.0,0.9781618155093599,1.0095527858599842,1.0099319187837426,1.0132436527912005,1.019864821668189,1.0397305926016587
hashed_perceptron,spp_dev,628.pop2,128.0,1.0,1.0057616651995231,1.2744802823569985,1.756724124503411,1.73377568093638,1.7273488517380855,1.6931523111037046,1.5971905570675404
hashed_perceptron,spp_dev,628.pop2,256.0,1.0,0.993985759104165,1.1042814165236574,1.427121157898993,1.4013043931698652,1.3785101534229378,1.377071281807786,1.3328977660785575
hashed_perceptron,spp_dev,628.pop2,512.0,1.0,1.001549857650952,1.0372623475035807,1.1731820413559917,1.1659699174790281,1.1696798644516146,1.1395399404472089,1.1190379961472967
hashed_perceptron,spp_dev,628.pop2,1024.0,1.0,0.9999293820159906,1.0035274707347073,1.0423479471020962,1.0693324588169513,1.0539977976635388,1.0403431470558142,1.038354291073381
hashed_perceptron,spp_dev,628.pop2,1024.0,2.0,0.9999991901813258,1.0035274707347073,1.0423479471020962,,,,
hashed_perceptron,spp_dev,628.pop2,1024.0,4.0,1.0001822547813533,1.0035274707347073,1.0423479471020962,,,,
hashed_perceptron,spp_dev,628.pop2,2048.0,1.0,1.0,0.9982606790205576,1.039292468767734,1.0264905233323864,1.0127848178804786,1.0191771997260421,1.038354291073381
hashed_perceptron,spp_dev,628.pop2,4096.0,1.0,1.0,0.9940044717975849,1.0072663453517103,1.009588632376632,1.0127848178804786,1.0191771997260421,1.038354291073381
hashed_perceptron,spp_dev,631.deepsjeng,128.0,1.0,1.0,1.0151928475516538,1.5422595299609234,1.523858478493848,1.5204236121717283,1.5106469598148322,1.4817713947126339
hashed_perceptron,spp_dev,631.deepsjeng,256.0,1.0,1.0,1.007727858892403,1.3348598331857828,1.3256166925126251,1.3227014622190654,1.3189782238986199,1.3009972323442927
hashed_perceptron,spp_dev,631.deepsjeng,512.0,1.0,1.0,0.996756308532508,1.1511996792807084,1.1494648432743342,1.1353756639413195,1.1444886038109707,1.1387538197014933
hashed_perceptron,spp_dev,631.deepsjeng,1024.0,1.0,1.0,1.0012466486630451,1.0712622136813124,1.0664147851773365,1.0583260339226837,1.0604587507667542,1.0561457667168752
hashed_perceptron,spp_dev,631.deepsjeng,1024.0,2.0,1.0,1.0012466486630451,1.0712622136813124,,,,
hashed_perceptron,spp_dev,631.deepsjeng,1024.0,4.0,1.0,1.0012466486630451,1.0712622136813124,,,,
hashed_perceptron,spp_dev,631.deepsjeng,2048.0,1.0,1.0,1.0014064304974402,1.0325751465172919,1.0278813492669454,1.0187133415555631,1.0280728833584376,1.0561457667168752
hashed_perceptron,spp_dev,631.deepsjeng,4096.0,1.0,1.0,1.0005567760659586,1.0112611933608922,1.014033570654126,1.0187133415555631,1.0280728833584376,1.0561457667168752
hashed_perceptron,spp_dev,638.imagick,128.0,1.0,1.0,1.0120061464597003,1.2630217827499337,1.2658885605844326,1.2658151816367624,1.265647983420011,1.269727775131817
hashed_perceptron,spp_dev,638.imagick,256.0,1.0,1.0,1.0062575603715607,1.176948145527702,1.1782220763625522,1.1810682126043395,1.1823876879842146,1.189047069423508
hashed_perceptron,spp_dev,638.imagick,512.0,1.0,1.0,1.0016826043197204,1.0893151463639,1.0918467822404276,1.0917356036623491,1.0935738643493684,1.098320003049321
hashed_perceptron,spp_dev,638.imagick,1024.0,1.0,1.0,1.0013544339663314,1.042144782921246,1.045480473099441,1.0449213655554166,1.046811516049451,1.0531671536531695
hashed_perceptron,spp_dev,638.imagick,1024.0,2.0,1.0,1.0013544339663314,1.042144782921246,,,,
hashed_perceptron,spp_dev,638.imagick,1024.0,4.0,1.0,1.0013544339663314,1.042144782921246,,,,
hashed_perceptron,spp_dev,638.imagick,2048.0,1.0,1.0,1.001469650918872,1.0198483957780775,1.0234000583916143,1.017719726733998,1.0265785934196001,1.0531671536531695
hashed_perceptron,spp_dev,638.imagick,4096.0,1.0,1.0,1.0001132760032183,1.0084277867250382,1.0132895685319991,1.017719726733998,1.0265785934196001,1.0531671536531695
hashed_perceptron,spp_dev,641.leela,128.0,1.0,1.0,1.0017938035856597,1.247342393529292,1.2514876963084867,1.2526943867390932,1.2529418385199562,1.2631479868221804
hashed_perceptron,spp_dev,641.leela,256.0,1.0,1.0,1.00125209609215,1.1660689400981088,1.171157176976771,1.1717482784996038,1.1763611377657626,1.1833757373288012
hashed_perceptron,spp_dev,641.leela,512.0,1.0,1.0,1.001108609257709,1.0847195315291003,1.0879328571395448,1.0884262984929292,1.0922848697360017,1.0991859353748412
hashed_perceptron,spp_dev,641.leela,1024.0,1.0,1.0,0.9995414427567534,1.040913919354014,1.0447428897866429,1.0451101363706012,1.0461522855799612,1.0565450585218958
hashed_perceptron,spp_dev,641.leela,1024.0,2.0,1.0,0.9995414427567534,1.040913919354014,,,,
hashed_perceptron,spp_dev,641.leela,1024.0,4.0,1.0,0.9995414427567534,1.040913919354014,,,,
hashed_perceptron,spp_dev,641.leela,2048.0,1.0,1.0,1.0000103129919895,1.0195033605066381,1.0237917623851025,1.018843818389112,1.0282726099132475,1.0565450585218958
hashed_perceptron,spp_dev,641.leela,4096.0,1.0,1.0,1.0,1.0093782114304741,1.0141363049566239,1.018843818389112,1.0282726099132475,1.0565450585218958
hashed_perceptron,spp_dev,644.nab,128.0,1.0,1.0000215621781074,1.0109413161118321,1.2983682607292462,1.3077780784408177,1.2901160457552345,1.2931727057163602,1.3092295104088314
hashed_perceptron,spp_dev,644.nab,256.0,1.0,1.0,1.0077281258715907,1.1954098743374655,1.2052556271362607,1.2079162536906887,1.2057154644314056,1.218035512910143
hashed_perceptron,spp_dev,644.nab,512.0,1.0,1.0,1.006137370111789,1.106244387331952,1.100443668476432,1.1061687977028387,1.105090707658828,1.1056226314028421
hashed_perceptron,spp_dev,644.nab,1024.0,1.0,1.0,1.0030621462018003,1.0545181704422146,1.0533648217648788,1.0519701053232802,1.0516236570815485,1.0564903987659433
hashed_perceptron,spp_dev,644.nab,1024.0,2.0,1.0,1.0030621462018003,1.0545181704422146,,,,
hashed_perceptron,spp_dev,644.nab,1024.0,4.0,1.0,1.0030621462018003,1.0545181704422146,,,,
hashed_perceptron,spp_dev,644.nab,2048.0,1.0,1.0,1.000528135410604,1.0310614228405195,1.02958895184123,1.0188271645121496,1.028245501255158,1.0564903987659433
hashed_perceptron,spp_dev,644.nab,4096.0,1.0,1.0,1.0004708671252172,1.0112995644500964,1.0141227883616022,1.0188271645121496,1.028245501255158,1.0564903987659433
hashed_perceptron,spp_dev,648.exchange2,128.0,1.0,1.0,1.0004270659968928,1.2271039819950926,1.2310694622014189,1.2323164223247505,1.23551537245675,1.2436288057817617
hashed_perceptron,spp_dev,648.exchange2,256.0,1.0,1.0,0.9998568118312463,1.152696933567548,1.1577188463628076,1.1587517186906038,1.1633708037971286,1.171487731489878
hashed_perceptron,spp_dev,648.exchange2,512.0,1.0,1.0,1.0000209909043407,1.075808858746617,1.080630610154578,1.0814099400417865,1.085321743225581,1.094512294480846
hashed_perceptron,spp_dev,648.exchange2,1024.0,1.0,1.0,1.0,1.0357039760613258,1.0405109444229472,1.0417020893819242,1.0442736028617463,1.0561008064619481
hashed_perceptron,spp_dev,648.exchange2,1024.0,2.0,1.0,1.0,1.0357039760613258,,,,
hashed_perceptron,spp_dev,648.exchange2,1024.0,4.0,1.0,1.0,1.0357039760613258,,,,
hashed_perceptron,spp_dev,648.exchange2,2048.0,1.0,1.0,1.0,1.0165863943441884,1.0213385739586254,1.0186971431958916,1.0280450265828815,1.0561008064619481
hashed_perceptron,spp_dev,648.exchange2,4096.0,1.0,1.0,1.0,1.007338391489974,1.0140173947224567,1.0186971431958916,1.0280450265828815,1.0561008064619481
hashed_perceptron,spp_dev,649.fotonik3d,128.0,1.0,0.9913111655406699,1.324156082367855,0.8283574222974149,1.6207455972051217,1.6302592418948056,1.5851281527969483,1.5332711581114566
hashed_perceptron,spp_dev,649.fotonik3d,256.0,1.0,1.0083242911068495,0.5872926178690001,0.6739591701709429,1.3071418748659294,1.3193473803372677,1.3310410314308183,1.287681854708728
hashed_perceptron,spp_dev,649.fotonik3d,512.0,1.0,1.0077989242560483,1.060494127402728,0.5713582339300126,1.131884762023302,1.1397743025494576,1.1214182861329896,1.101131303878269
hashed_perceptron,spp_dev,649.fotonik3d,1024.0,1.0,0.9964717648110257,1.008650100355686,1.0395648293352344,1.0431114331626479,1.0409175841124079,1.0389811125822457,1.0315339369815457
hashed_perceptron,spp_dev,649.fotonik3d,1024.0,2.0,0.990622450130011,1.008650100355686,1.0395648293352344,,,,
hashed_perceptron,spp_dev,649.fotonik3d,1024.0,4.0,0.9910346842901652,1.008650100355686,1.0395648293352344,,,,
hashed_perceptron,spp_dev,649.fotonik3d,2048.0,1.0,1.0,0.9933316506629386,1.0178049191921938,1.0183926187036059,1.0105113123271818,1.0157669684907729,1.0315339369815457
hashed_perceptron,spp_dev,649.fotonik3d,4096.0,1.0,1.0,0.9934581892000455,1.0081552395679698,1.0078834842453865,1.0105113123271818,1.0157669684907729,1.0315339369815457
hashed_perceptron,spp_dev,654.roms,128.0,1.0,1.0005943079428739,1.3889884231393967,1.7961041611223707,1.7580080134099318,1.7388279423683963,1.7347335378437851,1.6646841096952893
hashed_perceptron,spp_dev,654.roms,256.0,1.0,1.0,1.1537644508881493,1.448895359047166,1.4282887878399064,1.4232990204856626,1.339661431608806,1.38042924450283
hashed_perceptron,spp_dev,654.roms,512.0,1.0,1.0,1.090932911279197,1.2246804409214087,1.2021006605028268,1.1994151002743008,1.195033913164376,1.1603666867364177
hashed_perceptron,spp_dev,654.roms,1024.0,1.0,1.0,1.0189770344132367,1.1194458538135834,1.076721425111179,1.0994810535786503,1.0978982435669675,1.0371336317653057
hashed_perceptron,spp_dev,654.roms,1024.0,2.0,1.0,1.0189770344132367,1.1194458538135834,,,,
hashed_perceptron,spp_dev,654.roms,1024.0,4.0,1.0,1.0189770344132367,1.1194458538135834,,,,
hashed_perceptron,spp_dev,654.roms,2048.0,1.0,1.0,1.0450205138855633,1.0250695741997615,1.0707595818963325,1.012377947944627,1.0185668724342731,1.0371336317653057
hashed_perceptron,spp_dev,654.roms,4096.0,1.0,1.0,1.0431023682494815,1.0083651382043082,1.0092834998377094,1.012377947944627,1.0185668724342731,1.0371336317653057
hashed_perceptron,spp_dev,657.xz,128.0,1.0,1.005803991101291,1.050673109214364,1.5783556764347269,1.543874351529067,1.5573973113570556,1.5411945909246756,1.4781141557463553
hashed_perceptron,spp_dev,657.xz,256.0,1.0,1.0,1.02352309521503,1.3263761313157245,1.315208032403652,1.3035603815908348,1.3173703254378188,1.2930701479210824
hashed_perceptron,spp_dev,657.xz,512.0,1.0,1.0,0.9979419417606396,1.1385861061747944,1.1448237950220512,1.1375377429315616,1.1289712637572606,1.1206057454870872
hashed_perceptron,spp_dev,657.xz,1024.0,1.0,1.0,1.0021188486354873,1.0628309962645506,1.052420787854112,1.0558337466306498,1.0573652798517525,1.0492615232213136
hashed_perceptron,spp_dev,657.xz,1024.0,2.0,1.0,1.0021188486354873,1.0628309962645506,,,,
hashed_perceptron,spp_dev,657.xz,1024.0,4.0,1.0,1.0021188486354873,1.0628309962645506,,,,
hashed_perceptron,spp_dev,657.xz,2048.0,1.0,1.0,0.9881113202523913,1.0316126257328704,1.0196977277523922,1.016419143570982,1.0246287153564728,1.0492615232213136
hashed_perceptron,spp_dev,657.xz,4096.0,1.0,1.0,0.9908549374734069,1.0122510621957606,1.0123143576782365,1.016419143570982,1.0246287153564728,1.0492615232213136
hashed_perceptron,spp_dev,cassandra,128.0,1.0,0.9877978559137562,1.180145539782628,1.4977233476314378,1.4823727605855759,1.466600820855386,1.4591237371363057,1.3948351107490646
hashed_perceptron,spp_dev,cassandra,256.0,1.0,0.9894749155877871,1.0942890557544689,1.2500643372104874,1.2591614069266963,1.2274452247778487,1.258746452097208,1.2301993287238209
hashed_perceptron,spp_dev,cassandra,512.0,1.0,0.9806332551931166,1.0298337697631543,1.115456285410042,1.1069644160640955,1.0986490087734329,1.0917992235502254,1.089117348191577
hashed_perceptron,spp_dev,cassandra,1024.0,1.0,0.9922914049579199,1.0015577199930847,1.0489811340154438,1.035406706018414,1.0171065825822942,1.0244950678960938,1.0315164390254672
hashed_perceptron,spp_dev,cassandra,1024.0,2.0,0.9973884000006987,1.0015577199930847,1.0489811340154438,,,,
hashed_perceptron,spp_dev,cassandra,1024.0,4.0,0.9904829112325336,1.0015577199930847,1.0489811340154438,,,,
hashed_perceptron,spp_dev,cassandra,2048.0,1.0,0.9865063939731694,0.9999445678995524,1.0153930761727559,1.021400031195539,1.0105053718846355,2.0472746585382007,1.0315164390254672
hashed_perceptron,spp_dev,cassandra,4096.0,1.0,0.98713052333943,0.9781630623741411,0.98199182189036,1.0078789480705865,2.0420218109101027,2.0472746585382007,1.0315164390254672
hashed_perceptron,spp_dev,classification,128.0,1.0,1.0194869046225774,1.1547773529582144,1.5055570934432927,1.4494475805316593,1.4551188092151972,1.4212460734607628,1.3793115102533868
hashed_perceptron,spp_dev,classification,256.0,1.0,0.9618731661315985,1.0960525481096972,1.2908470013055167,1.231525041428935,1.2269127723824962,1.2600977849134276,1.2313554710850443
hashed_perceptron,spp_dev,classification,512.0,1.0,1.0094648184254738,1.0280940524295146,1.140489852890659,1.088852592065606,1.119627766866487,1.1367295979813565,1.0907308686609911
hashed_perceptron,spp_dev,classification,1024.0,1.0,0.9915475255713784,0.9943869688212369,1.097612301482711,1.034807282851238,1.0131601173450753,1.0752433425694208,1.0318371465347735
hashed_perceptron,spp_dev,classification,1024.0,2.0,1.003009965094032,0.9943869688212369,1.097612301482711,,,,
hashed_perceptron,spp_dev,classification,1024.0,4.0,1.0101820299800857,0.9943869688212369,1.097612301482711,,,,
hashed_perceptron,spp_dev,classification,2048.0,1.0,0.9950492667756217,0.994296723388742,1.0498156167098418,1.019676858425268,1.0106121414828206,1.0159183927458086,1.0318371465347735
hashed_perceptron,spp_dev,classification,4096.0,1.0,1.0005618242375578,0.9775546492512563,1.0004319117505476,1.0079591963729042,1.0106121414828206,1.0159183927458086,1.0318371465347735
hashed_perceptron,spp_dev,cloud9,128.0,1.0,1.0386924809130806,1.250639565794028,1.5603309942390635,1.5488090728339758,1.5035599781577795,1.4997485004710365,1.5011900131591422
hashed_perceptron,spp_dev,cloud9,256.0,1.0,1.0027292076252667,1.1305740415983299,1.3461719639041902,1.2823675027489905,1.2825841624411192,1.21184685060835,1.296130046959706
hashed_perceptron,spp_dev,cloud9,512.0,1.0,0.9803620511115956,1.0071534463007354,1.0744052902972236,1.1224627901179793,1.075154221747591,1.1513553046548273,1.0380410711450998
hashed_perceptron,spp_dev,cloud9,1024.0,1.0,0.9728993434189189,1.0131218470691088,1.0527795443283676,1.0616245781925764,0.9952157285216726,0.9881170153057353,1.03327293003643
hashed_perceptron,spp_dev,cloud9,1024.0,2.0,1.006638866785672,1.0131218470691088,1.0527795443283676,,,,
hashed_perceptron,spp_dev,cloud9,1024.0,4.0,0.962127976233334,1.0131218470691088,1.0527795443283676,,,,
hashed_perceptron,spp_dev,cloud9,2048.0,1.0,0.9943017202216449,1.0605599202831064,1.026523722727416,1.0639184718007488,1.0110906438513254,1.0166362153976016,1.03327293003643
hashed_perceptron,spp_dev,cloud9,4096.0,1.0,1.0052227627103505,0.9918485728374785,1.0169973130500822,1.0083178580781875,1.0110906438513254,1.0166362153976016,1.03327293003643
hashed_perceptron,spp_dev,nutch,128.0,1.0,1.0232303737235084,1.217542122636877,,1.5008407493944804,1.482552482619539,1.457555758634866,1.4340893001170922
hashed_perceptron,spp_dev,nutch,256.0,1.0,,,1.288732527088088,1.2797395010817998,1.2771429806251988,,1.2547752939730694
hashed_perceptron,spp_dev,nutch,512.0,1.0,1.0130457571432185,1.0483548070570803,,1.1179078532236921,1.1274543889794046,1.1006441435560244,1.0908065595393284
hashed_perceptron,spp_dev,nutch,1024.0,1.0,0.9979052620038512,1.0192061158165973,1.0709892463300619,1.0519063748156907,1.0517135434527407,1.0546595448066252,1.0290091595294577
hashed_perceptron,spp_dev,nutch,1024.0,2.0,1.0081401158206342,1.0192061158165973,1.0709892463300619,,,,
hashed_perceptron,spp_dev,nutch,1024.0,4.0,1.0076464061183623,1.0192061158165973,1.0709892463300619,,,,
hashed_perceptron,spp_dev,nutch,2048.0,1.0,1.0077452122144372,,1.0398564788592006,1.035108448830995,1.0096697198431526,1.0145044659524383,1.0290091595294577
hashed_perceptron,spp_dev,nutch,4096.0,1.0,1.0008079765759348,,1.0232241053665458,1.0072521191639283,1.0096697198431526,1.0145044659524383,1.0290091595294577
hashed_perceptron,spp_dev,SPEC2K6 (26),1024.0,1.0,0.999999238022896,1.0058356835688331,1.0896303194502737,1.0548531942621286,1.0522518775644738,1.050250668183568,1.0484907325056
hashed_perceptron,spp_dev,SPEC2K17 (20),1024.0,1.0,0.9997487877482095,1.0039652892577329,1.0575627939274646,1.0541351703897441,1.0536032833440874,1.0522789018717944,1.0478194782389234
hashed_perceptron,spp_dev,CloudSuite (4),1024.0,1.0,0.9922914049579199,1.0015577199930847,1.0489811340154438,1.035406706018414,1.0171065825822942,1.0244950678960938,1.0315164390254672
hashed_perceptron,spp_dev,SPEC2K6 (26),1024.0,2.0,1.0000176611691274,1.0058356835688331,1.0586106593953482,1.0,1.0,1.0,1.0
hashed_perceptron,spp_dev,SPEC2K17 (20),1024.0,2.0,0.9995102862281035,1.0039652892577329,1.0575627939274646,1.0,1.0,1.0,1.0
hashed_perceptron,spp_dev,CloudSuite (4),1024.0,2.0,0.9973884000006987,1.0015577199930847,1.0489811340154438,1.0,1.0,1.0,1.0
hashed_perceptron,spp_dev,SPEC2K6 (26),1024.0,4.0,1.0000002492256508,1.0058356835688331,1.0586106593953482,1.0,1.0,1.0,1.0
hashed_perceptron,spp_dev,SPEC2K17 (20),1024.0,4.0,0.9994313527033684,1.0039652892577329,1.0575627939274646,1.0,1.0,1.0,1.0
hashed_perceptron,spp_dev,CloudSuite (4),1024.0,4.0,0.9904829112325336,1.0015577199930847,1.0489811340154438,1.0,1.0,1.0,1.0
hashed_perceptron,spp_dev,SPEC2K6 (26),128.0,1.0,1.003215991301237,1.0884512186473503,1.4546717069415374,1.4386782584545987,1.4399985037147156,1.4293351252112003,1.4063310213498106
hashed_perceptron,spp_dev,SPEC2K17 (20),128.0,1.0,1.0008512607933142,1.101195970753584,1.4203905909297512,1.453678652193107,1.4515269893972174,1.4403713551671937,1.4156799075351976
hashed_perceptron,spp_dev,CloudSuite (4),128.0,1.0,0.9877978559137562,1.180145539782628,1.4977233476314378,1.4823727605855759,1.466600820855386,1.4591237371363057,1.3948351107490646
hashed_perceptron,spp_dev,SPEC2K6 (26),256.0,1.0,1.0001038481007967,1.0431955295147195,1.270171279545329,1.2609844626747788,1.2658348499610665,1.26143274532779,1.2477167298434446
hashed_perceptron,spp_dev,SPEC2K17 (20),256.0,1.0,1.0004535200963618,1.0110985885090535,1.2331208755287233,1.2690964496290233,1.2678180723918109,1.2629929450718986,1.2547869163464624
hashed_perceptron,spp_dev,CloudSuite (4),256.0,1.0,0.9894749155877871,1.0942890557544689,1.2500643372104874,1.2591614069266963,1.2274452247778487,1.258746452097208,1.2301993287238209
hashed_perceptron,spp_dev,SPEC2K6 (26),512.0,1.0,0.9999466674351633,1.0148485772881857,1.118305406269226,1.1223973626344097,1.1163577022549904,1.1156420725455072,1.1123466563700044
hashed_perceptron,spp_dev,SPEC2K17 (20),512.0,1.0,1.0003632928049129,1.017262041102885,1.0882574083113918,1.1256326106047148,1.122827166292784,1.1203313526307246,1.1133913623219196
hashed_perceptron,spp_dev,CloudSuite (4),512.0,1.0,0.9806332551931166,1.0298337697631543,1.115456285410042,1.1069644160640955,1.0986490087734329,1.0917992235502254,1.089117348191577
hashed_perceptron,spp_dev,SPEC2K6 (26),2048.0,1.0,1.0,1.0014128237458961,1.0281977162316194,1.024123398901472,1.0161702909529808,1.0242534538322547,1.0484907325056
hashed_perceptron,spp_dev,SPEC2K17 (20),2048.0,1.0,1.0,1.0013225434508166,1.0242832353258229,1.0274125383252695,1.0159459775786583,1.0239178923484702,1.0478194782389234
hashed_perceptron,spp_dev,CloudSuite (4),2048.0,1.0,0.9865063939731694,0.9999445678995524,1.0153930761727559,1.021400031195539,1.0105053718846355,2.0472746585382007,1.0315164390254672
hashed_perceptron,spp_dev,SPEC2K6 (26),4096.0,1.0,1.0,0.9999507280061405,1.0121583546434012,1.0121278342171134,1.0161702909529808,1.0242534538322547,1.0484907325056
hashed_perceptron,spp_dev,SPEC2K17 (20),4096.0,1.0,1.0,1.001974373751574,1.0099638554148098,1.0119603252309473,1.0159459775786583,1.0239178923484702,1.0478194782389234
hashed_perceptron,spp_dev,CloudSuite (4),4096.0,1.0,0.98713052333943,0.9781630623741411,0.98199182189036,1.0078789480705865,2.0420218109101027,2.0472746585382007,1.0315164390254672
hashed_perceptron,spp_dev,All (50),1024.0,1.0,0.9988905767107392,1.0053451598752983,1.073927098896927,1.0541042355056176,1.0488421972059885,1.0487212160409738,1.046077713561193
hashed_perceptron,spp_dev,All (50),1024.0,2.0,1.0000500865259792,1.0053451598752983,1.0593960058724443,1.0,1.0,1.0,1.0
hashed_perceptron,spp_dev,All (50),1024.0,4.0,0.999020781005378,1.0053451598752983,1.0593960058724443,1.0,1.0,1.0,1.0
hashed_perceptron,spp_dev,All (50),128.0,1.0,1.0028978408043083,1.108768352707005,1.4430074873793397,1.4574039963809502,1.4533184458069648,1.4432823811004927,1.4157025539369832
hashed_perceptron,spp_dev,All (50),256.0,1.0,0.9991480653622531,1.0359743313894998,1.2608788734503937,1.2668645768847804,1.2672391963510512,1.257321130029492,1.2515981508609366
hashed_perceptron,spp_dev,All (50),512.0,1.0,0.9994290178932009,1.0169043770632218,1.1040315691546851,1.1228138567564558,1.1185403810096373,1.1177272119640151,1.1097387187335477
hashed_perceptron,spp_dev,All (50),2048.0,1.0,0.9994316110713349,1.0026172118894914,1.0263462108368286,1.0260354558419769,1.015367918101449,1.0504680115587248,1.046077713561193
hashed_perceptron,spp_dev,All (50),4096.0,1.0,0.9996353962312708,0.9992863648824871,1.0104485990759118,1.011526610242274,1.0426836410096698,1.0504680115587248,1.046077713561193
