branch_predictor,prefetcher,workload,NRH,Prac Level,ABO_Only,ABO_RFM,TPRAC,TPRAC-TREFper2tREFI,TPRAC-TREFper3tREFI,TPRAC-TREFper4tREFI,TPRAC-TREFpertREFI
bimodal,spp_dev,401.bzip2,1024.0,1.0,,,0.9841814370116256,,,0.9830379264341528,1.0
bimodal,spp_dev,403.gcc,1024.0,1.0,,,0.9938813207111523,,,0.999191872546756,1.0
bimodal,spp_dev,410.bwaves,1024.0,1.0,,,0.980333268746367,,,0.985758573919783,1.0
bimodal,spp_dev,416.gamess,1024.0,1.0,,,0.9997322623828648,,,0.9997322623828648,1.0
bimodal,spp_dev,429.mcf,1024.0,1.0,,,0.9429098966026587,,,0.9659527326440175,1.0
bimodal,spp_dev,433.milc,1024.0,1.0,,,0.9454789015405225,,,0.9517749497655728,1.0
bimodal,spp_dev,435.gromacs,1024.0,1.0,,,0.9987248150981892,,,0.9980872226472839,1.0
bimodal,spp_dev,436.cactusADM,1024.0,1.0,,,0.9533296439771258,,,0.989538039897752,1.0
bimodal,spp_dev,437.leslie3d,1024.0,1.0,,,0.9264557144921255,,,0.9697057265327746,1.0
bimodal,spp_dev,444.namd,1024.0,1.0,,,0.9952243647504055,,,0.9970264912596865,1.0
bimodal,spp_dev,445.gobmk,1024.0,1.0,,,0.9992348890589137,,,0.9996174445294568,1.0
bimodal,spp_dev,447.dealII,1024.0,1.0,,,0.99851665905979,,,0.9982884527612963,1.0
bimodal,spp_dev,450.soplex,1024.0,1.0,,,0.9758666081614743,,,0.977950855638438,1.0
bimodal,spp_dev,453.povray,1024.0,1.0,,,0.9995255416732564,,,0.9995255416732564,1.0
bimodal,spp_dev,454.calculix,1024.0,1.0,,,0.9994260130869015,,,0.9996556078521409,1.0
bimodal,spp_dev,456.hmmer,1024.0,1.0,,,0.9979800530236083,,,0.9987375331397551,1.0
bimodal,spp_dev,458.sjeng,1024.0,1.0,,,0.9859523809523809,,,0.9897619047619047,1.0
bimodal,spp_dev,459.GemsFDTD,1024.0,1.0,,,0.962603587538026,,,0.9712052868981433,1.0
bimodal,spp_dev,464.h264ref,1024.0,1.0,,,0.975747320924986,,,0.9827975183305134,1.0
bimodal,spp_dev,465.tonto,1024.0,1.0,,,0.9979231568016614,,,0.9981827622014539,1.0
bimodal,spp_dev,470.lbm,1024.0,1.0,,,0.9356858281161069,,,0.952127995952697,1.0
bimodal,spp_dev,471.omnetpp,1024.0,1.0,,,0.951639986566663,,,0.9621627672674353,1.0
bimodal,spp_dev,473.astar,1024.0,1.0,,,0.98407917383821,,,0.9888123924268504,1.0
bimodal,spp_dev,481.wrf,1024.0,1.0,,,0.9918954248366014,,,0.9899346405228758,1.0
bimodal,spp_dev,482.sphinx3,1024.0,1.0,,,0.955079721995094,,,0.9595257563368765,1.0
bimodal,spp_dev,483.xalancbmk,1024.0,1.0,,,0.9513278804402706,,,0.9636473795819449,1.0
bimodal,spp_dev,600.perlbench,1024.0,1.0,,,0.997859818084537,,,0.9981808453718565,1.0
bimodal,spp_dev,602.gcc,1024.0,1.0,,,0.9821039175877884,,,0.9873424066972453,1.0
bimodal,spp_dev,603.bwaves,1024.0,1.0,,,0.999142682180037,,,0.9998775260257196,1.0
bimodal,spp_dev,605.mcf,1024.0,1.0,,,0.9597429976909947,,,0.9648629655657062,1.0
bimodal,spp_dev,607.cactuBSSN,1024.0,1.0,,,0.9532966030576131,,,0.9740577224796585,1.0
bimodal,spp_dev,619.lbm,1024.0,1.0,,,0.939267822736031,,,0.9570712909441235,1.0
bimodal,spp_dev,620.omnetpp,1024.0,1.0,,,0.9612315875613747,,,0.9710515548281505,1.0
bimodal,spp_dev,621.wrf,1024.0,1.0,,,0.9992570579494798,,,0.9994427934621097,1.0
bimodal,spp_dev,623.xalancbmk,1024.0,1.0,,,0.9906661009758166,,,0.9927874416631309,1.0
bimodal,spp_dev,625.x264,1024.0,1.0,,,0.9904275092936803,,,0.9926579925650558,1.0
bimodal,spp_dev,627.cam4,1024.0,1.0,,,0.9400461183704844,,,0.9549247831338532,1.0
bimodal,spp_dev,628.pop2,1024.0,1.0,,,0.9459583142655072,,,0.9612264425677082,1.0
bimodal,spp_dev,631.deepsjeng,1024.0,1.0,,,0.977027027027027,,,0.9851351351351352,1.0
bimodal,spp_dev,638.imagick,1024.0,1.0,,,0.9989012598886609,,,0.9991210079109287,1.0
bimodal,spp_dev,641.leela,1024.0,1.0,,,0.9992826398852225,,,0.9992826398852225,1.0
bimodal,spp_dev,644.nab,1024.0,1.0,,,0.9928507596067918,,,0.9944891271969022,1.0
bimodal,spp_dev,648.exchange2,1024.0,1.0,,,1.0,,,1.0,1.0
bimodal,spp_dev,649.fotonik3d,1024.0,1.0,,,0.9285779191276693,,,0.9402089959109495,1.0
bimodal,spp_dev,654.roms,1024.0,1.0,,,0.9441305712492152,,,0.9580194601381044,1.0
bimodal,spp_dev,657.xz,1024.0,1.0,,,0.9729114500341453,,,0.9772365126337356,1.0
bimodal,spp_dev,cassandra,1024.0,1.0,,,0.9395908407343302,,,0.9671140368300086,1.0
bimodal,spp_dev,classification,1024.0,1.0,,,0.920940791383998,,,0.9642583744687591,1.0
bimodal,spp_dev,cloud9,1024.0,1.0,,,0.9382309941520467,,,0.9077119883040935,1.0
bimodal,spp_dev,nutch,1024.0,1.0,,,0.9480951263396699,,,0.9715246812172417,1.0
gshare,spp_dev,401.bzip2,1024.0,1.0,,,0.9204329661982529,,,0.9766426129889859,1.0
gshare,spp_dev,403.gcc,1024.0,1.0,,,0.993580926180651,,,0.9991976157725814,1.0
gshare,spp_dev,410.bwaves,1024.0,1.0,,,0.9319381255686988,,,0.9482256596906279,1.0
gshare,spp_dev,416.gamess,1024.0,1.0,,,0.9998716797125626,,,0.9998716797125626,1.0
gshare,spp_dev,429.mcf,1024.0,1.0,,,0.9461612213290065,,,0.9690242643262778,1.0
gshare,spp_dev,433.milc,1024.0,1.0,,,0.9194065281899109,,,0.9330563798219584,1.0
gshare,spp_dev,435.gromacs,1024.0,1.0,,,0.9979222683940355,,,0.9979222683940357,1.0
gshare,spp_dev,436.cactusADM,1024.0,1.0,,,0.9254147890208931,,,0.9679690700532569,1.0
gshare,spp_dev,437.leslie3d,1024.0,1.0,,,0.9264557144921255,,,0.9697057265327746,1.0
gshare,spp_dev,444.namd,1024.0,1.0,,,0.9975321699277278,,,0.9984135378106821,1.0
gshare,spp_dev,445.gobmk,1024.0,1.0,,,0.9992175273865413,,,0.9996087636932706,1.0
gshare,spp_dev,447.dealII,1024.0,1.0,,,0.998376974680805,,,0.9988097814325902,1.0
gshare,spp_dev,450.soplex,1024.0,1.0,,,0.9563714902807775,,,0.9636069114470843,1.0
gshare,spp_dev,453.povray,1024.0,1.0,,,0.9995475113122172,,,0.9996983408748115,1.0
gshare,spp_dev,454.calculix,1024.0,1.0,,,0.9997123405887429,,,0.9999041135295811,1.0
gshare,spp_dev,456.hmmer,1024.0,1.0,,,0.9977275596515592,,,0.9989900265118041,1.0
gshare,spp_dev,458.sjeng,1024.0,1.0,,,0.984402460456942,,,0.9887961335676625,1.0
gshare,spp_dev,459.GemsFDTD,1024.0,1.0,,,0.9646287063762793,,,0.9701915507740752,1.0
gshare,spp_dev,464.h264ref,1024.0,1.0,,,0.9867757327880026,,,0.9914110429447852,1.0
gshare,spp_dev,465.tonto,1024.0,1.0,,,0.9974377745241583,,,0.9980478282088824,1.0
gshare,spp_dev,470.lbm,1024.0,1.0,,,0.9375236652783036,,,0.9550044175186168,1.0
gshare,spp_dev,471.omnetpp,1024.0,1.0,,,0.9562115891132572,,,0.9674056189640035,1.0
gshare,spp_dev,473.astar,1024.0,1.0,,,0.9742326105322444,,,0.9818361025063365,1.0
gshare,spp_dev,481.wrf,1024.0,1.0,,,0.9928324270884823,,,0.994686109738013,1.0
gshare,spp_dev,482.sphinx3,1024.0,1.0,,,0.9159700835899691,,,0.9341545681184923,1.0
gshare,spp_dev,483.xalancbmk,1024.0,1.0,,,0.9522530587884214,,,0.9640903212971252,1.0
gshare,spp_dev,600.perlbench,1024.0,1.0,,,0.9976518305048566,,,0.9982922403671685,1.0
gshare,spp_dev,602.gcc,1024.0,1.0,,,0.979019272993413,,,0.9804830446450353,1.0
gshare,spp_dev,603.bwaves,1024.0,1.0,,,0.9998904349731567,,,0.9997808699463132,1.0
gshare,spp_dev,605.mcf,1024.0,1.0,,,0.9587282780410743,,,0.9728475513428121,1.0
gshare,spp_dev,607.cactuBSSN,1024.0,1.0,,,0.9612206436648303,,,0.9544795592925486,1.0
gshare,spp_dev,619.lbm,1024.0,1.0,,,,,,,
gshare,spp_dev,620.omnetpp,1024.0,1.0,,,0.9632733291951169,,,0.9712393958204014,1.0
gshare,spp_dev,621.wrf,1024.0,1.0,,,0.999451453647833,,,0.9998171512159444,1.0
gshare,spp_dev,623.xalancbmk,1024.0,1.0,,,0.987835051546392,,,0.9911340206185568,1.0
gshare,spp_dev,625.x264,1024.0,1.0,,,0.989862600536193,,,0.9928786863270779,1.0
gshare,spp_dev,627.cam4,1024.0,1.0,,,0.9432744379410317,,,0.9637328373721349,1.0
gshare,spp_dev,628.pop2,1024.0,1.0,,,0.9177059402691173,,,0.9341565474236955,1.0
gshare,spp_dev,631.deepsjeng,1024.0,1.0,,,0.9750727802037845,,,0.9819868995633187,1.0
gshare,spp_dev,638.imagick,1024.0,1.0,,,0.9991984844068784,,,0.9994170795686388,1.0
gshare,spp_dev,641.leela,1024.0,1.0,,,0.999321343739396,,,1.000169664065151,1.0
gshare,spp_dev,644.nab,1024.0,1.0,,,0.9944723618090452,,,0.9959798994974873,1.0
gshare,spp_dev,648.exchange2,1024.0,1.0,,,0.9998960282803078,,,0.9998960282803078,1.0
gshare,spp_dev,649.fotonik3d,1024.0,1.0,,,0.925579690220878,,,0.9643479057831547,1.0
gshare,spp_dev,654.roms,1024.0,1.0,,,0.9471036705179596,,,0.9932405879116561,1.0
gshare,spp_dev,657.xz,1024.0,1.0,,,0.968970070422535,,,0.976012323943662,1.0
gshare,spp_dev,cassandra,1024.0,1.0,,,,,,,
gshare,spp_dev,classification,1024.0,1.0,,,0.9494798612963457,,,0.9688716991197652,1.0
gshare,spp_dev,cloud9,1024.0,1.0,,,0.9367732558139535,,,0.9186046511627908,1.0
gshare,spp_dev,nutch,1024.0,1.0,,,0.9416602017067496,,,0.9590768037238169,1.0
hashed_perceptron,next_line,401.bzip2,1024.0,1.0,,,0.9781033153430994,,,0.9859676175790285,1.0
hashed_perceptron,next_line,403.gcc,1024.0,1.0,,,0.9931187569367368,,,0.9978912319644839,1.0
hashed_perceptron,next_line,410.bwaves,1024.0,1.0,,,0.9306762772948907,,,0.9476362094551622,1.0
hashed_perceptron,next_line,416.gamess,1024.0,1.0,,,1.0,,,1.0,1.0
hashed_perceptron,next_line,429.mcf,1024.0,1.0,,,0.9441381600797075,,,0.9582862836267021,1.0
hashed_perceptron,next_line,433.milc,1024.0,1.0,,,0.9470232605799773,,,0.9610103494210473,1.0
hashed_perceptron,next_line,435.gromacs,1024.0,1.0,,,0.9995535714285713,,,1.000892857142857,1.0
hashed_perceptron,next_line,436.cactusADM,1024.0,1.0,,,0.9620751341681575,,,0.9783542039355994,1.0
hashed_perceptron,next_line,437.leslie3d,1024.0,1.0,,,0.9514931814258587,,,0.9632314862765405,1.0
hashed_perceptron,next_line,444.namd,1024.0,1.0,,,0.9981384328989676,,,0.998646133017431,1.0
hashed_perceptron,next_line,445.gobmk,1024.0,1.0,,,0.9993378945045241,,,0.9996689472522622,1.0
hashed_perceptron,next_line,447.dealII,1024.0,1.0,,,0.9996885705387731,,,0.9996885705387729,1.0
hashed_perceptron,next_line,450.soplex,1024.0,1.0,,,0.9507874015748031,,,0.9637232845894264,1.0
hashed_perceptron,next_line,453.povray,1024.0,1.0,,,0.9995027349577323,,,0.9995027349577323,1.0
hashed_perceptron,next_line,454.calculix,1024.0,1.0,,,0.9999103621369665,,,0.9998207242739332,1.0
hashed_perceptron,next_line,456.hmmer,1024.0,1.0,,,0.998238550578762,,,0.9989934574735783,1.0
hashed_perceptron,next_line,458.sjeng,1024.0,1.0,,,0.9787063720781302,,,0.9851104707012489,1.0
hashed_perceptron,next_line,459.GemsFDTD,1024.0,1.0,,,0.9661262005576785,,,0.9755757513167407,1.0
hashed_perceptron,next_line,462.libquantum,1024.0,1.0,,,,,,0.9538461538461539,1.0
hashed_perceptron,next_line,464.h264ref,1024.0,1.0,,,0.9908381824935001,,,0.9949238578680205,1.0
hashed_perceptron,next_line,465.tonto,1024.0,1.0,,,0.998693806465658,,,0.9990203548492435,1.0
hashed_perceptron,next_line,470.lbm,1024.0,1.0,,,0.9352564102564102,,,0.9519230769230768,1.0
hashed_perceptron,next_line,471.omnetpp,1024.0,1.0,,,0.95828331332533,,,0.9689875950380151,1.0
hashed_perceptron,next_line,473.astar,1024.0,1.0,,,0.9763130792996911,,,0.9824922760041195,1.0
hashed_perceptron,next_line,481.wrf,1024.0,1.0,,,0.9961120640365925,,,0.9963407661520871,1.0
hashed_perceptron,next_line,482.sphinx3,1024.0,1.0,,,0.953884978084739,,,0.9661309602868908,1.0
hashed_perceptron,next_line,483.xalancbmk,1024.0,1.0,,,,,,,
hashed_perceptron,next_line,600.perlbench,1024.0,1.0,,,0.9980743893787372,,,0.9985811290159116,1.0
hashed_perceptron,next_line,602.gcc,1024.0,1.0,,,0.9814541622760801,,,0.9833508956796628,1.0
hashed_perceptron,next_line,603.bwaves,1024.0,1.0,,,1.0000000000000002,,,1.0005300821627352,1.0
hashed_perceptron,next_line,605.mcf,1024.0,1.0,,,0.9639065817409767,,,0.9715249156987636,1.0
hashed_perceptron,next_line,607.cactuBSSN,1024.0,1.0,,,0.9796937323924019,,,0.9849655518674515,1.0
hashed_perceptron,next_line,619.lbm,1024.0,1.0,,,0.9363560150901216,,,0.9531926784965769,1.0
hashed_perceptron,next_line,620.omnetpp,1024.0,1.0,,,0.9631459341962256,,,0.9728287718604881,1.0
hashed_perceptron,next_line,621.wrf,1024.0,1.0,,,1.0,,,1.0,1.0
hashed_perceptron,next_line,623.xalancbmk,1024.0,1.0,,,0.9907842768478464,,,0.9926650366748166,1.0
hashed_perceptron,next_line,625.x264,1024.0,1.0,,,0.9879945891105848,,,0.9917145755833614,1.0
hashed_perceptron,next_line,627.cam4,1024.0,1.0,,,0.9528175740210126,,,0.9644699140401146,1.0
hashed_perceptron,next_line,628.pop2,1024.0,1.0,,,0.9435037720033528,,,0.9533948030176026,1.0
hashed_perceptron,next_line,631.deepsjeng,1024.0,1.0,,,0.97373572593801,,,0.9807504078303425,1.0
hashed_perceptron,next_line,638.imagick,1024.0,1.0,,,0.9997821983447073,,,0.9999273994482357,1.0
hashed_perceptron,next_line,641.leela,1024.0,1.0,,,0.9994279176201374,,,0.9994279176201374,1.0
hashed_perceptron,next_line,644.nab,1024.0,1.0,,,0.9987449314539485,,,0.9980691253137671,1.0
hashed_perceptron,next_line,648.exchange2,1024.0,1.0,,,0.9999169435215948,,,0.9998338870431894,1.0
hashed_perceptron,next_line,649.fotonik3d,1024.0,1.0,,,0.9402090655132015,,,0.9559790934486798,1.0
hashed_perceptron,next_line,654.roms,1024.0,1.0,,,0.9637376743100531,,,0.9744150767255968,1.0
hashed_perceptron,next_line,657.xz,1024.0,1.0,,,0.9697154471544717,,,0.9758130081300813,1.0
hashed_perceptron,next_line,cassandra,1024.0,1.0,,,0.9482149217743924,,,,1.0
hashed_perceptron,next_line,classification,1024.0,1.0,,,0.9547931231806533,,,0.9670589406115492,1.0
hashed_perceptron,next_line,cloud9,1024.0,1.0,,,0.9580193756727664,,,0.9664513814137065,1.0
hashed_perceptron,next_line,nutch,1024.0,1.0,,,0.9432774620530897,,,,1.0
hashed_perceptron,no,401.bzip2,1024.0,1.0,,,0.9752206381534284,,,0.9809911744738627,1.0
hashed_perceptron,no,403.gcc,1024.0,1.0,,,0.9938574938574937,,,0.9966495421040874,1.0
hashed_perceptron,no,410.bwaves,1024.0,1.0,,,0.9310327093190701,,,0.9484416786669408,1.0
hashed_perceptron,no,416.gamess,1024.0,1.0,,,0.9998840579710145,,,0.9998840579710145,1.0
hashed_perceptron,no,429.mcf,1024.0,1.0,,,0.9487196280044536,,,0.9624074923046697,1.0
hashed_perceptron,no,433.milc,1024.0,1.0,,,0.9560418154665282,,,0.967144990585027,1.0
hashed_perceptron,no,435.gromacs,1024.0,1.0,,,0.9983094781922686,,,0.9981967767384198,1.0
hashed_perceptron,no,436.cactusADM,1024.0,1.0,,,0.9526883889841622,,,0.969181882376677,1.0
hashed_perceptron,no,437.leslie3d,1024.0,1.0,,,0.9377757075924049,,,0.9528180398388909,1.0
hashed_perceptron,no,444.namd,1024.0,1.0,,,0.9972782172322872,,,0.9981287743471974,1.0
hashed_perceptron,no,445.gobmk,1024.0,1.0,,,0.9991162174105171,,,0.9993371630578878,1.0
hashed_perceptron,no,447.dealII,1024.0,1.0,,,0.9989611468938292,,,0.9991689175150634,1.0
hashed_perceptron,no,450.soplex,1024.0,1.0,,,0.9454756380510441,,,0.9568656401603037,1.0
hashed_perceptron,no,453.povray,1024.0,1.0,,,0.9998755754634815,,,0.9998755754634815,1.0
hashed_perceptron,no,454.calculix,1024.0,1.0,,,0.9993714644877434,,,0.9995510460626739,1.0
hashed_perceptron,no,456.hmmer,1024.0,1.0,,,0.9973464746019711,,,0.9987364164771291,1.0
hashed_perceptron,no,458.sjeng,1024.0,1.0,,,0.9792166266986408,,,0.9852917665867306,1.0
hashed_perceptron,no,459.GemsFDTD,1024.0,1.0,,,0.9672225416906268,,,0.9765277850384235,1.0
hashed_perceptron,no,462.libquantum,1024.0,1.0,,,,,,0.9486192166536309,1.0
hashed_perceptron,no,464.h264ref,1024.0,1.0,,,0.9906162820187675,,,0.9948009130103981,1.0
hashed_perceptron,no,465.tonto,1024.0,1.0,,,0.996814237064704,,,0.9975832143249478,1.0
hashed_perceptron,no,470.lbm,1024.0,1.0,,,0.9355950329748678,,,0.9519339314360405,1.0
hashed_perceptron,no,471.omnetpp,1024.0,1.0,,,0.9600367009888877,,,0.970639208889795,1.0
hashed_perceptron,no,473.astar,1024.0,1.0,,,0.9736564805057955,,,0.9810326659641727,1.0
hashed_perceptron,no,481.wrf,1024.0,1.0,,,0.9922912713472486,,,0.9944259962049335,1.0
hashed_perceptron,no,482.sphinx3,1024.0,1.0,,,0.9415450121654501,,,0.9549878345498783,1.0
hashed_perceptron,no,483.xalancbmk,1024.0,1.0,,,0.9508701086433996,,,0.9652917988654937,1.0
hashed_perceptron,no,600.perlbench,1024.0,1.0,,,0.9977592177632919,,,0.9981666327154207,1.0
hashed_perceptron,no,602.gcc,1024.0,1.0,,,0.9752735229759303,,,0.9849015317286655,1.0
hashed_perceptron,no,603.bwaves,1024.0,1.0,,,0.9995585378774501,,,0.9992936606039202,1.0
hashed_perceptron,no,605.mcf,1024.0,1.0,,,0.9508355534027608,,,0.9664971340921934,1.0
hashed_perceptron,no,607.cactuBSSN,1024.0,1.0,,,0.9550684738105322,,,0.9586686432302696,1.0
hashed_perceptron,no,619.lbm,1024.0,1.0,,,0.9364462637896342,,,0.9528897523069451,1.0
hashed_perceptron,no,620.omnetpp,1024.0,1.0,,,0.9619299275787825,,,0.9723037776472891,1.0
hashed_perceptron,no,621.wrf,1024.0,1.0,,,0.9998239746523498,,,0.9998239746523498,1.0
hashed_perceptron,no,623.xalancbmk,1024.0,1.0,,,0.9876660341555978,,,0.991271347248577,1.0
hashed_perceptron,no,625.x264,1024.0,1.0,,,0.9894254787676937,,,0.9924229808492921,1.0
hashed_perceptron,no,627.cam4,1024.0,1.0,,,0.9665419783873648,,,0.9871155444721529,1.0
hashed_perceptron,no,628.pop2,1024.0,1.0,,,0.9469290399522957,,,0.9580600278274696,1.0
hashed_perceptron,no,631.deepsjeng,1024.0,1.0,,,0.9725893294175234,,,0.9799314733235438,1.0
hashed_perceptron,no,638.imagick,1024.0,1.0,,,0.9977355734112492,,,0.9987582176771368,1.0
hashed_perceptron,no,641.leela,1024.0,1.0,,,0.9992844876931883,,,0.9994275901545506,1.0
hashed_perceptron,no,644.nab,1024.0,1.0,,,0.9954791154791155,,,0.9967567567567567,1.0
hashed_perceptron,no,648.exchange2,1024.0,1.0,,,1.0,,,1.0,1.0
hashed_perceptron,no,649.fotonik3d,1024.0,1.0,,,0.9435701586883519,,,0.9578586949364588,1.0
hashed_perceptron,no,654.roms,1024.0,1.0,,,0.9516927412653107,,,0.9638689164288037,1.0
hashed_perceptron,no,657.xz,1024.0,1.0,,,0.9664804469273741,,,0.9749637906062486,1.0
hashed_perceptron,no,cassandra,1024.0,1.0,,,0.9484933986371379,,,0.9570911413969335,1.0
hashed_perceptron,no,classification,1024.0,1.0,,,0.9544222173371437,,,0.9551061283310129,1.0
hashed_perceptron,no,cloud9,1024.0,1.0,,,0.9344233473980311,,,0.9490154711673698,1.0
hashed_perceptron,no,nutch,1024.0,1.0,,,0.9469822812846068,,,0.959717607973422,1.0
hashed_perceptron,spp_dev,401.bzip2,128.0,1.0,1.0059706893432243,0.9639949339605572,0.7751040347385562,0.7886737832458838,0.7868644834449067,0.8225076895241542,0.8102044508775104
hashed_perceptron,spp_dev,401.bzip2,256.0,1.0,1.0,0.93070381762258,0.8686448344490683,0.8802243531753212,0.8420481273747059,0.8751583137325855,0.8762438936131717
hashed_perceptron,spp_dev,401.bzip2,512.0,1.0,1.0,0.9623665641396779,0.9654423738013389,0.9261805681201375,0.9670707436222181,0.9272661480007237,0.950787045413425
hashed_perceptron,spp_dev,401.bzip2,1024.0,1.0,1.0,1.0043423195223449,0.9310656775827755,0.9956576804776551,0.9887823412339424,0.9844400217115977,1.0
hashed_perceptron,spp_dev,401.bzip2,1024.0,2.0,1.0,1.0043423195223449,0.9310656775827755,,,,
hashed_perceptron,spp_dev,401.bzip2,1024.0,4.0,1.0,1.0043423195223449,0.9310656775827755,,,,
hashed_perceptron,spp_dev,401.bzip2,2048.0,1.0,1.0,0.9741270128460284,0.9618237741993848,1.0,1.0,0.9791930522887644,1.0
hashed_perceptron,spp_dev,401.bzip2,4096.0,1.0,1.0,1.0119413786864484,0.9851637416319885,1.0,1.0,1.0,1.0
hashed_perceptron,spp_dev,403.gcc,128.0,1.0,0.9991034405469011,0.9950689230079569,0.9512495797377561,0.9551720273450631,0.9549478874817885,0.9539392580970524,0.9624565729014902
hashed_perceptron,spp_dev,403.gcc,256.0,1.0,0.9955172027345061,0.9979827412305278,0.96794799955172,0.97512047517651,0.9744480555866859,0.9726549366804884,0.9837498599125851
hashed_perceptron,spp_dev,403.gcc,512.0,1.0,0.999775860136725,0.9973103216407037,0.9883447271097161,0.988905076767903,0.9901378460159138,0.9866636781351562,0.9909223355373752
hashed_perceptron,spp_dev,403.gcc,1024.0,1.0,0.999439650341813,0.9995517202734505,0.9950689230079569,0.9984310209570771,0.9955172027345063,0.9940602936232208,1.0
hashed_perceptron,spp_dev,403.gcc,1024.0,2.0,0.9996637902050878,0.9995517202734505,0.9950689230079569,,,,
hashed_perceptron,spp_dev,403.gcc,1024.0,4.0,0.9993275804101758,0.9995517202734505,0.9950689230079569,,,,
hashed_perceptron,spp_dev,403.gcc,2048.0,1.0,1.0,0.9970861817774289,0.9982068810938023,1.0,1.0,0.997758601367253,1.0
hashed_perceptron,spp_dev,403.gcc,4096.0,1.0,1.0,0.997422391572341,0.9986551608203517,1.0,1.0,1.0,1.0
hashed_perceptron,spp_dev,410.bwaves,128.0,1.0,1.0,0.7329759217456734,0.5648984198645598,0.6020504138449961,0.5891647855530473,0.5832392776523702,0.6379796839729119
hashed_perceptron,spp_dev,410.bwaves,256.0,1.0,1.0,0.8495109104589916,0.7078630549285175,0.7373965387509404,0.7274266365688488,0.7286493604213693,0.7851768246802105
hashed_perceptron,spp_dev,410.bwaves,512.0,1.0,1.0,0.9572046651617757,0.8495109104589916,0.885158013544018,0.870015048908954,0.8724604966139954,0.9166666666666665
hashed_perceptron,spp_dev,410.bwaves,1024.0,1.0,1.0,0.9876787057938297,0.9310571858540254,0.954665161775771,0.9435665914221218,0.9525959367945822,1.0
hashed_perceptron,spp_dev,410.bwaves,1024.0,2.0,1.0,0.9876787057938297,0.9310571858540254,,,,
hashed_perceptron,spp_dev,410.bwaves,1024.0,4.0,1.0,0.9876787057938297,0.9310571858540254,,,,
hashed_perceptron,spp_dev,410.bwaves,2048.0,1.0,1.0,0.9955793829947327,0.9560759969902181,1.0,1.0,0.971218961625282,1.0
hashed_perceptron,spp_dev,410.bwaves,4096.0,1.0,1.0,0.9827878103837472,0.9715951843491345,1.0,1.0,1.0,1.0
hashed_perceptron,spp_dev,416.gamess,128.0,1.0,1.0,1.0,0.9984929283561327,0.9987247855321121,0.9986088569441224,0.9987247855321121,0.9988407141201019
hashed_perceptron,spp_dev,416.gamess,256.0,1.0,1.0,1.0001159285879897,0.9988407141201019,0.999304428472061,0.999304428472061,0.9990725712960813,0.999304428472061
hashed_perceptron,spp_dev,416.gamess,512.0,1.0,1.0,0.9998840714120101,0.9995362856480406,0.9997681428240204,0.9997681428240204,0.9995362856480406,0.9997681428240204
hashed_perceptron,spp_dev,416.gamess,1024.0,1.0,1.0,1.0001159285879897,0.9997681428240204,0.9997681428240204,0.9997681428240204,0.9996522142360306,1.0
hashed_perceptron,spp_dev,416.gamess,1024.0,2.0,1.0,1.0001159285879897,0.9997681428240204,,,,
hashed_perceptron,spp_dev,416.gamess,1024.0,4.0,1.0,1.0001159285879897,0.9997681428240204,,,,
hashed_perceptron,spp_dev,416.gamess,2048.0,1.0,1.0,1.0,0.9997681428240204,1.0,1.0,1.0,1.0
hashed_perceptron,spp_dev,416.gamess,4096.0,1.0,1.0,1.0,1.0,1.0,1.0,1.0,1.0
hashed_perceptron,spp_dev,429.mcf,128.0,1.0,0.9990027779756394,0.7920079777761948,0.6199159484293754,0.6538214972576395,0.6443478880262128,0.6281786452026498,0.6919296246171379
hashed_perceptron,spp_dev,429.mcf,256.0,1.0,1.0,0.8850345466201298,0.7416482655459791,0.7816796068096018,0.7694280219388846,0.771422465987606,0.8180782106987676
hashed_perceptron,spp_dev,429.mcf,512.0,1.0,1.0,0.9571906830970867,0.8853906973431156,0.9019873210342617,0.904337915805969,0.8912315692000854,0.9440131063466058
hashed_perceptron,spp_dev,429.mcf,1024.0,1.0,1.0,0.9804829403803691,0.9362490205855118,0.9754256001139684,0.9701545694137759,0.9566208419403092,1.0
hashed_perceptron,spp_dev,429.mcf,1024.0,2.0,1.0,0.9804829403803691,0.9362490205855118,,,,
hashed_perceptron,spp_dev,429.mcf,1024.0,4.0,1.0,0.9804829403803691,0.9362490205855118,,,,
hashed_perceptron,spp_dev,429.mcf,2048.0,1.0,1.0,0.9970795640715151,0.979414488211411,1.0,1.0,0.9915236127929341,1.0
hashed_perceptron,spp_dev,429.mcf,4096.0,1.0,1.0,1.0004273808675832,0.9893867084550182,1.0,1.0,1.0,1.0
hashed_perceptron,spp_dev,433.milc,128.0,1.0,0.9984335462103867,0.7390046993613687,0.5677792505121099,0.5893481142306302,0.6111579708398601,0.5724786118809495,0.6569466200747077
hashed_perceptron,spp_dev,433.milc,256.0,1.0,1.0,0.8862513555850101,0.6956259790336183,0.7614170381973729,0.7478009398722737,0.7402096638149174,0.7891312206289914
hashed_perceptron,spp_dev,433.milc,512.0,1.0,1.0,0.9821665260874802,0.866248945656103,0.90384383660682,0.8719122785877814,0.8880588022653331,0.9078202193035305
hashed_perceptron,spp_dev,433.milc,1024.0,1.0,1.0,0.9736112784672852,0.9174599349319195,0.9749367393661886,0.9736112784672852,0.9264971683335341,1.0
hashed_perceptron,spp_dev,433.milc,1024.0,2.0,1.0,0.9736112784672852,0.9174599349319195,,,,
hashed_perceptron,spp_dev,433.milc,1024.0,4.0,1.0,0.9736112784672852,0.9174599349319195,,,,
hashed_perceptron,spp_dev,433.milc,2048.0,1.0,1.0,0.9760212073743825,0.9790336185082539,1.0,1.0,0.9909627665983851,1.0
hashed_perceptron,spp_dev,433.milc,4096.0,1.0,1.0,1.0010844680081936,0.971080853114833,1.0,1.0,1.0,1.0
hashed_perceptron,spp_dev,435.gromacs,128.0,1.0,1.0,0.9989891047961363,0.9876446141749973,0.9878692575536338,0.988543187689543,0.9878692575536338,0.9904526564079524
hashed_perceptron,spp_dev,435.gromacs,256.0,1.0,1.0,0.9993260698640909,0.992811411883635,0.9939346287768169,0.9914635516118164,0.993373020330226,0.9940469504661351
hashed_perceptron,spp_dev,435.gromacs,512.0,1.0,1.0,0.9996630349320458,0.9946085589127263,0.9959564191845448,0.9970796360777269,0.9962933842524995,0.9959564191845448
hashed_perceptron,spp_dev,435.gromacs,1024.0,1.0,1.0,0.9986521397281817,0.9980905312815905,1.0010108952038639,0.9989891047961363,0.9991014264854544,1.0
hashed_perceptron,spp_dev,435.gromacs,1024.0,2.0,1.0,0.9986521397281817,0.9980905312815905,,,,
hashed_perceptron,spp_dev,435.gromacs,1024.0,4.0,1.0,0.9986521397281817,0.9980905312815905,,,,
hashed_perceptron,spp_dev,435.gromacs,2048.0,1.0,1.0,0.9995507132427274,0.9979782095922726,1.0,1.0,0.9997753566213637,1.0
hashed_perceptron,spp_dev,435.gromacs,4096.0,1.0,1.0,1.0001123216893184,0.9993260698640909,1.0,1.0,1.0,1.0
hashed_perceptron,spp_dev,436.cactusADM,128.0,1.0,0.9754862707617596,0.8246583834887505,0.6595458889778628,0.6955028026761038,0.6841629426807533,0.6926097176659004,0.7266292976519516
hashed_perceptron,spp_dev,436.cactusADM,256.0,1.0,1.0,0.8796011675664506,0.7733577867899672,0.7969674269625191,0.7911295947097875,0.7892697543460855,0.8321752382920466
hashed_perceptron,spp_dev,436.cactusADM,512.0,1.0,1.0,0.9478728075840158,0.8920259344406273,0.9184511662748949,0.9180636995324569,0.8848965463797692,0.9214992379820733
hashed_perceptron,spp_dev,436.cactusADM,1024.0,1.0,1.0,0.9908557848784646,0.933588200346137,0.9699325807868159,0.9493710123214425,0.9651279931805854,1.0
hashed_perceptron,spp_dev,436.cactusADM,1024.0,2.0,1.0,0.9908557848784646,0.933588200346137,,,,
hashed_perceptron,spp_dev,436.cactusADM,1024.0,4.0,1.0,0.9908557848784646,0.933588200346137,,,,
hashed_perceptron,spp_dev,436.cactusADM,2048.0,1.0,1.0,0.9728256657970191,0.9582310851651901,1.0,1.0,0.9900033580451011,1.0
hashed_perceptron,spp_dev,436.cactusADM,4096.0,1.0,1.0,0.9909591093431148,0.9729806524939942,1.0,1.0,1.0,1.0
hashed_perceptron,spp_dev,437.leslie3d,128.0,1.0,1.0039502842277677,0.7534444551498217,0.5741882647653916,0.6000096348395799,0.5837267559495134,0.5998169380479815,0.6365256768474805
hashed_perceptron,spp_dev,437.leslie3d,256.0,1.0,1.0,0.8702668850563638,0.7077753155409963,0.7460738028711822,0.7287310916273244,0.7332594662298872,0.7732440504865593
hashed_perceptron,spp_dev,437.leslie3d,512.0,1.0,1.0,0.9605935061181231,0.8785528470950958,0.8907890933615956,0.885249060603141,0.8722902013681473,0.9261489546199054
hashed_perceptron,spp_dev,437.leslie3d,1024.0,1.0,1.0,0.9881491473166972,0.9320743809615569,0.9740341073321129,0.9640620483668946,0.9553906927449658,1.0
hashed_perceptron,spp_dev,437.leslie3d,1024.0,2.0,1.0,0.9881491473166972,0.9320743809615569,,,,
hashed_perceptron,spp_dev,437.leslie3d,1024.0,4.0,1.0,0.9881491473166972,0.9320743809615569,,,,
hashed_perceptron,spp_dev,437.leslie3d,2048.0,1.0,1.0,0.9915695153675691,0.9858367858175162,1.0,1.0,1.0243279699393004,1.0
hashed_perceptron,spp_dev,437.leslie3d,4096.0,1.0,1.0,1.0132479044223912,1.0002890451873976,1.0,1.0,1.0,1.0
hashed_perceptron,spp_dev,444.namd,128.0,1.0,1.0,0.9967292132897226,0.9622998794973316,0.9713375796178345,0.9734894129798588,0.9734894129798588,0.9776209330349458
hashed_perceptron,spp_dev,444.namd,256.0,1.0,1.0,0.9985367533138233,0.9829574797727665,0.9854536064727148,0.9859700464796006,0.9839042864520571,0.9850232398003099
hashed_perceptron,spp_dev,444.namd,512.0,1.0,1.0,1.000430366672405,0.9925976932346359,0.9929419865725599,0.9950077466001032,0.992253399896712,0.996040626613875
hashed_perceptron,spp_dev,444.namd,1024.0,1.0,1.0,0.9997417799965571,0.9964709932862799,0.9978481666379755,0.9977620933034944,0.9970735066276468,1.0
hashed_perceptron,spp_dev,444.namd,1024.0,2.0,1.0,0.9997417799965571,0.9964709932862799,,,,
hashed_perceptron,spp_dev,444.namd,1024.0,4.0,1.0,0.9997417799965571,0.9964709932862799,,,,
hashed_perceptron,spp_dev,444.namd,2048.0,1.0,1.0,1.0,0.9985367533138234,1.0,1.0,0.9986228266483044,1.0
hashed_perceptron,spp_dev,444.namd,4096.0,1.0,1.0,1.000086073334481,0.9983646066448614,1.0,1.0,1.0,1.0
hashed_perceptron,spp_dev,445.gobmk,128.0,1.0,1.0,1.0,0.9953611663353216,0.9962447537000222,0.9959134084382595,0.9956925115970844,0.99679699580296
hashed_perceptron,spp_dev,445.gobmk,256.0,1.0,1.0,1.0001104484205876,0.9970178926441354,0.997349237905898,0.9970178926441353,0.9974596863264857,0.9977910315882483
hashed_perceptron,spp_dev,445.gobmk,512.0,1.0,1.0,1.0001104484205876,0.9985641705323616,0.9988955157941244,0.9988955157941244,0.9984537221117739,0.9993373094764747
hashed_perceptron,spp_dev,445.gobmk,1024.0,1.0,1.0,1.0002208968411752,0.9992268610558871,0.9997791031588249,0.9996686547382374,0.9995582063176499,1.0
hashed_perceptron,spp_dev,445.gobmk,1024.0,2.0,1.0,1.0002208968411752,0.9992268610558871,,,,
hashed_perceptron,spp_dev,445.gobmk,1024.0,4.0,1.0,1.0002208968411752,0.9992268610558871,,,,
hashed_perceptron,spp_dev,445.gobmk,2048.0,1.0,1.0,1.0001104484205878,1.0,1.0,1.0,0.9998895515794125,1.0
hashed_perceptron,spp_dev,445.gobmk,4096.0,1.0,1.0,1.0,0.9998895515794125,1.0,1.0,1.0,1.0
hashed_perceptron,spp_dev,447.dealII,128.0,1.0,1.0,0.9980267940596116,0.990445529130751,0.993041852736525,0.9929379997922941,0.9915879115172915,0.9938726762903727
hashed_perceptron,spp_dev,447.dealII,256.0,1.0,1.0,0.9995845882230762,0.9954304704538374,0.9962612940076851,0.9959497351749922,0.9953266175096064,0.9970921175615328
hashed_perceptron,spp_dev,447.dealII,512.0,1.0,1.0,0.9989614705576904,0.9975075293384569,0.9984422058365356,0.9982344999480736,0.9978190881711497,0.9989614705576904
hashed_perceptron,spp_dev,447.dealII,1024.0,1.0,1.0,1.000103852944231,0.9989614705576904,0.9997922941115381,0.9988576176134594,0.9995845882230762,1.0
hashed_perceptron,spp_dev,447.dealII,1024.0,2.0,1.0,1.000103852944231,0.9989614705576904,,,,
hashed_perceptron,spp_dev,447.dealII,1024.0,4.0,1.0,1.000103852944231,0.9989614705576904,,,,
hashed_perceptron,spp_dev,447.dealII,2048.0,1.0,1.0,0.999792294111538,0.9991691764461523,1.0,1.0,0.9994807352788453,1.0
hashed_perceptron,spp_dev,447.dealII,4096.0,1.0,1.0,1.0,1.000207705888462,1.0,1.0,1.0,1.0
hashed_perceptron,spp_dev,450.soplex,128.0,1.0,0.962104603820858,0.822319657584299,0.6373316630128406,0.666353481574277,0.6588370393569265,0.6513205971395761,0.7057104081845704
hashed_perceptron,spp_dev,450.soplex,256.0,1.0,1.001774715523541,0.9068796325294916,0.7661551310157636,0.7784737446497545,0.793402234053659,0.7901659880989664,0.8210669172147405
hashed_perceptron,spp_dev,450.soplex,512.0,1.0,1.0,0.9611650485436892,0.8951873890802797,0.9132477294080801,0.8937258586491282,0.8957093642342624,0.9305773045203047
hashed_perceptron,spp_dev,450.soplex,1024.0,1.0,1.0,0.9825660298569787,0.9353794759369454,0.9817308696106065,0.9642968994675852,0.9445662386470403,1.0
hashed_perceptron,spp_dev,450.soplex,1024.0,2.0,1.0,0.9825660298569787,0.9353794759369454,,,,
hashed_perceptron,spp_dev,450.soplex,1024.0,4.0,1.0,0.9825660298569787,0.9353794759369454,,,,
hashed_perceptron,spp_dev,450.soplex,2048.0,1.0,1.0,0.9899780770435327,0.9749451926088318,1.0,1.0,0.9825660298569786,1.0
hashed_perceptron,spp_dev,450.soplex,4096.0,1.0,1.0,1.01054389811045,0.9883077565507882,1.0,1.0,1.0,1.0
hashed_perceptron,spp_dev,453.povray,128.0,1.0,1.0,0.9997511818860412,0.9977606369743717,0.997885046031351,0.9980094550883302,0.997885046031351,0.998258273202289
hashed_perceptron,spp_dev,453.povray,256.0,1.0,1.0,0.9998755909430207,0.9983826822592685,0.9987559094302065,0.9987559094302065,0.9985070913162478,0.9988803184871858
hashed_perceptron,spp_dev,453.povray,512.0,1.0,1.0,0.9998755909430205,0.9992535456581239,0.9992535456581239,0.9992535456581239,0.9992535456581239,0.9992535456581239
hashed_perceptron,spp_dev,453.povray,1024.0,1.0,1.0,0.9998755909430205,0.9997511818860412,0.9997511818860412,0.9997511818860412,0.9997511818860412,1.0
hashed_perceptron,spp_dev,453.povray,1024.0,2.0,1.0,0.9998755909430205,0.9997511818860412,,,,
hashed_perceptron,spp_dev,453.povray,1024.0,4.0,1.0,0.9998755909430205,0.9997511818860412,,,,
hashed_perceptron,spp_dev,453.povray,2048.0,1.0,1.0,1.0,0.9998755909430205,1.0,1.0,0.9998755909430207,1.0
hashed_perceptron,spp_dev,453.povray,4096.0,1.0,1.0,1.0,0.9998755909430207,1.0,1.0,1.0,1.0
hashed_perceptron,spp_dev,454.calculix,128.0,1.0,1.0,0.999640836850139,0.9954206698392744,0.9959594145640658,0.9956900422016701,0.9956900422016701,0.9963185777139265
hashed_perceptron,spp_dev,454.calculix,256.0,1.0,1.0,0.9997306276376043,0.9972164855885787,0.9974858579509742,0.9976654395259047,0.9974858579509743,0.9979348118883002
hashed_perceptron,spp_dev,454.calculix,512.0,1.0,1.0,0.9999102092125347,0.9988327197629523,0.999102092125348,0.9989225105504177,0.9989225105504177,0.9991918829128131
hashed_perceptron,spp_dev,454.calculix,1024.0,1.0,1.0,1.0,0.9995510460626739,0.9999102092125347,0.9997306276376043,0.9995510460626739,1.0
hashed_perceptron,spp_dev,454.calculix,1024.0,2.0,1.0,1.0,0.9995510460626739,,,,
hashed_perceptron,spp_dev,454.calculix,1024.0,4.0,1.0,1.0,0.9995510460626739,,,,
hashed_perceptron,spp_dev,454.calculix,2048.0,1.0,1.0,1.0,0.9995510460626739,1.0,1.0,0.999640836850139,1.0
hashed_perceptron,spp_dev,454.calculix,4096.0,1.0,1.0,1.0,0.9998204184250694,1.0,1.0,1.0,1.0
hashed_perceptron,spp_dev,456.hmmer,128.0,1.0,1.0,0.9983612756838522,0.9836127568385227,0.9857557040211774,0.9843690911382832,0.9847472582881635,0.9887810412202194
hashed_perceptron,spp_dev,456.hmmer,256.0,1.0,1.0,0.9993697214168663,0.9902937098197403,0.9907979326862474,0.9907979326862474,0.990545821252994,0.9928148241522754
hashed_perceptron,spp_dev,456.hmmer,512.0,1.0,1.0,0.9998739442833733,0.9945796041850499,0.9959662170679441,0.9959662170679441,0.9952098827681835,0.9971007185175849
hashed_perceptron,spp_dev,456.hmmer,1024.0,1.0,1.0,1.0002521114332537,0.9982352199672256,0.9992436657002395,0.9988654985503592,0.9989915542669862,1.0
hashed_perceptron,spp_dev,456.hmmer,1024.0,2.0,1.0,1.0002521114332537,0.9982352199672256,,,,
hashed_perceptron,spp_dev,456.hmmer,1024.0,4.0,1.0,1.0002521114332537,0.9982352199672256,,,,
hashed_perceptron,spp_dev,456.hmmer,2048.0,1.0,1.0,1.0000000000000002,0.9991176099836128,1.0,1.0,0.9992436657002395,1.0
hashed_perceptron,spp_dev,456.hmmer,4096.0,1.0,1.0,1.0002521114332537,0.9996218328501197,1.0,1.0,1.0,1.0
hashed_perceptron,spp_dev,458.sjeng,128.0,1.0,1.0,0.9888178913738018,0.8704472843450479,0.8851437699680512,0.8784345047923324,0.8769968051118211,0.8992012779552715
hashed_perceptron,spp_dev,458.sjeng,256.0,1.0,1.0,0.9956869009584666,0.9027156549520767,0.9129392971246006,0.912300319488818,0.9097444089456869,0.9311501597444091
hashed_perceptron,spp_dev,458.sjeng,512.0,1.0,1.0,0.9960063897763579,0.9552715654952078,0.9638977635782747,0.9621405750798722,0.9587859424920128,0.9706070287539936
hashed_perceptron,spp_dev,458.sjeng,1024.0,1.0,1.0,0.9987220447284345,0.9782747603833866,0.9894568690095845,0.9859424920127797,0.9833865814696485,1.0
hashed_perceptron,spp_dev,458.sjeng,1024.0,2.0,1.0,0.9987220447284345,0.9782747603833866,,,,
hashed_perceptron,spp_dev,458.sjeng,1024.0,4.0,1.0,0.9987220447284345,0.9782747603833866,,,,
hashed_perceptron,spp_dev,458.sjeng,2048.0,1.0,1.0,0.9992012779552716,0.9899361022364218,1.0,1.0,0.9948881789137382,1.0
hashed_perceptron,spp_dev,458.sjeng,4096.0,1.0,1.0,0.9996805111821087,0.9929712460063899,1.0,1.0,1.0,1.0
hashed_perceptron,spp_dev,459.GemsFDTD,128.0,1.0,1.000420654117152,0.9466820906509623,0.701282995057314,0.7401409191292458,0.7227363550320748,0.7181617415080449,0.7677989273320012
hashed_perceptron,spp_dev,459.GemsFDTD,256.0,1.0,1.0,0.9670838153328425,0.8214849090335471,0.8452518666526447,0.8414133978336312,0.8344726049006204,0.8764328530865494
hashed_perceptron,spp_dev,459.GemsFDTD,512.0,1.0,1.0,0.9910611000105164,0.9252287306762015,0.9396361341886632,0.9345882847828373,0.9300136712588074,0.9516773582921442
hashed_perceptron,spp_dev,459.GemsFDTD,1024.0,1.0,1.0,0.9945840782416658,0.963350510043117,0.9833315806078452,0.980492165317068,0.9736565359133451,1.0
hashed_perceptron,spp_dev,459.GemsFDTD,1024.0,2.0,1.0,0.9945840782416658,0.963350510043117,,,,
hashed_perceptron,spp_dev,459.GemsFDTD,1024.0,4.0,1.0,0.9945840782416658,0.963350510043117,,,,
hashed_perceptron,spp_dev,459.GemsFDTD,2048.0,1.0,1.0,1.0011567988221683,0.9841728888421494,1.0,1.0,0.9926911347144809,1.0
hashed_perceptron,spp_dev,459.GemsFDTD,4096.0,1.0,1.0,0.9970028394152907,0.9929014617730569,1.0,1.0,1.0,1.0
hashed_perceptron,spp_dev,464.h264ref,128.0,1.0,0.9971331769611675,0.9386239249413604,0.8584831899921814,0.8801146729215533,0.8689080010424812,0.8742507167057597,0.9052645295804014
hashed_perceptron,spp_dev,464.h264ref,256.0,1.0,1.0,0.9829293719051343,0.9258535314047434,0.9369298931456868,0.9291112848579621,0.920901746155851,0.9300234558248632
hashed_perceptron,spp_dev,464.h264ref,512.0,1.0,1.0,0.9913995308835027,0.9576492051081575,0.9770654156893406,0.9629919207714361,0.9602554078707324,0.9795413083137869
hashed_perceptron,spp_dev,464.h264ref,1024.0,1.0,1.0,0.9911389106072452,0.972765181131092,0.9912692207453739,0.982017200938233,0.9878811571540266,1.0
hashed_perceptron,spp_dev,464.h264ref,1024.0,2.0,1.0,0.9911389106072452,0.972765181131092,,,,
hashed_perceptron,spp_dev,464.h264ref,1024.0,4.0,1.0,0.9911389106072452,0.972765181131092,,,,
hashed_perceptron,spp_dev,464.h264ref,2048.0,1.0,1.0,1.0018243419338024,0.9807140995569456,1.0,1.0,0.9919207714360178,1.0
hashed_perceptron,spp_dev,464.h264ref,4096.0,1.0,1.0,0.9844930935626792,0.9851446442533229,1.0,1.0,1.0,1.0
hashed_perceptron,spp_dev,465.tonto,128.0,1.0,1.0,0.9994506701823774,0.9787958690397713,0.981322786200835,0.9805537244561635,0.9805537244561635,0.9834102395078005
hashed_perceptron,spp_dev,465.tonto,256.0,1.0,1.0,0.9996704021094265,0.9860470226323884,0.9878048780487804,0.987035816304109,0.9873654141946825,0.990112063282795
hashed_perceptron,spp_dev,465.tonto,512.0,1.0,1.0,1.0001098659635244,0.9935179081520545,0.9949461656778731,0.9949461656778731,0.994286969896726,0.9967040210942649
hashed_perceptron,spp_dev,465.tonto,1024.0,1.0,1.0,1.0001098659635244,0.996923753021314,0.998242144583608,0.9980224126565589,0.9978026807295101,1.0
hashed_perceptron,spp_dev,465.tonto,1024.0,2.0,1.0,1.0001098659635244,0.996923753021314,,,,
hashed_perceptron,spp_dev,465.tonto,1024.0,4.0,1.0,1.0001098659635244,0.996923753021314,,,,
hashed_perceptron,spp_dev,465.tonto,2048.0,1.0,1.0,0.9998901340364754,0.9986816084377059,1.0,1.0,0.999340804218853,1.0
hashed_perceptron,spp_dev,465.tonto,4096.0,1.0,1.0,0.999780268072951,0.999340804218853,1.0,1.0,1.0,1.0
hashed_perceptron,spp_dev,470.lbm,128.0,1.0,1.0,0.7048405395184673,0.5803605193495525,0.6191226522122779,0.6048783562334552,0.5941005924618681,0.654985503592588
hashed_perceptron,spp_dev,470.lbm,256.0,1.0,1.0,0.8278078910878609,0.7251355098953738,0.7577209126433884,0.7439808395310726,0.7380562208496154,0.7875330896256144
hashed_perceptron,spp_dev,470.lbm,512.0,1.0,1.0,0.9309214672885416,0.8602042102609353,0.8891339972267742,0.8884406907853273,0.8745115340980715,0.9267616286398588
hashed_perceptron,spp_dev,470.lbm,1024.0,1.0,1.0,0.9679818479768058,0.9362158073868648,0.9667843186688516,0.9535484684230431,0.9483171561830328,1.0
hashed_perceptron,spp_dev,470.lbm,1024.0,2.0,1.0,0.9679818479768058,0.9362158073868648,,,,
hashed_perceptron,spp_dev,470.lbm,1024.0,4.0,1.0,0.9679818479768058,0.9362158073868648,,,,
hashed_perceptron,spp_dev,470.lbm,2048.0,1.0,1.0,0.9903567376780537,0.964830455061137,1.0,1.0,0.9815328375141812,1.0
hashed_perceptron,spp_dev,470.lbm,4096.0,1.0,1.0,0.9918694062775747,0.9824782553888819,1.0,1.0,1.0,1.0
hashed_perceptron,spp_dev,471.omnetpp,128.0,1.0,0.9957694341618192,0.8790058170280275,0.66409307244844,0.7019566367001586,0.6892649391856162,0.6797461660497092,0.7350608143839239
hashed_perceptron,spp_dev,471.omnetpp,256.0,1.0,1.0001057641459545,0.9371760973030143,0.7929138022210471,0.8191433104177683,0.8142781597038604,0.8077207826546801,0.8480169222633528
hashed_perceptron,spp_dev,471.omnetpp,512.0,1.0,0.9994711792702274,0.975462718138551,0.9066102591221575,0.9270227392913802,0.9191961924907456,0.9146483342147013,0.9457429931253305
hashed_perceptron,spp_dev,471.omnetpp,1024.0,1.0,1.0,0.9885774722369117,0.953358011634056,0.9764145954521417,0.967741935483871,0.9649920676890534,1.0
hashed_perceptron,spp_dev,471.omnetpp,1024.0,2.0,1.0,0.9885774722369117,0.953358011634056,,,,
hashed_perceptron,spp_dev,471.omnetpp,1024.0,4.0,1.0,0.9885774722369117,0.953358011634056,,,,
hashed_perceptron,spp_dev,471.omnetpp,2048.0,1.0,1.0,0.9946060285563194,0.9756742464304602,1.0,1.0,0.9909042834479113,1.0
hashed_perceptron,spp_dev,471.omnetpp,4096.0,1.0,1.0,0.9987308302485457,0.9877313590692756,1.0,1.0,1.0,1.0
hashed_perceptron,spp_dev,473.astar,128.0,1.0,1.0,0.9800443458980044,0.8123125081518194,0.8326594495891484,0.8233989826529281,0.8360506064953698,0.855223685926699
hashed_perceptron,spp_dev,473.astar,256.0,1.0,1.0,0.9878700926046694,0.8792226424938046,0.8947437067953568,0.8886135385418026,0.8912221207773575,0.9116994913264641
hashed_perceptron,spp_dev,473.astar,512.0,1.0,1.0,0.9958262684231121,0.9427416199295683,0.9551323855484545,0.9525238033128994,0.9495239337420114,0.9680448676144516
hashed_perceptron,spp_dev,473.astar,1024.0,1.0,1.0,0.9977827050997782,0.970914308073562,0.9851310812573366,0.9809573496804487,0.9792617712273379,1.0
hashed_perceptron,spp_dev,473.astar,1024.0,2.0,1.0,0.9977827050997782,0.970914308073562,,,,
hashed_perceptron,spp_dev,473.astar,1024.0,4.0,1.0,0.9977827050997782,0.970914308073562,,,,
hashed_perceptron,spp_dev,473.astar,2048.0,1.0,1.0,1.000521716447111,0.9883918090517803,1.0,1.0,0.9955654101995566,1.0
hashed_perceptron,spp_dev,473.astar,4096.0,1.0,1.0,0.9996087126646668,0.9945219773053345,1.0,1.0,1.0,1.0
hashed_perceptron,spp_dev,481.wrf,128.0,1.0,1.0,0.9875761837787155,0.9360056258790437,0.9409282700421939,0.9390529770276607,0.9371776840131271,0.9512423816221284
hashed_perceptron,spp_dev,481.wrf,256.0,1.0,1.0,0.9930848570089077,0.9594467885607126,0.9639006094702297,0.9642522269104548,0.9629629629629629,0.973863103609939
hashed_perceptron,spp_dev,481.wrf,512.0,1.0,1.0,0.9983591186122832,0.9818330989217066,0.9860525082044069,0.9847632442569153,0.9833567744960151,0.9893342709798405
hashed_perceptron,spp_dev,481.wrf,1024.0,1.0,1.0,0.9994139709329581,0.9923816221284576,0.9957805907172996,0.9953117674636663,0.9942569151429912,1.0
hashed_perceptron,spp_dev,481.wrf,1024.0,2.0,1.0,0.9994139709329581,0.9923816221284576,,,,
hashed_perceptron,spp_dev,481.wrf,1024.0,4.0,1.0,0.9994139709329581,0.9923816221284576,,,,
hashed_perceptron,spp_dev,481.wrf,2048.0,1.0,1.0,0.9997655883731834,0.9973042662916081,1.0,1.0,0.9981247069854665,1.0
hashed_perceptron,spp_dev,481.wrf,4096.0,1.0,1.0,0.9995311767463667,0.9968354430379746,1.0,1.0,1.0,1.0
hashed_perceptron,spp_dev,482.sphinx3,128.0,1.0,0.9913997627520758,0.7436239620403321,0.555357848952155,0.616795175958877,0.5881277184657967,0.5902530644523526,0.6548042704626335
hashed_perceptron,spp_dev,482.sphinx3,256.0,1.0,0.9937228153420323,0.8635824436536179,0.7140668248319494,0.7529161724001581,0.7299822064056939,0.7330960854092525,0.7848457888493475
hashed_perceptron,spp_dev,482.sphinx3,512.0,1.0,1.0079082641360222,0.9640668248319494,0.863236457097667,0.9032226176354289,0.8379300118623961,0.8720838275998418,0.9301601423487543
hashed_perceptron,spp_dev,482.sphinx3,1024.0,1.0,1.0,0.9856168446026097,0.939996045867932,0.9688612099644127,0.9321372083827599,0.9402431791221826,1.0
hashed_perceptron,spp_dev,482.sphinx3,1024.0,2.0,1.0,0.9856168446026097,0.939996045867932,,,,
hashed_perceptron,spp_dev,482.sphinx3,1024.0,4.0,1.0,0.9856168446026097,0.939996045867932,,,,
hashed_perceptron,spp_dev,482.sphinx3,2048.0,1.0,1.0,1.0024219058916568,0.9535389482008697,1.0,1.0,0.9905595096876236,1.0
hashed_perceptron,spp_dev,482.sphinx3,4096.0,1.0,1.0,1.0116646896006325,0.9956998813760379,1.0,1.0,1.0,1.0
hashed_perceptron,spp_dev,483.xalancbmk,128.0,1.0,0.9985314274525161,0.9004307812805953,0.6406892500489524,0.6760328960250636,0.66545917368318,0.6590953593107499,0.7139220677501468
hashed_perceptron,spp_dev,483.xalancbmk,256.0,1.0,0.999902095163501,0.9516350107695319,0.7757979244174662,0.8043861366751517,0.7985118464852164,0.7924417466222831,0.8371842569022909
hashed_perceptron,spp_dev,483.xalancbmk,512.0,1.0,0.9998041903270022,0.9828666536126884,0.8974936361856276,0.9216761308008614,0.9150186019189347,0.90816526336401,0.9421382416291363
hashed_perceptron,spp_dev,483.xalancbmk,1024.0,1.0,1.0,0.9931466614450752,0.9520266301155276,0.9781672214607402,0.9683767378108478,0.9635794008224005,1.0
hashed_perceptron,spp_dev,483.xalancbmk,1024.0,2.0,1.0,0.9931466614450752,0.9520266301155276,,,,
hashed_perceptron,spp_dev,483.xalancbmk,1024.0,4.0,1.0,0.9931466614450752,0.9520266301155276,,,,
hashed_perceptron,spp_dev,483.xalancbmk,2048.0,1.0,1.0,0.9963775210495398,0.9766986489132563,1.0,1.0,0.9898178970041118,1.0
hashed_perceptron,spp_dev,483.xalancbmk,4096.0,1.0,1.0,0.9984335226160171,0.9897199921676129,1.0,1.0,1.0,1.0
hashed_perceptron,spp_dev,600.perlbench,128.0,1.0,1.0,0.9983711697037565,0.9773999796396212,0.9801486307645322,0.97913061182938,0.9778071872136822,0.9826936781024125
hashed_perceptron,spp_dev,600.perlbench,256.0,1.0,1.0,0.999083782958363,0.9869693576300519,0.9890053955003563,0.9879873765652041,0.9874783670976279,0.9906342257965998
hashed_perceptron,spp_dev,600.perlbench,512.0,1.0,1.0,0.9996945943194543,0.9939936882826019,0.995418914791815,0.9956225185788454,0.9950117072177541,0.9965387356204825
hashed_perceptron,spp_dev,600.perlbench,1024.0,1.0,1.0,0.9997963962129695,0.9977603583426652,0.9988801791713325,0.998574773490787,0.9980657640232108,1.0
hashed_perceptron,spp_dev,600.perlbench,1024.0,2.0,1.0,0.9997963962129695,0.9977603583426652,,,,
hashed_perceptron,spp_dev,600.perlbench,1024.0,4.0,1.0,0.9997963962129695,0.9977603583426652,,,,
hashed_perceptron,spp_dev,600.perlbench,2048.0,1.0,1.0,0.9996945943194543,0.9987783772778174,1.0,1.0,0.9994909905324239,1.0
hashed_perceptron,spp_dev,600.perlbench,4096.0,1.0,1.0,0.9997963962129695,0.999490990532424,1.0,1.0,1.0,1.0
hashed_perceptron,spp_dev,602.gcc,128.0,1.0,0.9995656894679696,0.9854505971769817,0.8312052117263845,0.8517046688382194,0.8476004343105321,0.8426058631921824,0.8712269272529861
hashed_perceptron,spp_dev,602.gcc,256.0,1.0,1.0,0.9904451682953312,0.8992399565689468,0.9098805646036916,0.904668838219327,0.9044516829533117,0.9244299674267101
hashed_perceptron,spp_dev,602.gcc,512.0,1.0,1.0,0.9954397394136808,0.9535287730727471,0.9604777415852336,0.9615635179153097,0.9572204125950056,0.9706840390879481
hashed_perceptron,spp_dev,602.gcc,1024.0,1.0,1.0,0.9995656894679696,0.9774158523344193,0.9882736156351792,0.9837133550488599,0.9828447339847992,1.0
hashed_perceptron,spp_dev,602.gcc,1024.0,2.0,1.0,0.9995656894679696,0.9774158523344193,,,,
hashed_perceptron,spp_dev,602.gcc,1024.0,4.0,1.0,0.9995656894679696,0.9774158523344193,,,,
hashed_perceptron,spp_dev,602.gcc,2048.0,1.0,1.0,0.998914223669924,0.9865363735070575,1.0,1.0,0.9965255157437568,1.0
hashed_perceptron,spp_dev,602.gcc,4096.0,1.0,1.0,0.998914223669924,0.9939196525515744,1.0,1.0,1.0,1.0
hashed_perceptron,spp_dev,603.bwaves,128.0,1.0,1.0,0.9994701050958227,0.9937295769672347,0.9962024198533956,0.9960257882186699,0.9962907356707585,0.9965556831228471
hashed_perceptron,spp_dev,603.bwaves,256.0,1.0,1.0,1.0002649474520886,0.9978804203832906,0.9973505254791134,0.9963790514881214,0.9963790514881214,0.9981453678353792
hashed_perceptron,spp_dev,603.bwaves,512.0,1.0,1.0,1.0002649474520886,0.9987635785569194,0.9985869469221937,0.9991168418263712,0.9983219994701051,0.9981453678353792
hashed_perceptron,spp_dev,603.bwaves,1024.0,1.0,1.0,1.0001766316347256,0.9987635785569194,1.0000883158173628,0.999911684182637,0.9996467367305485,1.0
hashed_perceptron,spp_dev,603.bwaves,1024.0,2.0,1.0,1.0001766316347256,0.9987635785569194,,,,
hashed_perceptron,spp_dev,603.bwaves,1024.0,4.0,1.0,1.0001766316347256,0.9987635785569194,,,,
hashed_perceptron,spp_dev,603.bwaves,2048.0,1.0,1.0,1.0003532632694516,0.999911684182637,1.0,1.0,0.9999116841826372,1.0
hashed_perceptron,spp_dev,603.bwaves,4096.0,1.0,1.0,0.999116841826371,1.000088315817363,1.0,1.0,1.0,1.0
hashed_perceptron,spp_dev,605.mcf,128.0,1.0,0.9935697583787998,0.9259547934528449,0.6788776305533906,0.7096648480124708,0.6960249415432579,0.6944660950896336,0.7485385814497272
hashed_perceptron,spp_dev,605.mcf,256.0,1.0,0.9943491816056118,0.9615159781761495,0.8031956352299299,0.82307092751364,0.8167381137957911,0.8170303975058457,0.8527864380358534
hashed_perceptron,spp_dev,605.mcf,512.0,1.0,0.9999025720966485,0.9836321122369447,0.9140685892439594,0.9248830865159783,0.921862821512081,0.9197194076383477,0.9422252533125488
hashed_perceptron,spp_dev,605.mcf,1024.0,1.0,1.0,0.9932774746687453,0.9521628994544038,0.9772018706157443,0.9677513639906469,0.9692127825409198,1.0
hashed_perceptron,spp_dev,605.mcf,1024.0,2.0,1.0,0.9932774746687453,0.9521628994544038,,,,
hashed_perceptron,spp_dev,605.mcf,1024.0,4.0,1.0,0.9932774746687453,0.9521628994544038,,,,
hashed_perceptron,spp_dev,605.mcf,2048.0,1.0,1.0,0.9966874512860485,0.9793452844894777,1.0,1.0,0.9942517537022603,1.0
hashed_perceptron,spp_dev,605.mcf,4096.0,1.0,1.0,0.9953234606391271,0.9863600935307875,1.0,1.0,1.0,1.0
hashed_perceptron,spp_dev,607.cactuBSSN,128.0,1.0,0.9981247069854664,0.8176998809910203,0.6716073424934185,0.7220599372498108,0.695264885138303,0.6911176025100075,0.7400916008510946
hashed_perceptron,spp_dev,607.cactuBSSN,256.0,1.0,1.000324569944823,0.8927837282267662,0.8013631937682572,0.8307908687655524,0.8121821919290274,0.8057629196869704,0.8408164737278662
hashed_perceptron,spp_dev,607.cactuBSSN,512.0,1.0,1.0,0.9544520177431569,0.9014389267553825,0.9202639835551228,0.9064517292365394,0.9030257131522954,0.9348335677449602
hashed_perceptron,spp_dev,607.cactuBSSN,1024.0,1.0,1.0,0.9859353023909986,0.9469508456850229,0.9730606945796819,0.9689134119513867,0.9611958599300372,1.0
hashed_perceptron,spp_dev,607.cactuBSSN,1024.0,2.0,1.0,0.9859353023909986,0.9469508456850229,,,,
hashed_perceptron,spp_dev,607.cactuBSSN,1024.0,4.0,1.0,0.9859353023909986,0.9469508456850229,,,,
hashed_perceptron,spp_dev,607.cactuBSSN,2048.0,1.0,1.0,0.9970067438421868,0.9871975188430884,1.0,1.0,0.984240326012478,1.0
hashed_perceptron,spp_dev,607.cactuBSSN,4096.0,1.0,1.0,0.987413898806304,0.9954560207724765,1.0,1.0,1.0,1.0
hashed_perceptron,spp_dev,619.lbm,128.0,1.0,1.0,0.7118565822882204,0.5918288835885204,0.6326844656459183,0.6191428791259521,0.6139109025159653,0.6669231361083326
hashed_perceptron,spp_dev,619.lbm,256.0,1.0,1.0,0.8351157959529121,0.735631299530661,0.7697160883280758,0.7608678925905978,0.7538662768331152,0.8030314688004923
hashed_perceptron,spp_dev,619.lbm,512.0,1.0,1.0,0.9406016773101485,0.8769716088328077,0.9093636993152265,0.8952065861352619,0.8892052012002769,0.941217203970147
hashed_perceptron,spp_dev,619.lbm,1024.0,1.0,1.0,0.9782257444025545,0.9382165115026543,0.9775332769100561,0.9643763945525891,0.9610679387550973,1.0
hashed_perceptron,spp_dev,619.lbm,1024.0,2.0,1.0,0.9782257444025545,0.9382165115026543,,,,
hashed_perceptron,spp_dev,619.lbm,1024.0,4.0,1.0,0.9782257444025545,0.9382165115026543,,,,
hashed_perceptron,spp_dev,619.lbm,2048.0,1.0,1.0,0.9926906209125183,0.9769946910825574,1.0,1.0,0.9967684850350079,1.0
hashed_perceptron,spp_dev,619.lbm,4096.0,1.0,1.0,1.002769869969993,0.9914595675925214,1.0,1.0,1.0,1.0
hashed_perceptron,spp_dev,620.omnetpp,128.0,1.0,0.9993985565356858,0.9168003207698475,0.6873496391339213,0.7236367281475541,0.7122093023255813,0.7069967923015237,0.7590216519647154
hashed_perceptron,spp_dev,620.omnetpp,256.0,1.0,0.9997995188452286,0.9591018444266238,0.8152566158781075,0.8388131515637529,0.8342020850040096,0.8284883720930233,0.8682838813151563
hashed_perceptron,spp_dev,620.omnetpp,512.0,1.0,1.0,0.9866680032076984,0.9190056134723337,0.9376503608660786,0.9307337610264634,0.9260224538893345,0.9508821170809943
hashed_perceptron,spp_dev,620.omnetpp,1024.0,1.0,1.0,0.9939855653568564,0.9603047313552525,0.984262229350441,0.9743384121892541,0.971832397754611,1.0
hashed_perceptron,spp_dev,620.omnetpp,1024.0,2.0,1.0,0.9939855653568564,0.9603047313552525,,,,
hashed_perceptron,spp_dev,620.omnetpp,1024.0,4.0,1.0,0.9939855653568564,0.9603047313552525,,,,
hashed_perceptron,spp_dev,620.omnetpp,2048.0,1.0,1.0,0.9987971130713712,0.9836607858861266,1.0,1.0,0.9916800320769846,1.0
hashed_perceptron,spp_dev,620.omnetpp,4096.0,1.0,1.0,1.0005012028869287,0.993785084202085,1.0,1.0,1.0,1.0
hashed_perceptron,spp_dev,621.wrf,128.0,1.0,1.0,0.9992962702322308,0.997009148486981,0.9980647431386347,0.9978888106966924,0.9978888106966924,0.9982406755805769
hashed_perceptron,spp_dev,621.wrf,256.0,1.0,1.0,0.9994722026741731,0.9985925404644617,0.9985925404644617,0.9985925404644617,0.9985925404644617,0.9987684729064038
hashed_perceptron,spp_dev,621.wrf,512.0,1.0,1.0,1.0,0.9989444053483464,0.9992962702322308,0.9992962702322308,0.9992962702322308,0.9992962702322308
hashed_perceptron,spp_dev,621.wrf,1024.0,1.0,1.0,1.0,0.9996481351161155,0.9996481351161155,0.9992962702322308,1.0,1.0
hashed_perceptron,spp_dev,621.wrf,1024.0,2.0,1.0,1.0,0.9996481351161155,,,,
hashed_perceptron,spp_dev,621.wrf,1024.0,4.0,1.0,1.0,0.9996481351161155,,,,
hashed_perceptron,spp_dev,621.wrf,2048.0,1.0,1.0,1.0,1.0,1.0,1.0,0.9998240675580577,1.0
hashed_perceptron,spp_dev,621.wrf,4096.0,1.0,1.0,1.0,1.0,1.0,1.0,1.0,1.0
hashed_perceptron,spp_dev,623.xalancbmk,128.0,1.0,1.0,0.9912928260458074,0.9214461480219573,0.9329926178307781,0.9284497444633732,0.9256104486087452,0.9407533598334282
hashed_perceptron,spp_dev,623.xalancbmk,256.0,1.0,0.999621427219383,0.9954571266325953,0.9434033692977476,0.9487033882263866,0.9494605337876207,0.9487033882263866,0.9594927124739732
hashed_perceptron,spp_dev,623.xalancbmk,512.0,1.0,1.0,0.9988642816581489,0.9740677645277306,0.9793677834563694,0.9784213515048268,0.976339201211433,0.9831535112625404
hashed_perceptron,spp_dev,623.xalancbmk,1024.0,1.0,1.0,0.9988642816581489,0.9886428165814879,0.9937535491198184,0.9922392579973501,0.9916713988264244,1.0
hashed_perceptron,spp_dev,623.xalancbmk,1024.0,2.0,1.0,0.9988642816581489,0.9886428165814879,,,,
hashed_perceptron,spp_dev,623.xalancbmk,1024.0,4.0,1.0,0.9988642816581489,0.9886428165814879,,,,
hashed_perceptron,spp_dev,623.xalancbmk,2048.0,1.0,1.0,0.9992428544387661,0.9931856899488928,1.0,1.0,0.9977285633162977,1.0
hashed_perceptron,spp_dev,623.xalancbmk,4096.0,1.0,1.0,0.9994321408290745,0.9969714177550636,1.0,1.0,1.0,1.0
hashed_perceptron,spp_dev,625.x264,128.0,1.0,1.0,0.9833511030919379,0.9179037152464528,0.9274173706224882,0.9266792421881406,0.9234806856393011,0.9366029689165916
hashed_perceptron,spp_dev,625.x264,256.0,1.0,1.0,0.9940129582547363,0.9493971951119494,0.9545640941523823,0.9543180513409332,0.9533338800951363,0.9624374641187565
hashed_perceptron,spp_dev,625.x264,512.0,1.0,1.0,0.9974575576150249,0.9752316903141145,0.979742475190683,0.9790043467563356,0.9768719757237759,0.9855654883949806
hashed_perceptron,spp_dev,625.x264,1024.0,1.0,1.0,0.9993438858361353,0.988846059214303,0.9938489297137701,0.9924546871155581,0.9915525301402442,1.0
hashed_perceptron,spp_dev,625.x264,1024.0,2.0,1.0,0.9993438858361353,0.988846059214303,,,,
hashed_perceptron,spp_dev,625.x264,1024.0,4.0,1.0,0.9993438858361353,0.988846059214303,,,,
hashed_perceptron,spp_dev,625.x264,2048.0,1.0,1.0,0.9990158287542031,0.9941769867957022,1.0,1.0,0.9970474862626095,1.0
hashed_perceptron,spp_dev,625.x264,4096.0,1.0,1.0,1.000082014270483,0.9976215861559911,1.0,1.0,1.0,1.0
hashed_perceptron,spp_dev,627.cam4,128.0,1.0,0.9932450689002973,0.7441772493920562,0.5728721967035935,0.6160497162928937,0.5993515266144286,0.5988111321264523,0.6460956498243717
hashed_perceptron,spp_dev,627.cam4,256.0,1.0,0.988975952445285,0.8980815995676844,0.7179140772764118,0.7395838962442584,0.741637395298568,0.7420697108889489,0.7902188597676303
hashed_perceptron,spp_dev,627.cam4,512.0,1.0,0.9915698459875709,0.9675763307214266,0.8675493109970278,0.9026749527154824,0.8958119427181842,0.8740340448527426,0.9367198054579842
hashed_perceptron,spp_dev,627.cam4,1024.0,1.0,0.9981626587408808,0.9952985679546069,0.9302891110510673,0.9754120507970818,0.961956228046474,0.9561740070251283,1.0
hashed_perceptron,spp_dev,627.cam4,1024.0,2.0,0.9976222642529048,0.9952985679546069,0.9302891110510673,,,,
hashed_perceptron,spp_dev,627.cam4,1024.0,4.0,1.000270197243988,0.9952985679546069,0.9302891110510673,,,,
hashed_perceptron,spp_dev,627.cam4,2048.0,1.0,1.0,1.0052418265333694,0.9698459875709269,1.0,1.0,0.9851931910294515,1.0
hashed_perceptron,spp_dev,627.cam4,4096.0,1.0,1.0,1.0205349905430965,0.9990272899216428,1.0,1.0,1.0,1.0
hashed_perceptron,spp_dev,628.pop2,128.0,1.0,0.9956299472295513,0.755153364116095,0.5845976253298153,0.6235570580474933,0.6080145118733509,0.6002226253298153,0.665361147757256
hashed_perceptron,spp_dev,628.pop2,256.0,1.0,1.0060191292875988,0.8740105540897097,0.7167711081794196,0.7508245382585751,0.7502061345646438,0.735900395778364,0.7810850923482849
hashed_perceptron,spp_dev,628.pop2,512.0,1.0,0.9969492084432717,0.9515583773087071,0.8611477572559366,0.8894294195250659,0.8745877308707123,0.8786691952506598,0.9320580474934035
hashed_perceptron,spp_dev,628.pop2,1024.0,1.0,1.0000824538258573,0.988126649076517,0.9549389841688654,0.9703578496042216,0.9423647757255936,0.9513110158311345,1.0
hashed_perceptron,spp_dev,628.pop2,1024.0,2.0,0.9999175461741425,0.988126649076517,0.9549389841688654,,,,
hashed_perceptron,spp_dev,628.pop2,1024.0,4.0,0.9997526385224272,0.988126649076517,0.9549389841688654,,,,
hashed_perceptron,spp_dev,628.pop2,2048.0,1.0,1.0,0.9968255277044854,0.9580310026385225,1.0,1.0,0.9773664248021109,1.0
hashed_perceptron,spp_dev,628.pop2,4096.0,1.0,1.0,0.9919607519788917,0.9837153693931397,1.0,1.0,1.0,1.0
hashed_perceptron,spp_dev,631.deepsjeng,128.0,1.0,1.0,0.992961204779833,0.8179734817482402,0.8385987886724504,0.8320510721885742,0.8302504501555081,0.8593877885087575
hashed_perceptron,spp_dev,631.deepsjeng,256.0,1.0,1.0,0.9959076771975773,0.8798494025208708,0.893763300049108,0.8916352921918481,0.8883614339499101,0.9143886069733179
hashed_perceptron,spp_dev,631.deepsjeng,512.0,1.0,1.0,1.0021280078572599,0.9440170240628581,0.9559666066459322,0.9554755279096415,0.9487641185136683,0.9659518742838434
hashed_perceptron,spp_dev,631.deepsjeng,1024.0,1.0,1.0,0.9996726141758062,0.9731543624161074,0.9883778032411196,0.9851039449991815,0.9801931576362742,1.0
hashed_perceptron,spp_dev,631.deepsjeng,1024.0,2.0,1.0,0.9996726141758062,0.9731543624161074,,,,
hashed_perceptron,spp_dev,631.deepsjeng,1024.0,4.0,1.0,0.9996726141758062,0.9731543624161074,,,,
hashed_perceptron,spp_dev,631.deepsjeng,2048.0,1.0,1.0,0.9998363070879032,0.9875593386806351,1.0,1.0,0.9950892126370926,1.0
hashed_perceptron,spp_dev,631.deepsjeng,4096.0,1.0,1.0,0.9998363070879032,0.9963987559338681,1.0,1.0,1.0,1.0
hashed_perceptron,spp_dev,638.imagick,128.0,1.0,1.0,0.9996363107361071,0.9943264474832704,0.9956357288332849,0.9950538260110562,0.9951993017166133,0.9962176316555137
hashed_perceptron,spp_dev,638.imagick,256.0,1.0,1.0,1.0000727378527787,0.9968722723305208,0.9967267966249637,0.9970177480360781,0.9971632237416351,0.9976723887110852
hashed_perceptron,spp_dev,638.imagick,512.0,1.0,1.0,1.0,0.9985452429444285,0.9988361943555427,0.9989089322083213,0.9985452429444283,0.9987634565027641
hashed_perceptron,spp_dev,638.imagick,1024.0,1.0,1.0,1.0001454757055572,0.9994180971777714,0.9996363107361071,0.9995635728833286,0.9996363107361071,1.0
hashed_perceptron,spp_dev,638.imagick,1024.0,2.0,1.0,1.0001454757055572,0.9994180971777714,,,,
hashed_perceptron,spp_dev,638.imagick,1024.0,4.0,1.0,1.0001454757055572,0.9994180971777714,,,,
hashed_perceptron,spp_dev,638.imagick,2048.0,1.0,1.0,1.0001454757055572,0.9996363107361071,1.0,1.0,1.0,1.0
hashed_perceptron,spp_dev,638.imagick,4096.0,1.0,1.0,0.9998545242944428,0.9999272621472215,1.0,1.0,1.0,1.0
hashed_perceptron,spp_dev,641.leela,128.0,1.0,1.0,1.0,0.9957044673539519,0.9964203894616267,0.9959908361970218,0.9959908361970218,0.9959908361970217
hashed_perceptron,spp_dev,641.leela,256.0,1.0,1.0,1.0,0.997995418098511,0.997709049255441,0.997709049255441,0.997709049255441,0.997852233676976
hashed_perceptron,spp_dev,641.leela,512.0,1.0,1.0,1.0,0.9985681557846506,0.9985681557846506,0.9988545246277205,0.9988545246277205,0.9992840778923253
hashed_perceptron,spp_dev,641.leela,1024.0,1.0,1.0,0.9997136311569301,0.9994272623138604,0.9997136311569301,0.9995704467353952,0.9994272623138604,1.0
hashed_perceptron,spp_dev,641.leela,1024.0,2.0,1.0,0.9997136311569301,0.9994272623138604,,,,
hashed_perceptron,spp_dev,641.leela,1024.0,4.0,1.0,0.9997136311569301,0.9994272623138604,,,,
hashed_perceptron,spp_dev,641.leela,2048.0,1.0,1.0,1.0,0.9997136311569301,1.0,1.0,0.9997136311569302,1.0
hashed_perceptron,spp_dev,641.leela,4096.0,1.0,1.0,1.0,1.0,1.0,1.0,1.0,1.0
hashed_perceptron,spp_dev,644.nab,128.0,1.0,1.0,0.9950446949086669,0.9661873299650213,0.9725029148853479,0.972697240575204,0.9645355616012437,0.9742518460940536
hashed_perceptron,spp_dev,644.nab,256.0,1.0,1.0,0.9953361834434512,0.9784298484259619,0.9817333851535173,0.9776525456665373,0.9768752429071124,0.9815390594636612
hashed_perceptron,spp_dev,644.nab,512.0,1.0,1.0,0.9971822774970851,0.9815390594636612,0.9915468324912554,0.9919354838709677,0.989312087057909,0.993101438010105
hashed_perceptron,spp_dev,644.nab,1024.0,1.0,1.0,0.9966964632724445,0.9912553439564711,0.9949475320637389,0.9938787407695296,0.9918383210260395,1.0
hashed_perceptron,spp_dev,644.nab,1024.0,2.0,1.0,0.9966964632724445,0.9912553439564711,,,,
hashed_perceptron,spp_dev,644.nab,1024.0,4.0,1.0,0.9966964632724445,0.9912553439564711,,,,
hashed_perceptron,spp_dev,644.nab,2048.0,1.0,1.0,0.9998056743101438,0.9934900893898173,1.0,1.0,0.9957248348231635,1.0
hashed_perceptron,spp_dev,644.nab,4096.0,1.0,1.0,1.0003886513797124,0.9956276719782355,1.0,1.0,1.0,1.0
hashed_perceptron,spp_dev,648.exchange2,128.0,1.0,1.0,1.0,0.9998338594450905,0.9998338594450905,0.9998338594450905,1.0,0.9998338594450905
hashed_perceptron,spp_dev,648.exchange2,256.0,1.0,1.0,1.0000830702774546,0.9998338594450905,1.0,0.9999169297225453,0.9998338594450905,1.0000830702774546
hashed_perceptron,spp_dev,648.exchange2,512.0,1.0,1.0,1.0000830702774546,0.9999169297225453,0.9998338594450905,1.0,0.9999169297225453,1.0000830702774546
hashed_perceptron,spp_dev,648.exchange2,1024.0,1.0,1.0,1.0,0.9999169297225453,1.0,0.9998338594450905,1.0,1.0
hashed_perceptron,spp_dev,648.exchange2,1024.0,2.0,1.0,1.0,0.9999169297225453,,,,
hashed_perceptron,spp_dev,648.exchange2,1024.0,4.0,1.0,1.0,0.9999169297225453,,,,
hashed_perceptron,spp_dev,648.exchange2,2048.0,1.0,1.0,1.0,1.0,1.0,1.0,0.9999169297225453,1.0
hashed_perceptron,spp_dev,648.exchange2,4096.0,1.0,1.0,1.0,1.0000830702774546,1.0,1.0,1.0,1.0
hashed_perceptron,spp_dev,649.fotonik3d,128.0,1.0,1.010593220338983,0.6912306558585113,0.5780213706705968,0.6179992630803243,0.5940493736182756,0.5969049373618275,0.6518054532056006
hashed_perceptron,spp_dev,649.fotonik3d,256.0,1.0,0.9907885040530582,0.8024134119380987,0.7227339719970522,0.7441046425939573,0.7491709653647752,0.754882092851879,0.7862932940309505
hashed_perceptron,spp_dev,649.fotonik3d,512.0,1.0,0.9904200442151804,0.9191230655858511,0.8656042741341192,0.8986735445836403,0.8752763448784082,0.882277081798084,0.9320191599115696
hashed_perceptron,spp_dev,649.fotonik3d,1024.0,1.0,1.0046978629329402,0.9840641120117907,0.9602063375092114,0.9763264554163595,0.9684966838614592,0.9634303610906411,1.0
hashed_perceptron,spp_dev,649.fotonik3d,1024.0,2.0,1.011330140014738,0.9840641120117907,0.9602063375092114,,,,
hashed_perceptron,spp_dev,649.fotonik3d,1024.0,4.0,1.0107774502579217,0.9840641120117907,0.9602063375092114,,,,
hashed_perceptron,spp_dev,649.fotonik3d,2048.0,1.0,1.0,1.0068165070007369,0.9821296978629329,1.0,1.0,0.9888540899042002,1.0
hashed_perceptron,spp_dev,649.fotonik3d,4096.0,1.0,1.0,1.0068165070007369,0.9925386882829772,1.0,1.0,1.0,1.0
hashed_perceptron,spp_dev,654.roms,128.0,1.0,0.9997760859829825,0.6993581131512167,0.5735930735930737,0.603746827884759,0.5987460815047023,0.5909090909090909,0.639199880579191
hashed_perceptron,spp_dev,654.roms,256.0,1.0,1.0,0.8463203463203465,0.706448723690103,0.7777280191073296,0.7270488132557098,0.7222719808926706,0.764815644125989
hashed_perceptron,spp_dev,654.roms,512.0,1.0,1.0,0.9072995969547695,0.8269144648454994,0.8605762054037918,0.8527392148081805,0.8493805045529185,0.8976712942230185
hashed_perceptron,spp_dev,654.roms,1024.0,1.0,1.0,0.9783549783549784,0.8990147783251231,0.9308105687416034,0.9246902522764593,0.941931631586804,1.0
hashed_perceptron,spp_dev,654.roms,1024.0,2.0,1.0,0.9783549783549784,0.8990147783251231,,,,
hashed_perceptron,spp_dev,654.roms,1024.0,4.0,1.0,0.9783549783549784,0.8990147783251231,,,,
hashed_perceptron,spp_dev,654.roms,2048.0,1.0,1.0,0.955366472607852,0.9782057023436335,1.0,1.0,0.9441707717569788,1.0
hashed_perceptron,spp_dev,654.roms,4096.0,1.0,1.0,0.958426630840424,0.9924615614270789,1.0,1.0,1.0,1.0
hashed_perceptron,spp_dev,657.xz,128.0,1.0,0.998360991600082,0.962097930751895,0.7525507068223725,0.7779348494161032,0.7711739397664412,0.7676910469166154,0.8094857611145256
hashed_perceptron,spp_dev,657.xz,256.0,1.0,1.0,0.9803318992009834,0.8475722188076212,0.8633476746568327,0.8631427986068426,0.8557672608072117,0.8893669330055316
hashed_perceptron,spp_dev,657.xz,512.0,1.0,1.0,0.9885269412005735,0.9282933825035852,0.9426347060028683,0.9412005736529399,0.9303421430034827,0.9518541282524074
hashed_perceptron,spp_dev,657.xz,1024.0,1.0,1.0,0.9928293382503585,0.9641466912517925,0.9788977668510551,0.9748002458512601,0.9698832206515058,1.0
hashed_perceptron,spp_dev,657.xz,1024.0,2.0,1.0,0.9928293382503585,0.9641466912517925,,,,
hashed_perceptron,spp_dev,657.xz,1024.0,4.0,1.0,0.9928293382503585,0.9641466912517925,,,,
hashed_perceptron,spp_dev,657.xz,2048.0,1.0,1.0,0.9930342143003483,0.9780782626510962,1.0,1.0,0.9899610735505019,1.0
hashed_perceptron,spp_dev,657.xz,4096.0,1.0,1.0,0.995902479000205,0.9883220651505839,1.0,1.0,1.0,1.0
hashed_perceptron,spp_dev,cassandra,128.0,1.0,0.9914751667902149,0.784797855961681,0.6457489878542509,0.6758567599931572,0.6736614016080287,0.6569253578149056,0.7192507270342703
hashed_perceptron,spp_dev,cassandra,256.0,1.0,1.0037064492216454,0.8739237041683298,0.7681188344642755,0.7955465587044535,0.7984546957860523,0.7864229913896333,0.8202372127501852
hashed_perceptron,spp_dev,cassandra,512.0,1.0,1.0030506928208929,0.9425500370644919,0.8854992301990076,0.9182585390887836,0.9118435308205507,0.9043450989336829,0.9371329189713178
hashed_perceptron,spp_dev,cassandra,1024.0,1.0,0.9973769743969891,0.974824656440668,0.9427211039516451,0.9806409306038659,0.9697496721217996,0.9634487084450019,1.0
hashed_perceptron,spp_dev,cassandra,1024.0,2.0,1.0023949364201399,0.974824656440668,0.9427211039516451,,,,
hashed_perceptron,spp_dev,cassandra,1024.0,4.0,1.002566003307293,0.974824656440668,0.9427211039516451,,,,
hashed_perceptron,spp_dev,cassandra,2048.0,1.0,1.007156298112562,0.9889661857786394,0.966898557335918,1.0,1.0,0.9867423162456519,1.0
hashed_perceptron,spp_dev,cassandra,4096.0,1.0,1.002566003307293,1.004675828248845,1.0032502708559046,1.0,1.0,1.0,1.0
hashed_perceptron,spp_dev,classification,128.0,1.0,0.9973293140832407,0.8076048442540588,0.643714633243429,0.7039769421968374,0.6815537574699877,0.6689142736263155,0.7281982124914063
hashed_perceptron,spp_dev,classification,256.0,1.0,1.0120048654080067,0.8776508540906447,0.777592680734042,0.7959172880638848,0.8017610661589718,0.8027129938124702,0.8316410175048918
hashed_perceptron,spp_dev,classification,512.0,1.0,0.9877307102437993,0.9534613147178592,0.871304669733989,0.8997302871648422,0.8939658363742132,0.9065259929134274,0.942487704267809
hashed_perceptron,spp_dev,classification,1024.0,1.0,0.9975672959966154,0.9948966100798562,0.9246126183298957,0.9686657147390131,0.9849013697181237,0.9595959595959596,1.0
hashed_perceptron,spp_dev,classification,1024.0,2.0,0.9898196625945317,0.9948966100798562,0.9246126183298957,,,,
hashed_perceptron,spp_dev,classification,1024.0,4.0,0.9873340737215083,0.9948966100798562,0.9246126183298957,,,,
hashed_perceptron,spp_dev,classification,2048.0,1.0,0.9984398963456554,1.0004230789571102,0.9498915860172406,1.0,1.0,0.987783595113438,1.0
hashed_perceptron,spp_dev,classification,4096.0,1.0,0.9923052514675551,0.9983870114760167,1.0000264424348193,1.0,1.0,1.0,1.0
hashed_perceptron,spp_dev,cloud9,128.0,1.0,0.9744665329199343,0.7816888564654386,0.6712201349626117,0.6868502644537662,0.6587816888564654,0.6713478022980119,0.7059456501915009
hashed_perceptron,spp_dev,cloud9,256.0,1.0,1.0010942914462884,0.8643078606602225,0.7793726062374612,0.8185300018238191,0.7852817800474193,0.7935254422761262,0.8083166149917929
hashed_perceptron,spp_dev,cloud9,512.0,1.0,1.008024803939449,0.965894583257341,0.9100857194966259,0.9144628852817801,0.9237643625752324,0.895859930694875,0.9565931059638884
hashed_perceptron,spp_dev,cloud9,1024.0,1.0,1.0018238190771476,0.985774211198249,0.9472916286704358,0.9963523618457049,0.9839503921211016,0.9336129855918293,1.0
hashed_perceptron,spp_dev,cloud9,1024.0,2.0,1.0003647638154294,0.985774211198249,0.9472916286704358,,,,
hashed_perceptron,spp_dev,cloud9,1024.0,4.0,1.0098486230165966,0.985774211198249,0.9472916286704358,,,,
hashed_perceptron,spp_dev,cloud9,2048.0,1.0,1.0016414371694329,0.9775670253510852,0.9846799197519605,1.0,1.0,0.9766551158125113,1.0
hashed_perceptron,spp_dev,cloud9,4096.0,1.0,1.0009119095385737,0.995622834214846,0.9928871055991245,1.0,1.0,1.0,1.0
hashed_perceptron,spp_dev,nutch,128.0,1.0,0.9851840359927082,0.7594151184889267,,0.6549276655160378,0.6497304425396578,0.638405150680681,0.6949540394833805
hashed_perceptron,spp_dev,nutch,256.0,1.0,,,0.7527052709149439,,0.7736105185587402,0.7686072218128224,0.7980452235969437
hashed_perceptron,spp_dev,nutch,512.0,1.0,0.9903424737229958,0.9401155800333553,,0.9074196175774735,0.8916728076639646,0.8921770158631657,0.9361982701780243
hashed_perceptron,spp_dev,nutch,1024.0,1.0,1.0012411278749564,0.97610828840709,0.9356940619788233,0.968583950665167,0.9597021293100105,0.9570647325757281,1.0
hashed_perceptron,spp_dev,nutch,1024.0,2.0,0.9991079393398751,0.97610828840709,0.9356940619788233,,,,
hashed_perceptron,spp_dev,nutch,1024.0,4.0,0.9976728852344569,0.97610828840709,0.9356940619788233,,,,
hashed_perceptron,spp_dev,nutch,2048.0,1.0,0.998293449171935,,0.9649381375324826,1.0,1.0,0.9856106736997247,1.0
hashed_perceptron,spp_dev,nutch,4096.0,1.0,0.9979055967110112,,0.9875111507582516,1.0,1.0,1.0,1.0
hashed_perceptron,va_ampm_lite,401.bzip2,1024.0,1.0,,,0.9830535069825826,,,0.9890161619331554,1.0
hashed_perceptron,va_ampm_lite,403.gcc,1024.0,1.0,,,0.9978867756645534,,,0.9974418863307752,1.0
hashed_perceptron,va_ampm_lite,410.bwaves,1024.0,1.0,,,0.9293061224489796,,,0.9475918367346938,1.0
hashed_perceptron,va_ampm_lite,416.gamess,1024.0,1.0,,,0.9998841519925856,,,0.9997683039851714,1.0
hashed_perceptron,va_ampm_lite,429.mcf,1024.0,1.0,,,0.9413002314327794,,,0.9582018374360054,1.0
hashed_perceptron,va_ampm_lite,433.milc,1024.0,1.0,,,0.9519031983461023,,,0.9643074303782074,1.0
hashed_perceptron,va_ampm_lite,435.gromacs,1024.0,1.0,,,0.9994406533169259,,,0.9987694372972367,1.0
hashed_perceptron,va_ampm_lite,436.cactusADM,1024.0,1.0,,,0.9618429654020288,,,0.9757644723143597,1.0
hashed_perceptron,va_ampm_lite,437.leslie3d,1024.0,1.0,,,0.9483232545354591,,,0.9602345611141652,1.0
hashed_perceptron,va_ampm_lite,444.namd,1024.0,1.0,,,0.9980520030490387,,,0.9986448716862878,1.0
hashed_perceptron,va_ampm_lite,445.gobmk,1024.0,1.0,,,0.9993378214325129,,,0.9993378214325127,1.0
hashed_perceptron,va_ampm_lite,447.dealII,1024.0,1.0,,,0.9989621172807474,,,0.9990659055526725,1.0
hashed_perceptron,va_ampm_lite,450.soplex,1024.0,1.0,,,0.9474595842956121,,,0.9628560431100845,1.0
hashed_perceptron,va_ampm_lite,453.povray,1024.0,1.0,,,0.9997512437810947,,,1.0,1.0
hashed_perceptron,va_ampm_lite,454.calculix,1024.0,1.0,,,0.9997308692921862,,,0.9998205795281241,1.0
hashed_perceptron,va_ampm_lite,456.hmmer,1024.0,1.0,,,0.998237219843868,,,0.998237219843868,1.0
hashed_perceptron,va_ampm_lite,458.sjeng,1024.0,1.0,,,0.9788968824940049,,,0.9849720223820942,1.0
hashed_perceptron,va_ampm_lite,459.GemsFDTD,1024.0,1.0,,,0.9675514682829973,,,0.9754937820043892,1.0
hashed_perceptron,va_ampm_lite,462.libquantum,1024.0,1.0,,,,,,0.9503415659485024,1.0
hashed_perceptron,va_ampm_lite,464.h264ref,1024.0,1.0,,,0.9914282112693811,,,0.9945796041850499,1.0
hashed_perceptron,va_ampm_lite,465.tonto,1024.0,1.0,,,0.9973724545653601,,,0.9982483030435733,1.0
hashed_perceptron,va_ampm_lite,470.lbm,1024.0,1.0,,,0.9351117039013005,,,0.951783927975992,1.0
hashed_perceptron,va_ampm_lite,471.omnetpp,1024.0,1.0,,,0.9591132489804456,,,0.9697793579420685,1.0
hashed_perceptron,va_ampm_lite,473.astar,1024.0,1.0,,,0.9734933403666095,,,0.9807464064354477,1.0
hashed_perceptron,va_ampm_lite,481.wrf,1024.0,1.0,,,0.9919278252611586,,,0.9943019943019943,1.0
hashed_perceptron,va_ampm_lite,482.sphinx3,1024.0,1.0,,,0.9507624226914054,,,0.9707293666026872,1.0
hashed_perceptron,va_ampm_lite,483.xalancbmk,1024.0,1.0,,,0.9515675046103077,,,0.9640881296709696,1.0
hashed_perceptron,va_ampm_lite,600.perlbench,1024.0,1.0,,,0.9978686694407793,,,0.9987820968233023,1.0
hashed_perceptron,va_ampm_lite,602.gcc,1024.0,1.0,,,0.9798657718120806,,,0.9837627192032907,1.0
hashed_perceptron,va_ampm_lite,603.bwaves,1024.0,1.0,,,0.99911715370354,,,0.9997351461110618,1.0
hashed_perceptron,va_ampm_lite,605.mcf,1024.0,1.0,,,0.9658575620165376,,,0.9754601226993865,1.0
hashed_perceptron,va_ampm_lite,607.cactuBSSN,1024.0,1.0,,,0.9609553624819727,,,0.9607443103872804,1.0
hashed_perceptron,va_ampm_lite,619.lbm,1024.0,1.0,,,0.9356338139131802,,,0.951075395887497,1.0
hashed_perceptron,va_ampm_lite,620.omnetpp,1024.0,1.0,,,0.962959275116997,,,0.972319028178831,1.0
hashed_perceptron,va_ampm_lite,621.wrf,1024.0,1.0,,,1.0,,,1.0,1.0
hashed_perceptron,va_ampm_lite,623.xalancbmk,1024.0,1.0,,,0.9892371601208458,,,0.9922583081570996,1.0
hashed_perceptron,va_ampm_lite,625.x264,1024.0,1.0,,,0.9911533154776396,,,0.9935881827773719,1.0
hashed_perceptron,va_ampm_lite,627.cam4,1024.0,1.0,,,0.9711036539895598,,,0.9837807606263981,1.0
hashed_perceptron,va_ampm_lite,628.pop2,1024.0,1.0,,,0.9387235397103295,,,0.9597326118096451,1.0
hashed_perceptron,va_ampm_lite,631.deepsjeng,1024.0,1.0,,,0.9730788056779247,,,0.9804209495839453,1.0
hashed_perceptron,va_ampm_lite,638.imagick,1024.0,1.0,,,0.99817398290848,,,0.998539186326784,1.0
hashed_perceptron,va_ampm_lite,641.leela,1024.0,1.0,,,0.9994275901545506,,,0.9995706926159131,1.0
hashed_perceptron,va_ampm_lite,644.nab,1024.0,1.0,,,0.999708850931677,,,0.9971855590062112,1.0
hashed_perceptron,va_ampm_lite,648.exchange2,1024.0,1.0,,,1.0,,,1.0,1.0
hashed_perceptron,va_ampm_lite,649.fotonik3d,1024.0,1.0,,,0.943273158518909,,,0.9578995915140336,1.0
hashed_perceptron,va_ampm_lite,654.roms,1024.0,1.0,,,0.9638373797234436,,,0.9733320588797554,1.0
hashed_perceptron,va_ampm_lite,657.xz,1024.0,1.0,,,0.9680895151263985,,,0.9776212184003314,1.0
hashed_perceptron,va_ampm_lite,cassandra,1024.0,1.0,,,,,,0.968309576658733,1.0
hashed_perceptron,va_ampm_lite,classification,1024.0,1.0,,,0.9464194342243123,,,0.9619892302819132,1.0
hashed_perceptron,va_ampm_lite,cloud9,1024.0,1.0,,,0.9359424359424358,,,0.9527904527904527,1.0
hashed_perceptron,va_ampm_lite,nutch,1024.0,1.0,,,0.9441271160037388,,,0.9601897047114619,1.0
perceptron,spp_dev,401.bzip2,1024.0,1.0,,,0.9483327226090142,,,0.9399047270062293,1.0
perceptron,spp_dev,403.gcc,1024.0,1.0,,,0.9928760197633001,,,0.9963231069746065,1.0
perceptron,spp_dev,410.bwaves,1024.0,1.0,,,0.980333268746367,,,0.985758573919783,1.0
perceptron,spp_dev,416.gamess,1024.0,1.0,,,1.0,,,1.0,1.0
perceptron,spp_dev,429.mcf,1024.0,1.0,,,0.9351540820797428,,,0.9597634000292098,1.0
perceptron,spp_dev,433.milc,1024.0,1.0,,,0.9311653802353537,,,0.8735923067189675,1.0
perceptron,spp_dev,435.gromacs,1024.0,1.0,,,0.9987040527803958,,,1.000353440150801,1.0
perceptron,spp_dev,436.cactusADM,1024.0,1.0,,,0.9533296439771258,,,0.989538039897752,1.0
perceptron,spp_dev,437.leslie3d,1024.0,1.0,,,0.9264557144921255,,,0.9697057265327746,1.0
perceptron,spp_dev,444.namd,1024.0,1.0,,,0.9970744680851061,,,0.9977836879432623,1.0
perceptron,spp_dev,445.gobmk,1024.0,1.0,,,1.0,,,1.0,1.0
perceptron,spp_dev,447.dealII,1024.0,1.0,,,0.9997880008479967,,,0.9996820012719951,1.0
perceptron,spp_dev,450.soplex,1024.0,1.0,,,0.9353028377806014,,,0.9718339686573485,1.0
perceptron,spp_dev,453.povray,1024.0,1.0,,,1.0,,,1.0,1.0
perceptron,spp_dev,454.calculix,1024.0,1.0,,,0.9995896594173164,,,0.9996922445629872,1.0
perceptron,spp_dev,456.hmmer,1024.0,1.0,,,0.9979815819351582,,,0.9988646398385265,1.0
perceptron,spp_dev,458.sjeng,1024.0,1.0,,,0.9845644983461962,,,0.9889746416758545,1.0
perceptron,spp_dev,459.GemsFDTD,1024.0,1.0,,,0.9627897198717612,,,0.9736164397960793,1.0
perceptron,spp_dev,464.h264ref,1024.0,1.0,,,0.9893040700097235,,,1.0005556327267675,1.0
perceptron,spp_dev,465.tonto,1024.0,1.0,,,0.9973284760170006,,,0.9984213721918642,1.0
perceptron,spp_dev,470.lbm,1024.0,1.0,,,0.9436262061960384,,,0.9602590147282883,1.0
perceptron,spp_dev,471.omnetpp,1024.0,1.0,,,0.9531368102796675,,,0.9665262930569053,1.0
perceptron,spp_dev,473.astar,1024.0,1.0,,,0.9747409326424871,,,0.9826748704663211,1.0
perceptron,spp_dev,481.wrf,1024.0,1.0,,,0.9915425397626861,,,0.9917950012623074,1.0
perceptron,spp_dev,482.sphinx3,1024.0,1.0,,,0.9782505661172258,,,0.9404918637105693,1.0
perceptron,spp_dev,483.xalancbmk,1024.0,1.0,,,0.952286282306163,,,0.9634194831013917,1.0
perceptron,spp_dev,600.perlbench,1024.0,1.0,,,0.9973903966597076,,,0.9979123173277662,1.0
perceptron,spp_dev,602.gcc,1024.0,1.0,,,0.9824248465453022,,,0.9871727611353025,1.0
perceptron,spp_dev,603.bwaves,1024.0,1.0,,,0.9990939977349942,,,0.9996602491506229,1.0
perceptron,spp_dev,605.mcf,1024.0,1.0,,,0.9618838555178608,,,0.9725603671921771,1.0
perceptron,spp_dev,607.cactuBSSN,1024.0,1.0,,,0.9588417410307777,,,0.9843744308869059,1.0
perceptron,spp_dev,619.lbm,1024.0,1.0,,,0.942984478254188,,,0.9577378208083602,1.0
perceptron,spp_dev,620.omnetpp,1024.0,1.0,,,0.959444158517756,,,0.9703551209469893,1.0
perceptron,spp_dev,621.wrf,1024.0,1.0,,,0.9996360989810772,,,1.0,1.0
perceptron,spp_dev,623.xalancbmk,1024.0,1.0,,,0.987629284120868,,,0.9914824579192861,1.0
perceptron,spp_dev,625.x264,1024.0,1.0,,,0.9887391545135684,,,0.9915082148790845,1.0
perceptron,spp_dev,627.cam4,1024.0,1.0,,,0.9337112010796221,,,0.9468825910931172,1.0
perceptron,spp_dev,628.pop2,1024.0,1.0,,,0.9480654699929199,,,0.9562283953188121,1.0
perceptron,spp_dev,631.deepsjeng,1024.0,1.0,,,0.9779619514032775,,,0.9851196082124695,1.0
perceptron,spp_dev,638.imagick,1024.0,1.0,,,0.9989792198323004,,,0.9993437841779075,1.0
perceptron,spp_dev,641.leela,1024.0,1.0,,,0.9993359893758299,,,0.9998339973439574,1.0
perceptron,spp_dev,644.nab,1024.0,1.0,,,0.9934573444515715,,,0.9939704939063502,1.0
perceptron,spp_dev,648.exchange2,1024.0,1.0,,,0.9998891352549888,,,1.0,1.0
perceptron,spp_dev,649.fotonik3d,1024.0,1.0,,,0.9179285010303737,,,0.9461517785144702,1.0
perceptron,spp_dev,654.roms,1024.0,1.0,,,0.9455515455829281,,,0.9563784716773889,1.0
perceptron,spp_dev,657.xz,1024.0,1.0,,,0.9713710579288749,,,0.9749496756877656,1.0
perceptron,spp_dev,cassandra,1024.0,1.0,,,0.9368227990970656,,,0.9535835214446952,1.0
perceptron,spp_dev,classification,1024.0,1.0,,,0.9198540879173165,,,0.9693637493061245,1.0
perceptron,spp_dev,cloud9,1024.0,1.0,,,0.9442927362097215,,,0.9244492991079558,1.0
perceptron,spp_dev,nutch,1024.0,1.0,,,0.9458872780835724,,,,1.0
